id,name,artist,genres,danceability,energy,key,loudness,mode,speechiness,acousticness,instrumentalness,liveness,valence,tempo,duration_ms,time_signature,cluster,cluster_label
000cWn6wvyXgeeTlT6wYGW,Dohre Mahiye,Atta Ullah Khan Esakhelvi,"['ghazal', 'qawwali']",0.309,0.546,7,-8.073,1,0.0316,0.862,1.18e-06,0.0967,0.453,84.557,1129670,4,3,Acoustic Chill
00AvRdWAm4Vk1aBvYSlrSp,Super Man,Alisha Chinai,['bollywood'],0.511,0.771,10,-8.615,1,0.0505,0.337,1.09e-06,0.601,0.745,157.496,290027,4,0,Energetic Happy
00B7TZ0Xawar6NZ00JFomN,Best Life (feat. Chance The Rapper),Cardi B,[],0.62,0.625,9,-7.438,1,0.553,0.287,0.0,0.314,0.665,167.911,284856,4,2,Instrumental Calm
00CfiYZe1A4CnC6ZAkzAv6,Sagar Ke Jaisa Hai,Runa Laila,['ghazal'],0.515,0.568,6,-10.213,0,0.0377,0.705,9.46e-06,0.553,0.783,121.808,473678,4,0,Energetic Happy
00JEiwt4RLRbK4HEVkTHwc,Jump (feat. Kirko Bangz and Sage The Gemini),Derek King,['pop'],0.711,0.642,4,-5.315,0,0.0287,0.00367,0.0,0.0809,0.256,97.942,208867,4,2,Instrumental Calm
00VvxxVsjUuMbW7Cv9xMxT,Haje Latha Nahio Akhiyan Da Cha,Nusrat Fateh Ali Khan,"['sufi', 'qawwali']",0.463,0.506,1,-14.659,1,0.0504,0.271,1.79e-05,0.889,0.724,100.532,286342,4,0,Energetic Happy
00ZYq3QG6VzeWF8R8V0qJ7,Sita Bhi Jahan Sukh Paa Na Saki - Lakshmi / Soundtrack Version,Mahendra Kapoor,['bollywood'],0.549,0.304,9,-14.172,1,0.0299,0.942,0.0705,0.0918,0.399,94.099,383813,4,1,Dance Party
00ixZkinakaeqDca5KP9Av,Diamantes,La Puri,['pop'],0.828,0.673,7,-6.085,1,0.109,0.205,1.89e-05,0.0834,0.595,103.991,198462,4,2,Instrumental Calm
00uNGkRrqfbjNLHUhTL4OT,Kahani Pyar Ki,Pankaj Udhas,['ghazal'],0.493,0.391,0,-13.795,1,0.114,0.0752,0.0,0.0749,0.46,82.506,450445,4,1,Dance Party
00vTwnRP7Gf4OzPCmDb3HW,Nit Khair Manga Sohneya,Nusrat Fateh Ali Khan,['qawwali'],0.403,0.565,5,-15.817,1,0.0821,0.225,0.0,0.604,0.843,105.268,919532,4,3,Acoustic Chill
012fEPRwJGP61gasEmVgvc,Bulleya,Nabeel Shaukat Ali,['sufi'],0.743,0.661,2,-6.805,1,0.0543,0.568,0.0,0.0931,0.55,107.968,215760,4,2,Instrumental Calm
01AEhjny7va4StNOcsXGr3,Bij jou,Andy de Witt,['pop'],0.596,0.627,10,-6.68,1,0.0343,0.497,1.11e-06,0.13,0.408,105.095,231000,4,2,Instrumental Calm
01FiFw8wzS8YJ8oNdVEMN9,Sajna Tere Bina,Rahat Fateh Ali Khan,['qawwali'],0.647,0.676,0,-6.101,1,0.0365,0.104,0.0,0.276,0.689,133.95,276880,4,2,Instrumental Calm
01Lut8W3laY1TODkn7eCPq,Badlapur Mashup,Atif Aslam,['sufi'],0.669,0.779,3,-4.437,0,0.0348,0.119,0.0,0.145,0.436,131.941,169091,4,2,Instrumental Calm
01U9cggfSQpH8jJKnOHVOy,Dairo-Haram,Jagjit Singh,['ghazal'],0.576,0.811,7,-7.428,1,0.0369,0.462,0.00329,0.167,0.953,173.996,277680,4,0,Energetic Happy
01nGCDRblBtcIYRA5afkXh,Hamne Tumko Dil Ye De Diya,Anand Raj Anand,['bollywood'],0.487,0.737,9,-6.209,0,0.0898,0.361,0.0,0.206,0.316,83.203,322693,4,0,Energetic Happy
01qMOMudbkIHZS9BFPUGNk,Let It Be Me (feat. Ava Max),David Guetta,[],0.743,0.529,7,-6.187,0,0.0505,0.128,0.0,0.181,0.438,102.048,172933,4,2,Instrumental Calm
01s1HGlw9yqT0U242yffBb,Majesty (with Labrinth & feat. Eminem),Nicki Minaj,[],0.837,0.728,11,-5.212,0,0.184,0.311,0.0,0.105,0.566,78.518,295653,4,2,Instrumental Calm
01th7aqQS0HgrAkq4M7sge,Gore Gore Galoon,Sabri Brothers,['sufi'],0.476,0.733,7,-7.635,1,0.209,0.754,0.0,0.134,0.771,187.214,791702,3,0,Energetic Happy
023tG2Dci79AX7IARlxEdz,Saher Qareeb Hai,Rahat Fateh Ali Khan,['qawwali'],0.695,0.924,7,-2.191,0,0.0715,0.19,0.0015,0.13,0.606,131.929,529369,4,2,Instrumental Calm
024NQ7jCVO0QeUlzMeGExA,Dum Dum Karo Fareed,Nusrat Fateh Ali Khan,['qawwali'],0.411,0.84,0,-10.817,0,0.051,0.209,0.00223,0.388,0.961,173.729,798331,4,0,Energetic Happy
02ChHynAsP88iTSNEdT770,Abke Hum Bichhre,Mehdi Hassan,"['ghazal', 'sufi']",0.313,0.169,0,-24.743,1,0.0806,0.867,0.0532,0.682,0.28,76.667,1007935,4,1,Dance Party
02Jk9LuQmKe6YYFfcRdXpY,Faded (Interlude),Alan Walker,[],0.347,0.306,6,-19.755,1,0.038,0.761,0.967,0.166,0.0862,179.792,41867,4,4,Rap / Spoken
02KJec6BzGkp0V2VrwqlsG,Sapradayik Sampurn Kakad Aarti Jai Jai Ram Krushn Hari Vol -1,Suresh Wadkar,['bollywood'],0.52,0.786,3,-3.275,0,0.0534,0.39,0.0,0.159,0.699,105.985,1977835,4,3,Acoustic Chill
02MciGGR8UBsuyOR9l0qY9,Chandni Ratiya,Anuradha Paudwal,['ghazal'],0.783,0.805,8,-3.773,1,0.0801,0.554,1.41e-05,0.444,0.917,124.627,144236,3,2,Instrumental Calm
02QJuENoDg2D4z1aFMb7FP,Hum Chale,Manoj Mishra,['sufi'],0.639,0.588,5,-10.739,0,0.0855,0.307,4.1e-06,0.11,0.401,87.488,317289,4,2,Instrumental Calm
02iXInevQEAlihE3IPF0eh,Finesse (Remix) [feat. Cardi B],Bruno Mars,[],0.704,0.859,5,-4.877,0,0.0996,0.0185,0.0,0.0215,0.926,105.115,217289,4,2,Instrumental Calm
02lIK0LnOcRW47Zm6zQm7A,Everyday,Logic,['pop'],0.667,0.741,1,-4.099,1,0.0378,0.0425,0.0,0.0761,0.422,149.908,204747,4,2,Instrumental Calm
02qxPaTEVGBFfLWgSPXgVy,Chitrakoot Ke Ghat Ghat Pe - Ram Bhajan,Vinod Rathod,['bollywood'],0.629,0.914,8,-4.205,0,0.111,0.484,0.0,0.342,0.782,86.934,351724,4,0,Energetic Happy
038xlI5AhXCNS10znxDqTh,Madhvanti (Kheyal) [Live],Javed Bashir,['qawwali'],0.377,0.724,3,-6.758,0,0.0613,0.456,0.0,0.129,0.262,112.776,887760,4,0,Energetic Happy
03HLdP2kz2NzkJtGZOUBei,Another Man's House (Durkin Remix),Midas Hutch,['pop'],0.915,0.648,10,-5.957,0,0.139,0.101,0.000572,0.0654,0.318,124.02,248058,4,2,Instrumental Calm
03It1uO69CjGWP3yyVe465,Chun Swae (feat. Swae Lee),Nicki Minaj,[],0.848,0.421,10,-8.025,0,0.0648,0.0656,0.00151,0.136,0.212,141.01,370440,4,2,Instrumental Calm
03MIk5A5Otva0TN4zFcPQt,Niki Jai Gal To,Atta Ullah Khan Esakhelvi,['ghazal'],0.564,0.746,8,-6.364,0,0.0349,0.467,0.000357,0.363,0.569,124.749,451707,4,0,Energetic Happy
03NqxuvqY73qcNPHhAXWyT,Dervişlik Dedikleri,Oruç Güvenç ve Tümata,['sufi'],0.594,0.362,4,-7.75,0,0.0355,0.903,0.0,0.119,0.562,84.479,214000,4,1,Dance Party
03cnduvSmtMO1XdgISuc48,Aa Mere Humjoli Aa,Lata Mangeshkar,['bollywood'],0.457,0.593,6,-8.986,1,0.0575,0.914,0.126,0.182,0.824,95.738,359053,4,1,Dance Party
03f2Q9Z8eaF8lPfNL6x3x7,Don't Let The Sun Go Down On Me,Miley Cyrus,[],0.385,0.757,5,-5.378,1,0.0584,0.395,7.3e-05,0.133,0.357,139.869,335814,4,0,Energetic Happy
03fRBhA1oXSaYIflr6uZob,MAIN AASHIQ HOON BAHARON KA,Mukesh,['bollywood'],0.341,0.347,5,-15.225,1,0.043,0.791,0.000228,0.251,0.741,81.618,303960,4,1,Dance Party
03iVbbD3WLK8HzUoxtvsIW,"Badi Mare Kamariya Lahariya Ho - From ""Bharat Mata Ki Jai""",Indu Sonali,['pop'],0.817,0.945,6,-6.542,1,0.13,0.207,3.59e-06,0.123,0.873,136.031,193235,4,2,Instrumental Calm
03uubE0qRPcTwmkJwWYRqk,Woh Nahi Mera Magar,Ghulam Ali,['ghazal'],0.688,0.597,3,-6.302,1,0.0299,0.454,5.01e-06,0.059,0.421,128.036,567696,1,2,Instrumental Calm
04979YpTwVEkgILvGPXOeF,Aa Bhi Rut Badlne Lagi,Nusrat Fateh Ali Khan,['qawwali'],0.46,0.439,5,-17.635,1,0.0426,0.514,3.2e-05,0.317,0.661,134.018,646000,3,1,Dance Party
049eNKCCLoQfHFve0Wa7xt,Madad Kun Ya Habibi Ya Rasool Allah,Chhote Majid Shola,['qawwali'],0.64,0.716,11,-8.653,1,0.063,0.168,0.0,0.0936,0.84,122.791,1100787,4,2,Instrumental Calm
04EGnrKN9aHEZHkPEAuJxJ,"Subah Ki Garmi - From ""It Happened In Calcutta""",Papon,['bollywood'],0.625,0.606,2,-7.434,1,0.0242,0.567,0.000467,0.118,0.44,108.011,266389,1,2,Instrumental Calm
04OERuULAbFq54j25v5dZ4,Finesse (James Hype Remix) [feat. Cardi B],Bruno Mars,[],0.698,0.76,5,-5.798,0,0.106,0.28,3.63e-05,0.0577,0.793,122.877,235732,4,2,Instrumental Calm
04ORZcOZIedNKdmPp8kY7w,Tere Bina - Remix Version,Rahat Fateh Ali Khan,"['sufi', 'qawwali']",0.647,0.843,11,-3.796,0,0.0347,0.00112,0.00964,0.0704,0.473,131.968,320667,4,2,Instrumental Calm
04RXKFeW40NA9gw8Qk5Qmy,Ni Mela,Shehzad Roy,['sufi'],0.748,0.652,1,-13.492,0,0.0389,0.0503,8.29e-06,0.239,0.661,127.874,221840,4,2,Instrumental Calm
04RaThB20KTtI8wwXASw3L,Only Want You - Recorded at Spotify Studios NYC,Rita Ora,[],0.473,0.359,10,-6.126,0,0.0537,0.775,0.0,0.0997,0.733,82.37,142177,4,1,Dance Party
04ZTP5KsCypmtCmQg5tH9R,I'm a Mess,Bebe Rexha,[],0.63,0.694,11,-6.257,0,0.0253,0.00281,0.0,0.0719,0.216,97.005,195519,4,2,Instrumental Calm
04bSh5WWt311Q3KORqSgdl,Mujhme Har Rang Ab Tumhara Hai,Jafar Husain Khan Badauni & Party,['qawwali'],0.368,0.499,11,-13.099,1,0.0686,0.889,0.0901,0.365,0.378,122.076,588000,4,1,Dance Party
04xs1gxrRCxdihXRBvi32R,Mujhko Khud Se,Kavita Seth,['sufi'],0.489,0.558,2,-9.979,0,0.0606,0.336,8.43e-05,0.0679,0.154,170.939,397214,4,2,Instrumental Calm
050BAbr8lNW7rFUWmkjF3U,Kyu Na Ho,Benny Dayal,['bollywood'],0.622,0.447,10,-8.963,0,0.0317,0.812,0.000147,0.125,0.531,126.064,261905,3,1,Dance Party
052pBuDNGs7hRnrlXYvaYR,Voh Ishq Jo Hamse,Farida Khanum,"['ghazal', 'sufi']",0.629,0.478,6,-7.906,1,0.045,0.922,0.0173,0.187,0.538,132.178,326013,3,1,Dance Party
056ajSBHEO3DbOtMM6jaoE,Kivain Mukhre Toon Nazran Hatawan - Complete Original Recording,Nusrat Fateh Ali Khan,['qawwali'],0.402,0.81,1,-5.087,1,0.0851,0.584,0.0,0.261,0.638,118.183,1312515,4,0,Energetic Happy
057ujSoF2wc5o0Qk5R2MRa,Udeekan Wich Raat Lang Gayi,Nusrat Fateh Ali Khan,['qawwali'],0.445,0.626,5,-12.902,0,0.0776,0.616,0.122,0.671,0.848,99.924,882404,4,3,Acoustic Chill
05K3fqqAsnDUcpAfzRasNq,O Priya Priya,Anuradha Paudwal,['ghazal'],0.323,0.604,1,-8.735,0,0.0387,0.919,0.00332,0.165,0.397,147.288,363174,4,0,Energetic Happy
05fVrhFBjfElZiDfHDRxhF,Let's Shut Up & Dance,Jason Derulo,[],0.765,0.893,6,-2.891,0,0.209,0.042,0.000271,0.0331,0.715,110.051,208261,4,2,Instrumental Calm
05ilXDXNtWZzQwJLMt84B2,Bolo Jai Ganesh Deva,Anup Jalota,['ghazal'],0.456,0.655,5,-7.82,1,0.0925,0.663,0.0,0.352,0.733,91.469,251326,3,0,Energetic Happy
05rgxW2lW2SvhEaU0B8bU5,Ya Hayyo Ya Qayyum,Nusrat Fateh Ali Khan,"['sufi', 'qawwali']",0.508,0.812,1,-6.404,1,0.066,0.563,0.0,0.86,0.695,101.717,1053959,4,3,Acoustic Chill
05xJLiBNqKLcoPq3814YNC,Odam Kireç Tutmuyor,Ahmet Senyüz,['sufi'],0.472,0.619,2,-5.322,0,0.0322,0.42,0.917,0.119,0.398,95.413,287280,5,4,Rap / Spoken
05yPS5UZkzPsW0IjYfykWV,Enna Pyar Ni,Gurdas Maan,['sufi'],0.611,0.634,6,-10.447,1,0.172,0.184,9.58e-06,0.201,0.88,89.669,325173,4,2,Instrumental Calm
063fMQR4ovHXH5PwO2hJm5,Dil Hi Tu Hai,Farida Khanum,['sufi'],0.416,0.256,7,-15.649,0,0.0428,0.98,0.0569,0.13,0.401,115.831,318360,3,1,Dance Party
06LFFPPS7MylCZXps3cO4m,Who Shot Cupid?,Juice WRLD,[],0.758,0.932,3,-2.809,1,0.0372,0.0558,0.0,0.097,0.592,125.993,214246,4,2,Instrumental Calm
06N8hlAzBhmqiw6Lmajqtj,Budhwa Bhi Ho Jaayega Deewana,Manoj Mishra,['sufi'],0.514,0.866,6,-5.056,1,0.191,0.658,0.0,0.292,0.909,122.059,255988,4,0,Energetic Happy
06NThuqBnPTTpeTniKpajk,Sur Sangeet,Noor Jehan,['bollywood'],0.522,0.267,4,-14.163,1,0.0324,0.856,2.06e-06,0.106,0.619,108.161,254627,4,1,Dance Party
06YDc5ZF8UkbtAOcQYSjeG,2002,Anne-Marie,['pop'],0.697,0.683,1,-2.881,0,0.116,0.0372,0.0,0.137,0.606,96.134,186987,4,2,Instrumental Calm
06eiNQF1LOO9rxFq2xcxpl,Way Main Aa Gayee Aan,Alam Lohar,['sufi'],0.585,0.702,6,-8.506,0,0.206,0.237,3.23e-06,0.301,0.781,96.132,374987,4,2,Instrumental Calm
06esTPbBLd9a7Kwk51y52i,Allah Allah Hoo,Sain Zahoor Ahmed,['sufi'],0.641,0.72,10,-6.604,1,0.0477,0.512,0.0334,0.327,0.533,143.803,862998,4,2,Instrumental Calm
06rc4VcvXnDhlEFoNuTTbl,Shesh Holo Tor Abhijan,Pankaj Mullick,['bollywood'],0.349,0.103,8,-17.952,0,0.0378,0.995,0.742,0.119,0.298,70.804,200014,4,4,Rap / Spoken
073OlDJmxUtgKsGlf0l5uu,TAN PITAMBAR,Anup Jalota,['bollywood'],0.605,0.666,2,-5.237,0,0.0989,0.571,0.0,0.348,0.622,89.977,237538,4,2,Instrumental Calm
077CmuFNgQxTEyI3axaS14,Zidi Rana Hik Wajda Ni,Naseebo Lal,['sufi'],0.693,0.88,2,-2.555,1,0.174,0.163,4.17e-06,0.072,0.62,125.497,288188,4,2,Instrumental Calm
07BCtoJYFOi8Nfco4ZrtZb,Just Dance,Lady Gaga,[],0.825,0.717,1,-5.26,0,0.0318,0.0252,7.77e-06,0.189,0.716,118.98,242333,4,2,Instrumental Calm
07Bo6LCspGBCGoiSjPb16m,Kathmandu,Johnny Madsen,['pop'],0.563,0.828,0,-5.914,1,0.0395,0.0137,6.88e-05,0.134,0.917,135.517,273947,4,2,Instrumental Calm
07KNSOMtdtW2In7Lb0SE87,Ishq Da Val Agaya,Naseebo Lal,"['ghazal', 'sufi']",0.687,0.912,0,-7.245,1,0.114,0.162,1.18e-05,0.377,0.739,113.056,414973,4,2,Instrumental Calm
07PleZfbhN8To4RcgoxAef,Sorry Not Sorry,Demi Lovato,[],0.701,0.67,11,-6.879,0,0.223,0.0255,0.0,0.217,0.901,143.927,199547,4,2,Instrumental Calm
07WPJ4BqKkqj0VcsSgNXbh,"Raatan Kaaliyan Chaiyan (From ""Naji"")",Zubaida Khanum,['ghazal'],0.314,0.498,1,-8.516,0,0.042,0.947,1.26e-05,0.428,0.588,140.005,199333,3,1,Dance Party
07hviMwjvjldFbjOjGX60L,Utha Do Parda Dikha Do,Alhajj Muhammad Owais Raza Qadri,['sufi'],0.327,0.263,10,-8.875,1,0.0532,0.89,0.0,0.196,0.238,180.281,385052,5,1,Dance Party
0821DWL4n7T1RoXbLBzPOE,Yeh Sila Mila Hai Mujhko,Munni Begum,['ghazal'],0.543,0.628,1,-8.243,0,0.0438,0.54,5.66e-05,0.138,0.526,88.75,457566,4,2,Instrumental Calm
085HCaiND3pQt9YXVf1N0T,Guru Prem Ma Khelat Hori,Suresh Wadkar,['bollywood'],0.652,0.531,2,-8.694,0,0.0428,0.752,1.39e-05,0.239,0.726,95.897,437543,4,1,Dance Party
089JCtWpBEFd9okPxJp52u,Gham e Hijr E Mustafa Mein,Alhajj Muhammad Owais Raza Qadri,['sufi'],0.608,0.572,6,-3.507,1,0.0274,0.769,0.0,0.128,0.667,82.442,266053,4,1,Dance Party
08XPBpcYyxfkk09KciNFZx,Baat Karni Tujhey,Mehdi Hassan,['ghazal'],0.37,0.372,0,-12.286,1,0.0455,0.992,0.917,0.171,0.39,72.789,238907,4,4,Rap / Spoken
08XzRV4mGjGwbpvYw68xBk,Tu Mere Samne,Lata Mangeshkar,['bollywood'],0.436,0.405,7,-13.95,0,0.0351,0.732,0.0,0.238,0.638,102.185,366573,4,1,Dance Party
08YAZ0TEQuCtg8RL9KACBY,Man Kunto Maula,Aziz Mian,['qawwali'],0.453,0.871,7,-8.986,1,0.235,0.145,0.00862,0.943,0.655,72.248,216000,4,0,Energetic Happy
08YDTwvVNFbmpMa4kPfZJ3,Jiyo Dhola Jiyo Dhola,Noor Jehan,['ghazal'],0.316,0.342,8,-9.147,1,0.0322,0.881,1.5e-05,0.119,0.41,84.227,189333,4,1,Dance Party
08ZvEanN24fP8bKvyg3jSY,Umangen Dil Ki Machli,Noor Jehan,['ghazal'],0.466,0.371,9,-10.51,0,0.0383,0.988,0.203,0.212,0.625,129.285,229293,4,1,Dance Party
08bNPGLD8AhKpnnERrAc6G,FRIENDS,Marshmello,[],0.626,0.88,9,-2.384,0,0.0504,0.205,0.0,0.128,0.534,95.079,202621,4,2,Instrumental Calm
08l2HLSvaMCk7NiHcNwAm9,"Tick Tick Tick - From ""The Villain""",Kailash Kher,['sufi'],0.695,0.926,7,-5.798,1,0.137,0.264,4.41e-05,0.0476,0.542,132.938,230249,4,2,Instrumental Calm
08l6azk1qqtptWvQtcargz,Saif-ul-muluk,Atta Ullah Khan Esakhelvi,['ghazal'],0.475,0.411,2,-16.249,1,0.0458,0.841,0.00549,0.515,0.748,111.753,922625,4,1,Dance Party
08mPzEqISJKuj7V9QG7UH3,Ho Jaye Je Pyar Te Sona Bhul Jaunda,Nusrat Fateh Ali Khan,['qawwali'],0.483,0.541,2,-14.148,0,0.0803,0.232,0.00443,0.345,0.676,139.769,408600,4,0,Energetic Happy
08uX2yoVzomRlm4dtk9oSJ,De Elastiekjes Man,Dimitri Van Toren,['pop'],0.622,0.525,1,-14.487,1,0.0345,0.648,0.16,0.141,0.803,83.191,270610,4,1,Dance Party
08xhR9ZPrWtXF8Syha20ZD,Jado Da Tu Rus Gayo,Nusrat Fateh Ali Khan,['qawwali'],0.582,0.81,7,-7.487,1,0.124,0.000655,4.06e-05,0.17,0.615,180.236,274730,4,2,Instrumental Calm
0905nBQSH6IGDXY04kuJn5,Jab Tera Khat Kabhi Seene Se Lagaya Maine,Anuradha Paudwal,['ghazal'],0.547,0.294,11,-14.734,0,0.0271,0.765,2.71e-06,0.091,0.458,95.695,410444,4,1,Dance Party
090ysk0C81I2Mbos18ScKN,Devet dana ljubimo se,Jasmin Muharemovic,['pop'],0.366,0.327,9,-17.711,1,0.106,0.626,0.0,0.111,0.899,187.344,216165,3,1,Dance Party
091jhaQGN3Npzisp2YtG1B,Bedard Dhola,Atta Ullah Khan Esakhelvi,['qawwali'],0.493,0.608,2,-9.439,1,0.0387,0.736,0.176,0.0465,0.797,147.275,474973,3,1,Dance Party
0939eX5RiDtRDCIJdxADk1,Man Mohan Nand Kishore,Nitin Mukesh,['bollywood'],0.471,0.476,4,-10.183,1,0.0499,0.71,0.000945,0.68,0.76,78.249,283261,4,1,Dance Party
099qiaBBl3A9LroTyzZhLZ,Kawari Matyar Main,Noor Jehan,['ghazal'],0.622,0.486,3,-11.339,0,0.053,0.767,1.02e-05,0.121,0.946,79.235,302973,4,1,Dance Party
09FfQO3PqHO4HIJL511Ksi,Nice Guy (with Jessie Reyez),Eminem,[],0.65,0.639,8,-5.962,1,0.458,0.0942,0.0,0.135,0.563,139.226,150802,4,2,Instrumental Calm
09IOPhEh1OMe0HD9b36FJk,Over Now,Post Malone,[],0.559,0.761,4,-4.041,0,0.0877,0.131,1.6e-06,0.143,0.24,163.898,246987,4,2,Instrumental Calm
09IStsImFySgyp0pIQdqAc,The Middle,Zedd,[],0.753,0.657,7,-3.061,1,0.0449,0.171,0.0,0.112,0.437,107.01,184732,4,2,Instrumental Calm
09ODGbb9DDn8OabDgaTOk9,Savi Mora Keen,Atta Ullah Khan Esakhelvi,['sufi'],0.351,0.742,3,-5.671,0,0.0743,0.462,0.0,0.103,0.569,177.463,556274,3,0,Energetic Happy
09QsuRq3Lez9wFEoltDD6J,Mangte Hain Karam,Nusrat Fateh Ali Khan,['qawwali'],0.513,0.628,10,-7.314,0,0.047,0.846,0.015,0.904,0.739,117.821,1801519,3,3,Acoustic Chill
09UsTjbM5UWaKzw3cz3gYi,NO LIE,Mehdi Hassan,['bollywood'],0.492,0.672,7,-10.77,1,0.165,0.595,0.283,0.248,0.477,100.558,130770,4,0,Energetic Happy
09YAdDlH7DoyPEqYIsrufn,"Angootha Dil Wali Bahi Te (From ""Jabral"")",Salma Agha,['ghazal'],0.53,0.759,10,-6.252,0,0.0535,0.766,0.000916,0.193,0.794,80.896,290160,4,0,Energetic Happy
09bg8ttkZsC2Jxe3mpBTAk,Ve Tu Nai Aya,Atta Ullah Khan Esakhelvi,['qawwali'],0.627,0.479,5,-13.444,1,0.0527,0.461,9.45e-05,0.0771,0.688,158.237,424020,4,1,Dance Party
09fXNqFOI4WhygekbqKH6i,Swag Se Swagat - Arabic Version,Vishal-Shekhar,['bollywood'],0.81,0.541,1,-9.293,1,0.0995,0.0208,0.000399,0.256,0.26,105.944,235053,4,2,Instrumental Calm
09jZvawuwroKaBPzP13ft8,Sebeb-i Hilkat-i Alem Yüceden Sesleniyor,Mehmet Kemiksiz,['sufi'],0.268,0.436,9,-6.929,1,0.0415,0.722,8.44e-05,0.208,0.3,65.758,366393,4,1,Dance Party
09kXDDVUQSrblsS8QiNQyn,Chali Sahnwan Di Haneeri,Naseebo Lal,['sufi'],0.716,0.739,10,-4.67,1,0.055,0.54,6.56e-06,0.0916,0.737,145.932,284287,4,2,Instrumental Calm
09lmraDvzBT3pUQ2rUtJzK,14-Mar,Drake,[],0.558,0.415,10,-7.355,0,0.358,0.406,0.0,0.36,0.317,127.096,309560,4,2,Instrumental Calm
09oZ9eXQ2fo6YDrPzJqAoP,Outta My Head (with John Mayer),Khalid,[],0.729,0.545,0,-7.818,1,0.0316,0.0174,0.000274,0.369,0.514,103.012,177067,4,2,Instrumental Calm
09qwJ52yCmCC10eh5xcTdz,"Kopi Kopi Bolale Suruj Dev (From ""Chhath Mahima"")",Anuradha Paudwal,['ghazal'],0.447,0.476,7,-9.245,1,0.031,0.697,0.0,0.0919,0.856,191.981,206307,3,1,Dance Party
09s65KcHa2ns0Zyd6rs8Jx,Sanu Ik Pal Chain Na Aawe,Rahat Fateh Ali Khan,['qawwali'],0.469,0.78,5,-6.55,1,0.0409,0.222,0.139,0.39,0.756,136.117,508772,4,0,Energetic Happy
0AAssPQFl1efEmOARQP7VC,Ruka Ruka,Shalmali Kholgade,['bollywood'],0.37,0.48,0,-7.116,1,0.04,0.755,0.0,0.102,0.164,76.461,243947,4,1,Dance Party
0AJFxVifSLQNiOw67GMrN6,Oh Humnasheen,Yasser Desai,['bollywood'],0.566,0.678,6,-6.571,1,0.0361,0.613,0.0,0.192,0.648,75.947,338092,4,2,Instrumental Calm
0AOvD8LrdeDVDaLzSB7YsM,Perfect,Ed Sheeran,[],0.3,0.245,7,-12.223,1,0.0429,0.962,0.902,0.115,0.496,96.813,224803,3,4,Rap / Spoken
0Aj9mjOpjS2TbgSB6sdXNo,Running,Dua Lipa,[],0.62,0.694,10,-3.739,0,0.0311,0.0178,0.0,0.19,0.319,98.002,221947,4,2,Instrumental Calm
0AmjoOwf1G8MB8SEG1AOGi,Colors,Jason Derulo,[],0.717,0.859,8,-4.514,1,0.205,0.0435,0.0,0.0625,0.546,119.847,199728,4,2,Instrumental Calm
0AnTjDQQd2RIzdUni6e0Vg,Saweray Saweray,Sabri Brothers,['qawwali'],0.357,0.395,1,-13.211,1,0.0561,0.959,1.25e-06,0.113,0.454,90.65,485707,4,1,Dance Party
0ApAtUKKCBzyVxwMJA2OQS,Re Mann Sai Naam Tu Bhaj Le,Anuradha Paudwal,['ghazal'],0.436,0.412,7,-8.422,1,0.03,0.97,4.23e-06,0.146,0.524,81.901,421158,4,1,Dance Party
0ApkFFU362NocXTexqWPYn,Sunshine,Sia,[],0.357,0.831,6,-3.99,0,0.0586,0.0881,0.0,0.0629,0.607,137.864,205987,5,0,Energetic Happy
0B2SJiOgkAYdGrJcdwNcyf,Dwar Dwar Hoon Bhatki Maiya,Anuradha Paudwal,['ghazal'],0.497,0.537,0,-8.477,0,0.0331,0.856,1.41e-06,0.351,0.863,89.09,309107,4,1,Dance Party
0B4cxZYTAHDBVXehznSHXy,Door Door Rehnde O,Hans Raj Hans,['sufi'],0.468,0.789,2,-9.859,1,0.0394,0.366,0.00161,0.0816,0.907,85.692,391800,4,0,Energetic Happy
0B7mTh64XSx5myv1BwlMmH,Tell Me You Love Me - Recorded at Spotify Studios NYC,Demi Lovato,[],0.563,0.554,3,-7.181,0,0.0371,0.269,0.0,0.379,0.315,82.043,247360,4,2,Instrumental Calm
0BJ9uj0yoajRmKtSaqiaXo,Sukhan Tenu Labhna Aen,Nusrat Fateh Ali Khan,['sufi'],0.341,0.884,5,-7.794,0,0.218,0.876,3.97e-06,0.917,0.557,108.715,884516,4,0,Energetic Happy
0BMECA4oSHxXNAe3uMgCE1,Om Jai Lakshmi Mata Aarti,Anuradha Paudwal,['ghazal'],0.529,0.732,6,-6.097,1,0.0488,0.232,0.0,0.235,0.95,95.689,309428,4,0,Energetic Happy
0BQGTFa3ofZcsTARjFMEXG,"Snehidhane, Pt. 2",Sadhana Sargam,['bollywood'],0.77,0.345,8,-14.694,1,0.0403,0.359,1.42e-06,0.0707,0.496,104.032,293987,4,1,Dance Party
0BXgpAh7laQHVZdw9HPhLv,Je Tu Rab Noon Manona,Nusrat Fateh Ali Khan,['sufi'],0.512,0.73,8,-7.634,0,0.0494,0.763,0.183,0.814,0.586,116.045,819116,4,0,Energetic Happy
0Bl6rcToeurOfjXqEVvzmO,Phiroon Dhoondta Maikadah Tauba Tauba,Nusrat Fateh Ali Khan,['qawwali'],0.463,0.595,5,-5.952,1,0.0547,0.718,0.00163,0.556,0.441,143.379,1623153,4,3,Acoustic Chill
0BtztMzDoyk0rCDrgJbFA9,A Lwan Kon Yat,Tharr Gyi,['pop'],0.56,0.772,0,-4.703,1,0.0336,0.14,0.0,0.109,0.417,159.951,248893,4,2,Instrumental Calm
0BvsW7mrngjAiaNuO8apld,Saath Chhutega Kaise Mera Aap Ka,Chandan Dass,['ghazal'],0.537,0.662,3,-7.145,0,0.0403,0.862,0.0186,0.0989,0.952,143.229,279560,3,0,Energetic Happy
0ByqM6Uo4hzh1RZzHMM70v,Rich & Sad,Post Malone,[],0.591,0.573,2,-5.016,1,0.0889,0.192,0.0,0.0968,0.257,152.08,206453,4,2,Instrumental Calm
0C7cgZrA0bmN02i4ND1tpY,Sing Your Little Heart Out - Take the Bench Demo from Pier 21,Sloan,['pop'],0.336,0.745,4,-8.926,1,0.039,0.0118,0.0,0.344,0.641,127.368,158440,4,0,Energetic Happy
0CGCF8s0pC7gTvImjDVTRe,Chhup Chhup Ke Piyo,Ghulam Ali,['sufi'],0.599,0.649,1,-10.744,1,0.0348,0.448,1.76e-05,0.195,0.702,99.967,323560,4,2,Instrumental Calm
0CJlSNiW1wXHqqV2YRMAzk,Pind Diyan Galiyan,Gurdas Maan,['sufi'],0.644,0.808,9,-6.175,1,0.104,0.233,0.0,0.105,0.778,82.025,388173,4,2,Instrumental Calm
0CSmFSb1TzdHE7LQItPOO8,"Om Karpur Gauram Karunavtaram,Sansar Saaram",Anuradha Paudwal,['ghazal'],0.451,0.198,4,-8.188,1,0.0423,0.993,0.00152,0.13,0.642,127.158,361500,1,1,Dance Party
0CVfovmUv7BnemOyTtOcbL,Sanam Re,Mithoon,['bollywood'],0.581,0.71,7,-4.961,0,0.0374,0.395,0.0,0.137,0.755,111.969,308714,4,2,Instrumental Calm
0CWPN0NkQtzHHrfMRtTRG3,Akhiyan Taras Gaiyan Dhola,Rahat Fateh Ali Khan,['qawwali'],0.374,0.723,9,-7.024,1,0.0807,0.221,0.0,0.307,0.908,81.915,597252,4,0,Energetic Happy
0Cdb4HLLS1NghGKSeUrPR5,Jhoole Jhoole Lal - Junglist Version,Nusrat Fateh Ali Khan,['sufi'],0.683,0.596,10,-15.108,0,0.193,0.00247,0.193,0.338,0.574,165.922,374507,4,2,Instrumental Calm
0CfmNX2TXk7yoJqHJiixnp,She Bad,Cardi B,[],0.791,0.504,10,-7.864,1,0.266,0.0183,0.0,0.0963,0.355,159.949,230953,4,2,Instrumental Calm
0CiL8vBIQMI1dJFLVmyweG,"Varugiraai (From ""Ah…Aah"")",Hariharan,['ghazal'],0.729,0.745,6,-4.342,0,0.157,0.264,4.62e-05,0.104,0.516,98.959,401497,4,2,Instrumental Calm
0CkK5vOde00thp7EQ1qpCv,Tum Nahin Gham Nahin Sharab Nahin (Live),Jagjit Singh,['sufi'],0.278,0.597,7,-11.013,0,0.0385,0.655,0.0211,0.704,0.473,137.413,357080,4,0,Energetic Happy
0CknBnRWBncLa0D5T9EP3g,Sindh Muhnji Aman,Abida Parveen,['sufi'],0.449,0.86,4,-10.135,1,0.205,0.789,0.697,0.575,0.887,141.968,391326,3,4,Rap / Spoken
0CuXna1jGiOfCBIUZGu1eB,Party In The U.S.A.,Miley Cyrus,[],0.476,0.662,10,-6.777,0,0.0817,0.00136,0.000124,0.0993,0.41,191.986,203760,4,2,Instrumental Calm
0Cv3rRH7c7f8vRi5qKdaoa,Mere Dil Ki Duniya Mein,Rahat Fateh Ali Khan,['qawwali'],0.717,0.738,0,-7.627,1,0.0343,0.543,3.81e-05,0.124,0.83,142.552,418992,3,2,Instrumental Calm
0CxkyNBiLoSPJNZqFV57Ao,Zakhmi hai dil mera,Shahid Ali Khan,['qawwali'],0.486,0.681,8,-6.607,1,0.0594,0.631,0.0,0.231,0.775,111.614,507011,4,0,Energetic Happy
0D52MBAPvt5SVZTEjIe2av,Tum,Sajjad Ali,['sufi'],0.717,0.637,9,-9.429,1,0.0383,0.215,8.65e-06,0.0845,0.662,114.964,279606,4,2,Instrumental Calm
0DEfmxdC6WrccArsdPOgKY,Man Kunto Maula,Nusrat Fateh Ali Khan,['sufi'],0.45,0.559,0,-13.629,1,0.0583,0.303,0.000624,0.353,0.371,145.994,916285,4,0,Energetic Happy
0DJ4yuKe1JQZSIZ6sGrLWZ,"Kammukonna Chikatlona (From ""Arundhati"")",Kailash Kher,['sufi'],0.39,0.536,7,-8.046,0,0.183,0.399,7.3e-06,0.0892,0.122,116.099,466754,4,0,Energetic Happy
0DJwYDhbfSS5qxCfOHlip2,"Man Majhe Mandir Ho (From ""Sai Aaradhana"")",Anuradha Paudwal,['bollywood'],0.588,0.709,5,-7.085,1,0.0392,0.818,1.5e-05,0.114,0.627,92.16,325867,4,2,Instrumental Calm
0DO2DHTDMI0pb57fwytTDC,Maa Tu Bataa,Tony Kakkar,['bollywood'],0.513,0.193,0,-10.558,1,0.0284,0.84,2.49e-05,0.116,0.39,80.027,288375,4,1,Dance Party
0DTl3DxkcuqWTpkzXiIxGa,Palat Meri Jaan,Asha Bhosle,['bollywood'],0.452,0.742,6,-4.686,1,0.131,0.862,6.95e-06,0.299,0.877,153.314,284773,4,0,Energetic Happy
0DYkV2X5XRyAAdfeuTmGKV,Aashiqui Mein Teri - Akbar Sami Remix,Himesh Reshammiya,['bollywood'],0.802,0.961,11,-8.751,1,0.0724,0.103,0.000508,0.0777,0.807,119.947,256000,4,2,Instrumental Calm
0DbGG3nbq1R3TNLkKTx6aZ,Snowflake,Sia,[],0.586,0.359,3,-8.553,1,0.0298,0.438,0.0,0.0988,0.186,134.351,242867,4,1,Dance Party
0DbWPzSAhg5AZaSrQnRy9I,Straight and Narrow,Sam Barber,['pop'],0.427,0.278,10,-8.83,1,0.0331,0.47,2.22e-05,0.135,0.374,85.633,199875,3,1,Dance Party
0Dbux1RRISbp3ahA1qVOZu,Mera Sohna Sajan Ghar Aaya,Abida Parveen,['ghazal'],0.606,0.698,1,-6.751,1,0.13,0.157,4.08e-06,0.151,0.878,96.359,672340,4,2,Instrumental Calm
0DeSFMA5N1AFvg1jKIb6VO,Aao Na Pyar Karain,Nazia Hassan,['bollywood'],0.8,0.463,8,-10.281,1,0.104,0.988,0.895,0.085,0.965,124.008,274160,4,4,Rap / Spoken
0DjvvzlcuN5ogLhtXhXqdm,Chukwu Emerigo,Ayaka Ozubulu,['pop'],0.681,0.8,9,-3.144,1,0.094,0.35,1.43e-05,0.308,0.908,110.295,757735,3,2,Instrumental Calm
0DyMwKducPCjrSmTyiivbM,Ishq Hum Tumhen Kya Batayen,Naseebo Lal,['ghazal'],0.621,0.602,11,-9.027,1,0.031,0.694,0.000146,0.633,0.721,146.971,436470,3,0,Energetic Happy
0E5HYrLvGk7Shb5tVEgLRX,Tumhen Dillagi Bhool Jaani Padegi,Nusrat Fateh Ali Khan,['qawwali'],0.566,0.644,4,-8.661,0,0.127,0.356,0.0,0.257,0.808,78.988,977676,4,3,Acoustic Chill
0E86gfjHxXxUSvuS3TAQnE,Kanday Utay,Rahat Fateh Ali Khan,['bollywood'],0.648,0.516,7,-13.035,1,0.0936,0.0198,0.0,0.169,0.51,78.042,339627,4,2,Instrumental Calm
0ECTbiUOdyf9wQ9BLWlwUz,"Solaikuyil (From ""Ananda Poonkaatrae"")",Hariharan,['ghazal'],0.658,0.617,2,-9.874,1,0.043,0.401,0.0,0.428,0.866,145.922,316387,3,2,Instrumental Calm
0EDi7VqEyrWn8pIGD3LKFF,Card,Miss Pooja,['pop'],0.853,0.888,2,-5.502,1,0.1,0.00458,5.03e-06,0.149,0.95,135.921,328258,4,2,Instrumental Calm
0EEOKJojYK8dRiLHYivxlP,Jawani Which,Gurdas Maan,['sufi'],0.673,0.808,4,-7.473,0,0.0419,0.77,0.00411,0.814,0.963,104.513,276987,4,0,Energetic Happy
0EWohGXgMxAP16UBriTFvF,Jai Govinda Gopala Manmohan Shyam Kanhaiya,Anup Jalota,['ghazal'],0.509,0.738,7,-9.215,0,0.043,0.618,1.06e-05,0.251,0.879,151.183,311892,4,0,Energetic Happy
0EbWhshcHu8Y0NkdgABv3d,Let's Get Back To Bed - Boy!,Sarah Connor,['pop'],0.75,0.683,9,-3.259,0,0.0549,0.0955,0.0,0.0511,0.767,90.022,238133,4,2,Instrumental Calm
0EhYxPJWSCj2cnAYQLUxC8,Sanu Ek Pal Chain Na,Rahat Fateh Ali Khan,['qawwali'],0.474,0.78,5,-6.121,1,0.0424,0.076,8.11e-05,0.359,0.752,135.771,505452,4,0,Energetic Happy
0EkvGMK74pY36h7vL4MEPY,Saqia Aur Pila,Aziz Mian,"['ghazal', 'sufi', 'qawwali']",0.563,0.887,6,-6.734,1,0.495,0.206,0.0,0.146,0.891,130.941,1833104,4,3,Acoustic Chill
0ElH2JzhNXomu9cjY3uK7E,"Chahrti Nadiyan (From ""Dillagi"")",Mehdi Hassan,['ghazal'],0.534,0.624,1,-8.7,1,0.0601,0.542,0.000144,0.496,0.742,97.968,220640,4,0,Energetic Happy
0EsXnddqM3WgSO8gEYKsL1,Na Bolo Na Kichhu Bolo Na - Male Vocals,Kumar Sanu,['bollywood'],0.606,0.472,10,-13.79,1,0.039,0.211,6.81e-06,0.334,0.627,140.568,364987,3,2,Instrumental Calm
0EwglCuNxi3Z7t0gJ2YXpr,Maikada Bhi Apna Hai,Nusrat Fateh Ali Khan,['qawwali'],0.466,0.818,5,-6.849,1,0.0458,0.108,1.03e-05,0.402,0.783,121.806,561133,4,0,Energetic Happy
0Ez18vMiXHlDks9ZseQZfJ,This Summer,Maroon 5,[],0.522,0.76,4,-5.241,0,0.0695,0.000349,0.0,0.313,0.159,98.887,225160,4,2,Instrumental Calm
0F7rQc9d2Lxu6BEvg7O3EH,Agar Talaash Karoon,Talat Aziz,['bollywood'],0.729,0.55,11,-11.227,1,0.0502,0.528,0.296,0.14,0.38,114.996,354783,4,1,Dance Party
0FGuT5MbQySBATl0eNweBU,Farsooda Jahan,Nusrat Fateh Ali Khan,['qawwali'],0.405,0.843,3,-2.962,0,0.0742,0.797,0.00041,0.109,0.698,144.298,895980,4,0,Energetic Happy
0FJ1ws6g6OuCQ10fG6n1ux,"Har Kisiko Nahin Milta Yahan Pyar - From ""Janbaaz""",Manhar,['bollywood'],0.486,0.72,8,-10.375,0,0.082,0.0154,0.233,0.22,0.694,104.885,296693,4,0,Energetic Happy
0FLra6kZXSDKiySYF9fsqA,Allah Jalle Shaan,Rahat Fateh Ali Khan,['qawwali'],0.504,0.859,3,-8.344,0,0.057,0.0656,0.0368,0.499,0.905,112.689,874850,4,0,Energetic Happy
0FXHCnq1zPjOxXO3C10efY,Chand Hanse Duniya,Noor Jehan,['ghazal'],0.297,0.341,5,-8.515,1,0.0307,0.899,5.32e-05,0.354,0.45,159.44,208533,3,1,Dance Party
0FhBANnxcQBgD3tQ75WFAn,Fitness,Lizzo,[],0.879,0.732,11,-5.016,0,0.061,0.027,0.0,0.0656,0.355,120.052,156284,4,2,Instrumental Calm
0FiXUlsN7Z6dYfKbFvj1vR,Baba Tum Kab Aaoge,Manoj Mishra,['sufi'],0.669,0.834,1,-7.063,1,0.0503,0.682,0.0,0.134,0.876,134.003,308348,4,2,Instrumental Calm
0FlE8awgEeaXsL07E7zN2s,Main Jeevan Tenoon Wekh Wekh Ke,Badar Ali Khan,['qawwali'],0.484,0.526,1,-16.565,1,0.116,0.453,0.00541,0.0626,0.805,121.517,930360,4,3,Acoustic Chill
0FlnsBDwPglenLJoQjPd4K,IDGAF - Hazers Remix,Dua Lipa,[],0.814,0.705,7,-4.734,1,0.0904,0.0958,0.000133,0.0687,0.6,110.004,240617,4,2,Instrumental Calm
0FomDJEJ8NUEMYOfZeYjkH,Why (Remix) [feat. Leon Bridges] - Remix,Shawn Mendes,[],0.62,0.448,0,-7.641,0,0.0459,0.473,0.0,0.0917,0.306,126.94,234333,4,1,Dance Party
0FzOl07CA3ChB6YcbCIgRy,Meri Maut Pe,Roop Kumar Rathod,['sufi'],0.696,0.624,6,-5.072,1,0.043,0.752,7.79e-05,0.0911,0.67,118.057,304009,1,2,Instrumental Calm
0G8qSAMOcvBIhDSOuycGWU,"O Sheronwali (From ""Suhaag"")",Mohammed Rafi,['bollywood'],0.446,0.612,8,-8.985,1,0.0861,0.573,0.0,0.24,0.889,121.572,372640,4,0,Energetic Happy
0GClW3t01F6itGc0ltfwHg,Tell Me You Love Me - Live Acoustic,Demi Lovato,[],0.518,0.327,6,-8.357,1,0.0487,0.901,0.0,0.194,0.682,80.953,157053,4,1,Dance Party
0GRDB1z4YZkgunWu6wx43u,Tuu kanssain tanssimaan,Kari Hirvonen,['pop'],0.608,0.898,9,-3.357,0,0.0924,0.448,0.0,0.148,0.909,163.955,180899,4,2,Instrumental Calm
0GVBPuCT3pBrXCdY3Uiy5B,BIBA,Marshmello,[],0.66,0.962,0,0.366,0,0.0528,0.0656,0.0,0.27,0.492,127.885,175721,4,2,Instrumental Calm
0GfS3y8Jd7SHWd9R51s7Fo,Dancing With A Stranger (With Normani) - Cheat Codes Remix,Sam Smith,[],0.746,0.557,1,-6.722,1,0.0542,0.103,0.0036,0.138,0.324,111.961,159404,4,2,Instrumental Calm
0GfejWoZiAj9HsxrakXODh,Aaja Tenon Akhiyaan Udik Diyan,Nusrat Fateh Ali Khan,['qawwali'],0.787,0.858,1,-4.528,1,0.0461,0.495,0.00194,0.301,0.701,104.944,729213,4,2,Instrumental Calm
0GganJtwE2h1bjorklLTFl,Hey Natrajan Antaryami,Anup Jalota,['bollywood'],0.7,0.471,6,-11.467,0,0.0459,0.276,0.0,0.0591,0.934,79.968,297241,4,2,Instrumental Calm
0GhcWfloOa9yCYaQcVbHPL,Bekhudi,Pankaj Udhas,['ghazal'],0.434,0.341,6,-11.36,0,0.0358,0.923,0.000485,0.102,0.345,80.486,405120,4,1,Dance Party
0GsiMJQ59xq8zOhi1KeY7O,Haq Ali Ali Maula,Nusrat Fateh Ali Khan,['qawwali'],0.445,0.621,3,-5.603,0,0.31,0.786,0.00217,0.14,0.798,79.841,1723467,4,3,Acoustic Chill
0H4PTVPxjECFxFNCXp8UIK,Rangrez,Rahat Fateh Ali Khan,['sufi'],0.464,0.723,0,-4.73,1,0.0361,0.313,0.0,0.307,0.486,154.044,537325,3,0,Energetic Happy
0HBqkN0CYyJZbVbDE0VjZs,Gend Samajh Ke Uchhalo Na,Noor Jehan,['bollywood'],0.502,0.0777,4,-16.436,0,0.23,0.994,0.925,0.099,0.819,142.242,180957,4,4,Rap / Spoken
0HCAYFizTCH1DhJenQSKTh,Koi Humnafas Nahin,Munni Begum,"['ghazal', 'sufi']",0.543,0.617,2,-8.323,1,0.0427,0.355,3.26e-05,0.293,0.69,87.504,371623,4,2,Instrumental Calm
0HEckRWFSknIupbGzavk5d,Hundred,Khalid,[],0.772,0.483,6,-10.06,0,0.0564,0.0521,0.000375,0.377,0.479,120.005,277080,4,2,Instrumental Calm
0HOGKy2amzHdsKMvIj43C0,Kaanton Ki Chubhan Payi,Jagjit Singh,['bollywood'],0.426,0.223,7,-14.725,1,0.0327,0.969,0.972,0.105,0.447,141.883,366000,4,4,Rap / Spoken
0HTb4JfMtMkMYUtyd19In3,Baari,Bilal Saeed,['sufi'],0.658,0.539,3,-7.043,1,0.0433,0.857,1.45e-06,0.0999,0.461,80.088,235297,4,1,Dance Party
0HZdX1HF9D3wOjpMETaQs6,Chupke Chupke Raat Din,Ghulam Ali,['bollywood'],0.37,0.441,10,-13.388,0,0.105,0.743,0.00114,0.707,0.707,149.447,696506,3,3,Acoustic Chill
0Hgqglypzt6Qs5Duqskcqs,Heaven,Khalid,[],0.42,0.479,8,-8.881,1,0.0374,0.613,0.663,0.0679,0.11,116.989,213027,4,4,Rap / Spoken
0HnxNR1uJjW5jos9zHhLZK,Hikbhar Lagali Devar,Radhe Shyam Rasiya,['pop'],0.555,0.564,8,-7.001,1,0.0963,0.855,2.95e-06,0.618,0.849,134.166,311434,1,0,Energetic Happy
0Hujh8QUO6r02EFIaYejW9,Ibne Haider Tou Khuda Ka Raaz Hai,Nusrat Fateh Ali Khan,['qawwali'],0.371,0.816,2,-10.536,0,0.257,0.496,1.15e-05,0.66,0.613,111.431,1357979,4,3,Acoustic Chill
0INehbMZOFPnaPBAjK97i3,I'll Be Fine,Juice WRLD,[],0.523,0.678,8,-6.071,1,0.0692,0.000616,0.0,0.142,0.277,159.909,244194,4,2,Instrumental Calm
0IZq1oVO554EU1zPoiZlk4,Chauraha (Original Score),Aima Baig,['sufi'],0.487,0.504,3,-6.738,1,0.0292,0.817,0.0,0.0941,0.32,90.065,269425,4,1,Dance Party
0Ij0QzAnq64TQcb2r2Iuyx,Aa Gaye Kamli Wale Nabi Aa Gaye,Rahat Fateh Ali Khan,['qawwali'],0.547,0.809,6,-6.308,1,0.0533,0.204,0.0,0.378,0.878,115.442,627853,4,0,Energetic Happy
0ImzNEjzbcSDdE4fdovJqY,"Intha Siripinay (From ""Naam Iruvar Namakku Iruvar"")",Hariharan,['ghazal'],0.67,0.405,6,-15.333,0,0.035,0.00374,0.000267,0.093,0.467,145.077,340663,4,2,Instrumental Calm
0Ir1Nefkvp0SIERtrGb6X1,Kidda Sona Tera Darbar,Jaspinder Narula,['bollywood'],0.573,0.796,7,-11.338,1,0.0741,0.535,0.000127,0.284,0.884,81.698,397907,4,0,Energetic Happy
0J3GVEBsQ4T0f4WlhwwXMp,Sun We Bilori Akh Waliya,Noor Jehan,['ghazal'],0.626,0.683,6,-8.033,1,0.0973,0.925,0.488,0.0963,0.902,110.558,253933,4,4,Rap / Spoken
0J3RGgX7QpGX78Y7ST3zHY,Aa Chala Ho Pardeshia,Begum Akhtar,['bollywood'],0.285,0.142,4,-16.021,1,0.0964,0.994,0.908,0.298,0.209,63.396,198385,3,4,Rap / Spoken
0J7IzDCGKi9vSEybA7tYTq,Haq Ali Ali Maula Ali Ali,Nusrat Fateh Ali Khan,['qawwali'],0.477,0.39,6,-13.803,1,0.315,0.795,0.00414,0.112,0.785,90.711,1721467,4,3,Acoustic Chill
0JBYhIlSwrMTu5y8Jxr6wW,Pyar Ke Geet - Title Music,Shubha Mudgal,['sufi'],0.659,0.437,1,-12.689,1,0.0487,0.101,2.42e-06,0.107,0.35,86.995,361467,4,2,Instrumental Calm
0JKDe6uEMK3p6YOQip3QvB,Hass K Kude - Jhankar Beats,Diljit Dosanjh,['bollywood'],0.609,0.883,1,-7.99,0,0.207,0.144,0.0,0.121,0.899,82.89,143110,4,2,Instrumental Calm
0JSl7aYxbe5ES3oJZyZ9Nk,Nami Danam Che Manzil,Nusrat Fateh Ali Khan,['sufi'],0.475,0.496,1,-15.252,1,0.0752,0.215,0.00155,0.47,0.752,113.434,1241017,4,3,Acoustic Chill
0JSnJ84baRIBQie6qqwHxu,Rang Dala Mere Khwaja Ne - Islamic,Rais Anis Sabri,['qawwali'],0.546,0.53,1,-14.065,1,0.123,0.454,0.000467,0.296,0.826,113.868,748932,4,3,Acoustic Chill
0JV0VFAmiaV6iZZhDJ3Rc9,Alvida - Remix,Kailash Kher,['sufi'],0.592,0.88,3,-6.873,0,0.0298,0.0826,0.321,0.0614,0.801,130.001,260168,4,2,Instrumental Calm
0JVgH7y92S1yNqyDcfNCVD,Koi Aap Sa Dekha Nai Ya Mohammad - Naat,Nusrat Fateh Ali Khan,['qawwali'],0.504,0.743,6,-9.404,1,0.123,0.215,0.000127,0.83,0.454,109.073,1267480,4,3,Acoustic Chill
0JXQraexuPTAhUuREe4Hby,Revan / Nergis Bakış,Mustafa Demirci,['sufi'],0.538,0.294,4,-14.312,0,0.0402,0.917,0.605,0.126,0.336,132.757,395208,4,4,Rap / Spoken
0JaVdpmiex2EP7bBzyKVTa,November 18th,Drake,[],0.749,0.476,11,-11.147,0,0.507,0.579,0.0,0.1,0.534,71.937,188189,4,2,Instrumental Calm
0KAt4Sf9sPMZPk4SvLKLWb,Ni Saiyon Asi Naina,Wadali Brothers,['qawwali'],0.416,0.697,8,-7.976,1,0.0954,0.696,0.0,0.264,0.444,140.45,536667,4,0,Energetic Happy
0KLqCvGwOsbO3PsF2GvjSf,Saanson Se Saansen,Babul Supriyo,['bollywood'],0.57,0.655,7,-7.319,0,0.0352,0.00591,3.85e-05,0.0977,0.114,171.987,353000,4,2,Instrumental Calm
0KNxNrsdFtX0LZQowtNEMc,Nacher Putul Ami Nachte Jani,Runa Laila,['bollywood'],0.607,0.781,10,-5.283,0,0.235,0.787,3.01e-06,0.0599,0.814,136.251,204207,4,2,Instrumental Calm
0KRx0gmg7HbXcan2Sz5XZp,"Don't Forget - Remix (From ""Deltarune"")",Sentinus,['pop'],0.544,0.524,7,-8.99,0,0.0739,0.0424,0.583,0.0548,0.359,159.894,130831,4,4,Rap / Spoken
0KbOr8tMUb6lKoNV3uc9ur,Kitne Yug Bite Daliton Ke,Chhote Majid Shola,['qawwali'],0.553,0.855,6,-4.991,1,0.0455,0.153,0.0,0.0863,0.771,149.884,523066,4,0,Energetic Happy
0KhTIX2IEdxXXzMpnIMQzX,"Dhat Teri Ki (From ""Gori Tere Pyaar Mein"") - 120 BPM",Vishal-Shekhar,['bollywood'],0.847,0.711,0,-7.61,0,0.0617,0.115,0.0,0.155,0.932,120.137,174960,4,2,Instrumental Calm
0Km7MMPOwqxNEWjHQwtoj1,Deseo carnal,Alaska Y Dinarama,['pop'],0.518,0.622,9,-5.374,0,0.0287,0.308,0.021,0.0734,0.29,121.856,228893,4,2,Instrumental Calm
0KrSb3pITHqrHd37nWgQZK,Pothi 21 Va Adhaya,Anuradha Paudwal,"['ghazal', 'bollywood']",0.756,0.255,2,-14.506,1,0.0655,0.812,0.0,0.0697,0.646,81.981,3025234,4,3,Acoustic Chill
0LHMZ799Ew0tOw2sot3Dog,Marne Ki Duaen Kiyon,Habib Wali Muhammad,['ghazal'],0.453,0.67,11,-5.611,1,0.0507,0.98,0.0,0.543,0.826,129.771,282572,1,0,Energetic Happy
0LKUWsOAfNJLSUPRGMwpow,Mere Rashq E Qamar - Remix,Nusrat Fateh Ali Khan,['qawwali'],0.759,0.788,5,-7.012,0,0.179,0.0476,0.00139,0.722,0.484,104.991,284541,4,2,Instrumental Calm
0LMgOEJZ5KmNmqcYv22bpJ,Room For 2,Dua Lipa,[],0.536,0.488,9,-5.752,1,0.0354,0.396,1.44e-05,0.133,0.382,75.761,208689,4,2,Instrumental Calm
0LNjcShyokSftNZID8TekZ,Rang,Fareed Ayaz Abu Muhammad Qawwal,['qawwali'],0.542,0.408,6,-13.488,1,0.0726,0.723,0.0,0.45,0.731,109.619,745707,4,1,Dance Party
0LV9KoeGQq9NmRMBdm17xw,Kaalavendhare,Shankar Shambhu Qawwal,['qawwali'],0.572,0.379,2,-11.603,1,0.0323,0.634,0.0,0.25,0.474,145.815,392307,5,1,Dance Party
0LXtqm04YAqN1uvKUAH1gV,Te Agas Ke Ban Ja,Sonu Nigam,['bollywood'],0.509,0.687,5,-7.862,1,0.0406,0.705,1.43e-05,0.599,0.698,97.5,341603,4,0,Energetic Happy
0LZTjk3Ogz9y4lnLOMlf6S,Original Don - Flosstradamus Remix,Major Lazer,[],0.786,0.984,7,-3.517,1,0.101,0.0473,0.387,0.517,0.578,135.039,234380,4,2,Instrumental Calm
0Lc5j3B3uWzs2GzkbQJXPW,Tu Rehne Wali Mehlon Ki,Shahid Ali Khan,['qawwali'],0.517,0.84,8,-5.563,1,0.0411,0.442,1.63e-05,0.304,0.784,96.693,623786,4,0,Energetic Happy
0LjZWjC39eBI2vRLko11u3,Ban Ki Sawali Aya Hoon,Nusrat Fateh Ali Khan,['qawwali'],0.502,0.884,8,-7.771,1,0.135,0.0995,0.0,0.325,0.82,99.915,953010,4,0,Energetic Happy
0M0L8lVnizdrtIMthsMMNj,Maangi Hai Humne Duayen,Ashok Khosla,['ghazal'],0.286,0.621,4,-8.218,0,0.0412,0.599,0.0,0.361,0.581,157.434,230387,3,0,Energetic Happy
0M9jGrbENnHQiNoQE8QjpJ,Odhani Odhali (Instrumental),Anu Malik,['bollywood'],0.439,0.58,2,-8.221,0,0.0327,0.511,0.000332,0.0917,0.556,175.968,326331,4,0,Energetic Happy
0MFdPneORsAeu1ZEYgJUJz,Shakalakka Baby,Vasundhara Das,['bollywood'],0.793,0.725,11,-8.443,0,0.178,0.00475,5.35e-06,0.0707,0.803,157.974,338480,4,2,Instrumental Calm
0MMkcAFffd1HMMyLolVabp,Hasde Luteray Aethe,Masood Rana,['ghazal'],0.614,0.317,4,-13.873,1,0.0472,0.992,0.791,0.0723,0.876,136.134,202850,4,4,Rap / Spoken
0MahfuLldWUwFQdtGuUJE5,Shree Ram Katha Ram Siya Ram Siya Ram Jai Jai Ram,Manoj Mishra,['sufi'],0.514,0.532,6,-8.414,1,0.588,0.599,0.0,0.267,0.453,72.898,2150146,3,3,Acoustic Chill
0MnOjed0jRmIMDdSIpBM7G,"Dil Chori Sada Ho Gaya (From ""Chorni"")",Hans Raj Hans,['sufi'],0.803,0.757,1,-12.109,0,0.198,0.559,0.0,0.365,0.812,99.894,299693,4,2,Instrumental Calm
0MrRAUcB8AZiB9ue2VOBYe,Sugar Wraith,Post Malone,[],0.6,0.767,5,-4.232,0,0.0868,0.26,0.0,0.0979,0.291,164.079,228147,4,2,Instrumental Calm
0MvaEpCcBJFrm56hwzBlyI,Kisi Ki Yaad,Ram Shankar,['bollywood'],0.643,0.703,4,-11.599,1,0.0638,0.316,0.0,0.0499,0.933,164.904,348147,3,2,Instrumental Calm
0MwjadbOQcggJJJLB4eDTm,Dekha Jo Aaeena,Jagjit Singh,"['ghazal', 'bollywood']",0.376,0.635,6,-8.789,0,0.165,0.972,0.46,0.639,0.839,128.795,586240,3,4,Rap / Spoken
0MxZqRxjv6OJSgYX8Pl5y1,Main Pyar Banu Tera Dilbar,Anuradha Paudwal,['ghazal'],0.511,0.613,2,-8.605,1,0.0305,0.683,0.000392,0.628,0.72,107.011,319960,4,0,Energetic Happy
0N1TMUVpg8ZPB9IhsnEPfn,Chale Aaye Re Ham To Chale Aaye,Lata Mangeshkar,['bollywood'],0.36,0.534,7,-10.424,1,0.037,0.952,0.000551,0.228,0.768,81.121,254973,4,1,Dance Party
0NBLXTCa9J2rACJjba6ofA,Main Hoon Ek Bansuri,Alka Yagnik,['bollywood'],0.647,0.761,4,-8.441,0,0.103,0.508,6.52e-05,0.231,0.935,123.853,315627,4,2,Instrumental Calm
0NVG9HfxO3iTHiftSTqVOE,"Vachaadayyo Saami (From ""Bharat Ane Nenu"")",Kailash Kher,['sufi'],0.747,0.906,10,-4.6,0,0.264,0.658,0.00186,0.157,0.799,142.941,325218,4,2,Instrumental Calm
0NX61GJySzbVqt396kt1jS,Aj Tik Poso,Atta Ullah Khan Esakhelvi,['ghazal'],0.297,0.393,1,-16.479,0,0.0483,0.247,3.08e-06,0.0949,0.755,187.1,733413,4,1,Dance Party
0NmMq4zzW4srde3Be0Eqzo,Naav Chali Re (From Pyaari Tarawali the True Story),Kavita Seth,['sufi'],0.491,0.544,11,-3.543,1,0.0282,0.493,8.62e-06,0.1,0.306,112.811,188416,1,2,Instrumental Calm
0Nq3VAfwYuM9i09651Wr6j,Ye Kasak Dil Ki,Aslam Sabri,['qawwali'],0.53,0.525,10,-12.757,0,0.107,0.771,0.0,0.0924,0.829,85.915,623178,4,1,Dance Party
0O3rnXbfEVKeBBiwkaDNZl,Chhatri Na Khol Ud Jayegi,Kishore Kumar,['bollywood'],0.573,0.581,4,-11.35,0,0.047,0.809,7.87e-05,0.658,0.713,120.07,284027,4,1,Dance Party
0O6GgpUfQtYuuO5YDzoLr7,Boys - Pink Panda Remix,Lizzo,[],0.853,0.938,6,-4.907,1,0.0953,0.0369,0.00105,0.545,0.848,126.008,143095,4,2,Instrumental Calm
0O9RWQNpRlEcAaf3IEegbY,Limeryki dla odmladzajacych sie,Halina Kunicka,['pop'],0.426,0.494,11,-12.883,0,0.0977,0.58,0.0,0.258,0.867,115.615,161991,5,1,Dance Party
0OW5EFMVuRbE4K4IhIj7mz,Ja Dil Tenoon De Chadya,Nusrat Fateh Ali Khan,['qawwali'],0.545,0.459,6,-9.959,1,0.136,0.691,3.35e-06,0.236,0.531,112.963,1562375,4,3,Acoustic Chill
0OoNdW7xByBf2rb2Icf49E,Re Mann Ram Naam Mat Bhul,Anup Jalota,['ghazal'],0.422,0.429,1,-9.884,1,0.0327,0.834,0.0,0.0713,0.543,97.393,346163,4,1,Dance Party
0PD9aZgXDHvQIe80xW0fno,Blame It On Love (feat. Madison Beer),David Guetta,[],0.671,0.729,6,-7.47,1,0.202,0.112,0.0,0.1,0.35,94.955,207147,4,2,Instrumental Calm
0PF6Rl7BrahxCe2qDCey9Y,"Mantras - Meine Erfahrungen mit der heilenden Kraft tibetischer Weisheit, Kapitel 61.2 & Mantras - Meine Erfahrungen mit der heilenden Kraft tibetischer Weisheit, Kapitel 62.1 - Mantras",Dechen Shak-Dagsay,['pop'],0.673,0.368,6,-19.386,0,0.946,0.506,0.0,0.147,0.207,74.856,190518,3,3,Acoustic Chill
0PG9fbaaHFHfre2gUVo7AN,Please Me,Cardi B,[],0.747,0.57,1,-6.711,1,0.081,0.0642,0.0,0.0832,0.65,133.992,200890,4,2,Instrumental Calm
0PIUUyb6BsuIAVnLdK5oMS,Kadi Haan Kehndi,Faakhir,['sufi'],0.73,0.86,0,-4.326,1,0.11,0.00692,0.0,0.243,0.919,140.053,273773,4,2,Instrumental Calm
0PMWl0j8uJgllz3md1f71r,Jaaga Hoon Kab Se,Hariharan,['ghazal'],0.372,0.378,0,-12.401,1,0.0401,0.632,0.029,0.117,0.294,131.866,481534,3,1,Dance Party
0PMwsI6zCS1FwSO8uF7uHR,"Lamha Lamha - From ""Doosri Dulhan""",Kishore Kumar,['bollywood'],0.5,0.405,8,-10.318,1,0.0362,0.813,0.00773,0.345,0.532,133.117,392187,3,1,Dance Party
0PMzOBZFXbtuu8sciJdPIx,"Kate Nahin Kat Te (From ""Mr. India"")",Kishore Kumar,['bollywood'],0.569,0.55,8,-10.342,1,0.0702,0.589,0.0,0.0931,0.495,131.082,397693,4,1,Dance Party
0POxqXWRutOZLxW3uwRJ7k,Sarke Sarke Jandiye Mutyare Ni,Shahid Ali Khan,['qawwali'],0.61,0.757,6,-4.61,1,0.0438,0.166,0.00349,0.7,0.852,168.157,933771,4,0,Energetic Happy
0PPqXOYeVaK2oS808tfUg3,Tamanna,Master Saleem,['sufi'],0.777,0.786,0,-6.899,0,0.175,0.223,0.0,0.197,0.853,133.989,252020,4,2,Instrumental Calm
0PY3ElVMp7Pj08RtJcqRQf,Mae Ni Mae Mere Geetan De Nainan Wich,Nusrat Fateh Ali Khan,['sufi'],0.471,0.576,6,-10.328,1,0.0874,0.512,0.00075,0.134,0.758,84.324,482985,4,0,Energetic Happy
0PfXTPTkGN0p4UbHkccDBq,Adhi Raati (feat. DJ Chino),Rahat Fateh Ali Khan,['qawwali'],0.71,0.643,1,-5.474,1,0.0912,0.0502,3.9e-05,0.188,0.823,92.02,456734,4,2,Instrumental Calm
0PmTHaGGyCYNsvNW95V6rT,La Ilah Ki Boli,Sabri Brothers,"['ghazal', 'qawwali']",0.765,0.932,6,-8.119,1,0.08,0.584,0.0,0.299,0.554,109.529,762474,4,2,Instrumental Calm
0PowxVSTY2uh1CPc8EPKyX,Project Dreams,Marshmello,[],0.777,0.831,8,-2.129,1,0.177,0.42,0.0,0.105,0.791,160.153,167898,4,2,Instrumental Calm
0Q3xSOSYU6AbYZgGLXWGcl,Main Khuda - Female Version,Vishal Bhardwaj,['bollywood'],0.626,0.73,11,-10.965,0,0.0319,0.00265,0.0506,0.127,0.453,129.978,275061,4,2,Instrumental Calm
0Q4eAXTbzpZZn3KESguA6O,Dekh Kar O Mujhe Muskurane Lage,Rajesh Roshan,['bollywood'],0.491,0.758,9,-2.785,0,0.0323,0.525,0.0,0.339,0.691,75.243,252981,4,0,Energetic Happy
0Q6IGp8bsCZsE0JGackdiu,Eik Sitam Aur Laakh Adayein,Tahira Syed,['ghazal'],0.293,0.241,0,-14.393,1,0.0414,0.962,0.000268,0.0739,0.411,180.567,338227,4,1,Dance Party
0Q7kvwpJk86EYT7zfWv5uf,Somebody - T-Mass Remix,The Chainsmokers,[],0.563,0.779,1,-6.804,1,0.0363,0.189,0.005,0.15,0.297,119.939,200307,4,2,Instrumental Calm
0QX6Q0zTj3HytMkcNbgWPm,Flames - Vladimir Cauchemar Remix,David Guetta,[],0.746,0.758,0,-5.868,0,0.0376,0.00724,0.0729,0.0418,0.421,120.003,204000,4,2,Instrumental Calm
0QfeuDZjuVBro0q4nc597X,Uff Gharele Vehela,Begum Akhtar,['ghazal'],0.38,0.282,4,-11.664,1,0.0783,0.992,0.346,0.166,0.513,71.519,204468,3,1,Dance Party
0Qo0j4MSHNDCLqq0DblGZp,Yeh Parbaton Ke Daire,Lata Mangeshkar,['bollywood'],0.264,0.341,1,-11.571,0,0.0342,0.822,0.000308,0.174,0.685,171.261,332640,3,1,Dance Party
0R4Pl0oru1s8W1YnP857XM,Zaroori Hai Kya Ishq Mein,Meet Bros.,['bollywood'],0.275,0.705,9,-3.66,1,0.0342,0.159,0.000537,0.103,0.158,155.297,277716,4,0,Energetic Happy
0R6Jlsq25eZB3Wftpxi3oF,Jonestown (Interlude),Post Malone,[],0.341,0.495,0,-10.251,0,0.0446,0.751,0.462,0.261,0.252,78.395,112013,4,4,Rap / Spoken
0RHlIDfOIlVSytakD8oSCe,Tu Kabhi Kabhi,Amit Trivedi,['bollywood'],0.676,0.692,3,-7.761,1,0.0375,0.281,0.0324,0.0837,0.51,97.952,213214,4,2,Instrumental Calm
0RI87o6FakVbUbWspyIqh1,Ronak-E-Mehfil,Nusrat Fateh Ali Khan,['qawwali'],0.57,0.485,5,-13.618,0,0.0304,0.0996,0.00381,0.288,0.629,111.633,361000,4,2,Instrumental Calm
0RYtqGkXO88wtPMlHbzMeW,Kevat Prasang,Anup Jalota,['ghazal'],0.665,0.538,1,-9.157,1,0.0455,0.271,0.0,0.349,0.691,83.011,408816,4,2,Instrumental Calm
0Rg4JarLCvmmDQFByuiuWY,Ali Maula Ali Maula Ali Dam Dam - Guitar Version,Nusrat Fateh Ali Khan,['qawwali'],0.436,0.862,1,-5.321,1,0.04,0.718,0.00266,0.32,0.841,157.575,462685,4,0,Energetic Happy
0RhRr6Li4zQ3L3NsOgq9CJ,Sanson Ki Maala Pe Simrun Main,Nusrat Fateh Ali Khan,['qawwali'],0.379,0.593,0,-7.9,0,0.0411,0.629,6.48e-06,0.199,0.639,148.242,433725,3,0,Energetic Happy
0RhmudauX3NudUa3Cud9JB,Mere Shauk Da Nahin Aitbaar - Live,Ghulam Ali,"['ghazal', 'sufi']",0.429,0.406,0,-13.619,1,0.044,0.972,0.278,0.855,0.66,78.408,492307,4,1,Dance Party
0RlhZaRbmNBqr7yC5u5N6t,Jinny Ghous De Yaar,Sher Miandad Khan Fareedi Qawwal,['qawwali'],0.668,0.793,6,-7.359,1,0.0432,0.453,0.0,0.348,0.793,92.908,658947,4,0,Energetic Happy
0RmEvvW1IbEW69MR3sqjG2,Kane Me,Otherview,['pop'],0.691,0.881,11,-3.676,0,0.0512,0.0104,0.0,0.33,0.552,128.061,191960,4,2,Instrumental Calm
0RwdQPwMFisaJgRWaTVBp1,Piya Re Piya Re,Nusrat Fateh Ali Khan,['sufi'],0.71,0.694,2,-6.867,1,0.104,0.122,2.17e-06,0.201,0.417,92.075,464420,4,2,Instrumental Calm
0S0c5TsXdOxtqknCsWdGbC,Kya Khub Lage Mahboob Mera,Shaan,['bollywood'],0.545,0.615,9,-6.161,1,0.0283,0.483,0.0,0.11,0.544,149.99,291600,4,2,Instrumental Calm
0STK94RxUulYqWzwFlyAb5,Sober,Demi Lovato,[],0.397,0.303,1,-10.413,1,0.11,0.798,4.16e-06,0.0824,0.17,170.22,197893,3,1,Dance Party
0SbYC2KDt3dPgHkZb0u1qR,Swami Samartha Namsmaran,Suresh Wadkar,['bollywood'],0.675,0.528,5,-9.86,0,0.0393,0.187,7.33e-06,0.186,0.662,132.068,1293636,4,2,Instrumental Calm
0SjUcTX43fekr9bYf1WPdY,Ja Mur Ja Aje Wi,Nusrat Fateh Ali Khan,['qawwali'],0.501,0.605,5,-8.064,0,0.0472,0.771,6.89e-06,0.235,0.833,110.861,895360,4,0,Energetic Happy
0SlMswggrH5t9g1oMQ57AF,Dil Ka Jahan,Ali Azmat,['sufi'],0.505,0.582,5,-10.702,1,0.0264,0.00529,2.63e-05,0.209,0.504,88.213,304568,4,2,Instrumental Calm
0SsnTcSUJMIlaaV7Qf6eOf,Maar Gai Udeek Din Raat Di,Nusrat Fateh Ali Khan,['qawwali'],0.649,0.784,5,-8.039,1,0.0432,0.436,0.0,0.153,0.93,166.648,263979,3,2,Instrumental Calm
0SvxydoxEEkXt9aMAqTfpB,Wait (feat. A Boogie Wit da Hoodie),Maroon 5,[],0.689,0.588,8,-4.632,1,0.0676,0.0582,0.0,0.141,0.389,126.056,190476,4,2,Instrumental Calm
0SyLfrnGbYfDcEJZEc8Ur7,Tere Ishq Nachaya,Abida Parveen,['sufi'],0.617,0.467,0,-15.852,0,0.161,0.714,8.05e-05,0.157,0.812,103.699,286187,4,1,Dance Party
0T55qsdRGJ5h6kb8jtm6ha,Bachayin Sab Nun Raba,Masood Rana,['ghazal'],0.637,0.445,6,-12.269,1,0.0849,0.973,0.000205,0.445,0.777,100.939,217612,3,1,Dance Party
0T5gcAnUKudNAiWytaPudG,Shahbaaz Qalandar,Nusrat Fateh Ali Khan,['qawwali'],0.517,0.78,7,-7.812,0,0.193,0.671,0.249,0.727,0.34,118.943,516120,4,0,Energetic Happy
0T5xmhpJMRiQepk2E0JIGk,Hum To Mashhor Hue Hain,Anuradha Paudwal,['bollywood'],0.384,0.448,5,-9.896,1,0.0345,0.906,3.66e-05,0.085,0.604,181.064,309227,4,1,Dance Party
0T7uevTYh4wLLWHjVHlZW7,"Aap Jaisa Koi - From ""Qurbani""",Nazia Hassan,['sufi'],0.708,0.529,2,-8.461,1,0.0421,0.725,0.053,0.371,0.962,108.386,249107,4,1,Dance Party
0TEheZWdDWsoRoQ6DI1oke,Rock The Party,Sunidhi Chauhan,['bollywood'],0.678,0.99,9,-6.146,0,0.144,0.0175,0.0775,0.362,0.255,135.007,309160,4,2,Instrumental Calm
0THzLamn7umoF2BuYwLCv3,Kuni Tari Bolava Dajibala,Asha Bhosle,['bollywood'],0.541,0.481,5,-12.913,1,0.456,0.945,0.0,0.4,0.651,97.196,207640,4,1,Dance Party
0TJROBSbTWw5f3LrqTcrR7,"Bichchoo Larra (from ""Toofani Bijliyan"")",Mehnaz,['ghazal'],0.32,0.392,2,-15.201,1,0.0409,0.96,0.897,0.377,0.778,181.648,293547,3,4,Rap / Spoken
0TPPYjXm6dMUcBwctMvdJE,Maya Garnu Bhul,Raju Singh,['bollywood'],0.493,0.796,7,-4.603,1,0.0415,0.317,0.0,0.333,0.658,144.052,292320,4,0,Energetic Happy
0TQklcwLBYT9TuLpCPnoPw,Noor Hi Noor Hai,Rahat Fateh Ali Khan,['qawwali'],0.58,0.548,10,-7.144,0,0.0498,0.681,0.0,0.158,0.729,80.099,390440,4,1,Dance Party
0TYNfQX7QnpDt5MMvPEZAq,Posheeda Posheeda - Live,Sabri Brothers,['ghazal'],0.447,0.4,0,-12.671,0,0.16,0.816,1.34e-05,0.724,0.513,105.88,1134800,4,3,Acoustic Chill
0TkuSDurB2zKyQMseYKACU,Maahi,Shreya Ghoshal,['bollywood'],0.601,0.569,0,-4.958,0,0.0298,0.668,0.0,0.168,0.335,79.991,235180,4,1,Dance Party
0TlLq3lA83rQOYtrqBqSct,Nonstop,Drake,[],0.912,0.412,7,-8.074,1,0.124,0.0164,0.013,0.104,0.422,154.983,238614,4,2,Instrumental Calm
0Tp6ihoHS2R70W3Mu6ucAB,Rulati Hain Mohabbatein - Kitne Door Kitne Paas / Soundtrack Version,KK,['bollywood'],0.65,0.761,8,-8.637,1,0.0367,0.0337,1.89e-06,0.105,0.589,125.003,335160,4,2,Instrumental Calm
0TpBHcm70H06grP6Gn68Na,Hum Ne Dekhe Is Duniya,Noor Jehan,['ghazal'],0.473,0.834,8,-5.493,1,0.0845,0.887,1.77e-05,0.13,0.648,104.967,306440,4,0,Energetic Happy
0U4entg7oWucuswNtjX44f,Akhian Udeekdian,Rahat Fateh Ali Khan,['qawwali'],0.57,0.87,10,-6.724,0,0.0466,0.0916,0.000125,0.143,0.933,119.583,858499,4,0,Energetic Happy
0UBd2TWm5Gd2Z13YXDvQ5O,Sanwan da Ki Aitbaar,Naseebo Lal,['sufi'],0.641,0.597,1,-14.596,1,0.315,0.521,0.677,0.131,0.814,140.522,623813,4,4,Rap / Spoken
0ULbn4k9E13IUMGeEQYyME,Pataan Te Mukiyan Ton Maar Ve - Soha Jora,Naseebo Lal,['sufi'],0.781,0.932,10,-6.618,1,0.0531,0.0844,1.96e-05,0.0546,0.814,126.042,289542,4,2,Instrumental Calm
0UO5UtEAzJTHWhjAAKzVXT,Ik Din Mahi De Ghar Jana,Nusrat Fateh Ali Khan,['qawwali'],0.514,0.661,3,-11.002,1,0.169,0.74,0.00102,0.217,0.767,112.058,778560,4,3,Acoustic Chill
0UemKNAjbQjjkau6s9GO7i,Moscow Mashuka,Yo Yo Honey Singh,['bollywood'],0.733,0.641,1,-6.177,1,0.297,0.069,3.33e-06,0.158,0.598,136.059,188168,4,2,Instrumental Calm
0Un6FfvziLXdJQKpLhv5UD,Yaran De Naal Yaar,Nusrat Fateh Ali Khan,['qawwali'],0.516,0.25,6,-23.112,1,0.0623,0.141,0.0,0.162,0.661,83.931,346400,4,1,Dance Party
0UvdB4c5ONOnxfNyoDUy42,Dua Mangta Hoon,Amjad Sabri,['qawwali'],0.64,0.69,11,-5.75,0,0.0304,0.275,5.45e-06,0.154,0.657,110.04,288422,3,2,Instrumental Calm
0UwSnYQBK7xQtNmyaLkmnN,Tumse Milkar Na Jane (Male Version),Shabbir Kumar,['bollywood'],0.523,0.505,3,-10.868,1,0.0322,0.885,0.375,0.297,0.632,101.693,272108,4,1,Dance Party
0V0KwRy1Wq9Wc9Dj9jtdMp,Ae Khuda Iltija Hai,Sabri Brothers,['ghazal'],0.375,0.527,3,-11.325,1,0.166,0.884,0.000199,0.615,0.486,171.625,474998,3,1,Dance Party
0V21r0Cf6jYpPxhVfDvOey,Achyutam Keshavam Ram Narayanam,Anup Jalota,['ghazal'],0.524,0.722,2,-7.643,1,0.0343,0.771,1.29e-06,0.175,0.711,92.1,211413,4,0,Energetic Happy
0V8skb12rb00Vgt4t1vmn2,Bhige Hue Lamhe,Hariharan,['ghazal'],0.504,0.426,9,-14.34,1,0.0386,0.923,0.209,0.307,0.605,83.439,379160,4,1,Dance Party
0VBMKmhJcsMm5yBT0w5Okm,Sajan Sajan Teri Dulhan (SRT Trap Mix),Alka Yagnik,['bollywood'],0.541,0.726,4,-5.916,0,0.175,0.0167,0.000115,0.128,0.399,81.943,321589,4,2,Instrumental Calm
0VS3wmzOeIhTmPCvJg7awN,"Shree Hanuman Vandana (From ""Shree Hanuman Chalisa (Hanuman Ashtak)"")",Hariharan,['ghazal'],0.374,0.436,11,-6.614,0,0.0338,0.89,0.0,0.119,0.315,123.112,146197,5,1,Dance Party
0VT33QVU48xGGdiYCRCpwY,Adayein Bhi Hain Mohabbat Bhi Hai,Anuradha Paudwal,['ghazal'],0.421,0.757,7,-7.903,0,0.0607,0.841,1.42e-05,0.335,0.511,135.388,324722,4,0,Energetic Happy
0VTPABw72kZ4roflPgEaht,Chaupai Sahib,Harshdeep Kaur,['bollywood'],0.569,0.412,11,-10.124,0,0.0348,0.834,0.0,0.0808,0.203,130.008,655384,4,1,Dance Party
0VXKFkMbIBQoWN9yJZcKkr,Selecta,Picco,['pop'],0.808,0.947,9,-3.131,0,0.12,0.0609,0.00619,0.282,0.846,109.993,154911,4,2,Instrumental Calm
0Ver33ZDrPVXBJAtn1o6uO,Sadke Tera Roop Salona,Asha Bhosle,['bollywood'],0.476,0.6,7,-11.038,1,0.0779,0.956,0.000206,0.462,0.879,84.84,180130,4,1,Dance Party
0Vgu7lani0nMZLqGoU8zW5,Ik Nukte Wich Gal Mukdi Ae - Live in UK,Abida Parveen,['ghazal'],0.443,0.352,7,-12.018,1,0.259,0.828,1.04e-05,0.229,0.405,87.895,844550,4,1,Dance Party
0VhzQCVQDNr4XkzKdgFmZA,Shiv Mantra,Sadhana Sargam,['bollywood'],0.684,0.574,7,-5.791,0,0.0259,0.275,3.08e-06,0.0961,0.758,99.932,859205,4,2,Instrumental Calm
0VjflVIPo1nCJFRexUr9Te,"Zaalima Coca Cola (From ""Zaalima Coca Cola"")",Shreya Ghoshal,['bollywood'],0.761,0.907,9,-3.895,1,0.211,0.452,0.0,0.0637,0.897,107.004,208213,4,2,Instrumental Calm
0VuXoULw3nMbBzm21wp8zq,Om Jai Shiv Omkara,Manoj Mishra,['sufi'],0.624,0.842,0,-5.649,1,0.035,0.0996,0.0,0.137,0.886,94.966,538239,4,2,Instrumental Calm
0VwYEEc83wNAP3W36f7551,Banke Bihari,Jagjit Singh,['ghazal'],0.62,0.685,5,-8.216,1,0.031,0.783,8.09e-06,0.0735,0.799,109.109,408333,4,2,Instrumental Calm
0W5oXFrxZNBTIS1eMW9Ofz,Saturday Nights REMIX,Khalid,[],0.569,0.414,10,-8.901,1,0.0758,0.633,0.0,0.0916,0.35,168.029,211103,4,1,Dance Party
0WOymdmKvNwqVCf5b3ZW0P,Gale Lipte Hain Woh Bijli Ke Dar Se,Nusrat Fateh Ali Khan,['qawwali'],0.54,0.65,6,-11.6,1,0.0423,0.749,0.00209,0.334,0.732,106.821,442267,4,0,Energetic Happy
0WVAQaxrT0wsGEG4BCVSn2,Born To Be Yours,Kygo,[],0.688,0.688,3,-5.84,1,0.0357,0.3,0.0,0.0982,0.451,114.011,193321,4,2,Instrumental Calm
0WZFN4E8HrmGUU0EMyKQ8c,Used To,Juice WRLD,[],0.631,0.691,2,-4.672,1,0.0552,0.1,0.0,0.386,0.216,84.513,176443,4,2,Instrumental Calm
0WaltrainkTe2eXZ1qaR28,Turia Turia Ja,Nusrat Fateh Ali Khan,['qawwali'],0.473,0.67,4,-15.323,1,0.0571,0.0367,0.0101,0.326,0.916,104.375,808007,4,0,Energetic Happy
0WdCvksPhCngFBJLqElLwJ,Yaadan Teriyan,Nusrat Fateh Ali Khan,['qawwali'],0.568,0.527,2,-12.95,0,0.0401,0.317,9.23e-06,0.0772,0.863,85.121,431415,4,2,Instrumental Calm
0WdR2AyLW1Drd3OUdwezM0,everytime,Ariana Grande,[],0.71,0.614,10,-6.757,0,0.0431,0.186,0.0,0.0974,0.658,148.152,172107,4,2,Instrumental Calm
0WooNyWAV7FkYHHSh8z3wQ,Menu Barbad Karan Waliye,Arif Lohar,['sufi'],0.672,0.728,11,-5.435,0,0.0356,0.616,2.09e-05,0.567,0.755,93.934,451336,4,0,Energetic Happy
0X1k2dSjNW9r2zQRIqQlo6,Fatih’in Peygambere Şiiri (İstemem),Hakan Bayraktar,['sufi'],0.423,0.156,9,-16.918,0,0.07,0.661,2.02e-05,0.33,0.344,152.545,237966,4,1,Dance Party
0XJnlkGnE6acHVTRhpKls7,Akhiyaan Milavanga,Arijit Singh,['bollywood'],0.326,0.603,3,-5.882,1,0.11,0.736,4.05e-06,0.0677,0.475,193.485,302319,4,0,Energetic Happy
0XOnMqLQDO89iAg7dWWwnG,pete davidson,Ariana Grande,[],0.652,0.31,4,-10.212,1,0.0509,0.43,1.16e-05,0.182,0.304,119.913,73813,4,1,Dance Party
0XPIh3YVjb9QfBo5m0lHF5,Pagrhi Sambhal Jatta,Rabbi Shergill,['bollywood'],0.485,0.571,2,-6.423,1,0.0301,0.277,4.04e-05,0.127,0.246,136.094,305610,4,2,Instrumental Calm
0XUHYxHOOctkSXReILAaJV,This Way (Khalid x H.E.R.),Khalid,[],0.62,0.282,5,-10.533,0,0.0464,0.694,0.0,0.119,0.193,124.609,211205,3,1,Dance Party
0XVfVbrjFof2GAL8fd5V63,Prabhuji Tum Chandan Hum Pani - Live,Anup Jalota,['bollywood'],0.343,0.541,1,-12.127,1,0.0643,0.441,0.0,0.251,0.54,83.105,356467,4,0,Energetic Happy
0XbAySkD2xUPUudQ1a0kGc,Steady (feat. Tory Lanez),Bebe Rexha,[],0.666,0.642,8,-6.31,0,0.0427,0.135,6.41e-05,0.118,0.321,94.018,194320,4,2,Instrumental Calm
0XcI6Xqq6CD24T2jsVqPOR,Man Atkeya Beparwah De Naal,Nusrat Fateh Ali Khan,"['sufi', 'qawwali']",0.383,0.68,6,-9.791,1,0.0468,0.615,0.000179,0.482,0.691,104.843,867188,4,0,Energetic Happy
0Xk3DdaHhugSv35OS6yBOj,Believer,Imagine Dragons,[],0.77,0.701,10,-7.46,0,0.136,0.0556,0.0,0.0925,0.732,124.947,204405,4,2,Instrumental Calm
0XkAuBCDswQUPXi8jrxg34,Phir Se Daras Dikhao,Anuradha Paudwal,['ghazal'],0.417,0.475,0,-9.887,1,0.0346,0.885,0.0,0.0514,0.682,153.009,347360,4,1,Dance Party
0XsUe4ZgmYFTfo20SKtGX0,Kabira Lofi Mix,Jubin Nautiyal,['bollywood'],0.582,0.433,10,-6.495,0,0.0389,0.937,0.0132,0.135,0.397,82.983,657705,4,1,Dance Party
0XsxMmAb2BEhDoPdNFlKp5,Ayiram Kannulla - Male Vocals,Ravi,['bollywood'],0.671,0.35,5,-12.621,1,0.0361,0.509,0.0,0.159,0.651,92.014,295680,4,1,Dance Party
0YGu5VbKdxYOB9FSfbweX3,Deer In Headlights,Sia,[],0.217,0.392,5,-7.565,1,0.032,0.742,0.000558,0.109,0.0699,183.865,265067,4,1,Dance Party
0YOTKtagMgwIu7EwWPuIy4,Sultaan,Jaspinder Narula,['bollywood'],0.608,0.915,0,-5.716,0,0.0956,0.042,0.142,0.384,0.479,122.795,379728,4,2,Instrumental Calm
0YXvlBkipNf24ajq5PICdp,"Cheluvi Noora Chendagati (From ""O Premave"")",Hariharan,['ghazal'],0.619,0.562,8,-8.337,1,0.0437,0.372,4.1e-05,0.096,0.566,90.028,328690,4,2,Instrumental Calm
0Yfx9LGU4jjuUUvbQhzciW,Akhiyan Udeek Diyan,Rahat Fateh Ali Khan,['qawwali'],0.577,0.835,10,-9.51,0,0.0476,0.135,2.52e-05,0.325,0.93,119.707,823844,4,0,Energetic Happy
0YuX4llcy8fTxnma5ONTWA,Nai O Dil Lagana,Javed Bashir,['qawwali'],0.723,0.874,11,-7.427,1,0.0788,0.11,1.58e-05,0.066,0.642,113.974,357023,4,2,Instrumental Calm
0YytirGmJ9GW8dZiGa84AT,Man Kunto Maula,Nusrat Fateh Ali Khan,['qawwali'],0.445,0.443,0,-17.565,1,0.051,0.293,0.00118,0.352,0.36,146.317,916307,4,1,Dance Party
0ZBDsdpYX9e7i5vXjc382m,O Disdi Kulli Sohne Yaar Dee,Nusrat Fateh Ali Khan,"['sufi', 'qawwali']",0.636,0.605,4,-9.755,0,0.113,0.856,0.0207,0.0929,0.872,146.845,1479369,3,3,Acoustic Chill
0ZEWFTjl00H5aoTYqh2tkl,Everybody Hates Me,The Chainsmokers,[],0.465,0.801,11,-5.316,0,0.0456,0.00791,0.0,0.399,0.494,154.918,224293,4,0,Energetic Happy
0ZHCIqNtDNlzHKA5jMWAt1,"Nandri Solla Unakku (From ""Marumalarchi"")",Hariharan,['ghazal'],0.625,0.577,4,-8.743,0,0.0994,0.655,0.0,0.119,0.739,144.892,220787,4,2,Instrumental Calm
0ZIPzV1lqIGmpfVtTGCxOs,Faking It,Calvin Harris,[],0.78,0.597,9,-4.311,0,0.0797,0.293,0.0,0.0958,0.696,119.979,226053,4,2,Instrumental Calm
0ZS87Z6VDmpWQhr8nZ5B5K,Ve Main Tere Layi Duniya Te Ayi Sajna,Noor Jehan,['ghazal'],0.403,0.377,0,-13.873,1,0.0508,0.709,0.0,0.314,0.863,160.904,253070,4,1,Dance Party
0ZY4LQLZl2YP1BCLijllYS,Qismat Ko Manzoor Yehi Tha,Nusrat Fateh Ali Khan,['qawwali'],0.395,0.732,9,-7.413,0,0.0442,0.542,9.06e-05,0.498,0.752,78.573,1065646,4,0,Energetic Happy
0Ze4dTDGkZE9wN0xZRWJo8,Koto Swapna Dekhe,Alka Yagnik,['bollywood'],0.51,0.91,10,-4.101,0,0.0836,0.47,0.000192,0.429,0.687,93.823,290357,4,0,Energetic Happy
0ZeKqLxazggs8kQJYlIUkE,Aami Bartamanke,Anup Jalota,['bollywood'],0.303,0.514,0,-6.351,1,0.0395,0.317,0.00202,0.147,0.507,91.318,204173,4,0,Energetic Happy
0ZhBH3aVrIPyadaLB18Oz0,Sivoham,Hariharan,['ghazal'],0.418,0.336,5,-7.772,1,0.0277,0.945,9.74e-05,0.105,0.142,99.779,194967,4,1,Dance Party
0ZuHdH0acs3EmaukBgzJQk,Na Jao Saiyan Chhuda Ke Baiyan,Geeta Dutt,['bollywood'],0.637,0.171,2,-14.379,1,0.0465,0.977,5.45e-05,0.104,0.497,90.36,247547,4,1,Dance Party
0a3EjGJFacFxyf93S7UNNf,Data De Deewane - Complete Original Version,Nusrat Fateh Ali Khan,['qawwali'],0.53,0.807,9,-7.485,1,0.055,0.605,0.241,0.105,0.942,91.259,1025557,4,0,Energetic Happy
0aA7ztrnSCfZdWHWOJkp42,Binasib,Iraj Mehdian,['pop'],0.36,0.748,6,-10.839,1,0.0653,0.858,0.0333,0.86,0.897,112.822,222587,4,0,Energetic Happy
0aG2eCph1DWmgpb7v0fXVa,Balam Kalo,Monika Sharma,['pop'],0.847,0.958,7,-3.021,0,0.176,0.366,3.49e-05,0.082,0.301,104.97,171921,4,2,Instrumental Calm
0aGAREkBehlokDdFDTYxja,Menu Chariya Nabi Da Rang,Naseebo Lal,"['ghazal', 'sufi']",0.802,0.764,1,-5.593,0,0.0868,0.358,9.51e-05,0.0641,0.903,80.016,302250,4,2,Instrumental Calm
0aLlJ7kwSMmvpgTNjEiDeU,FRIENDS - Sikdope Remix,Marshmello,[],0.599,0.935,9,-3.768,0,0.0692,0.0468,4.85e-06,0.241,0.617,149.977,163200,4,2,Instrumental Calm
0aVgtoMX4a2Av4l4WL56ll,Say My Name - Sidney Samson Remix,David Guetta,[],0.659,0.963,0,-5.934,1,0.0972,0.078,0.0308,0.128,0.452,122.021,192787,4,2,Instrumental Calm
0abKZi8XYjAhTcK4LxZ4p5,"Tere Mukhrre Da (From ""Chanwey"")",Noor Jehan,['ghazal'],0.684,0.266,3,-11.695,1,0.0404,0.928,2.15e-05,0.0849,0.856,113.546,190427,4,1,Dance Party
0akRsg0VJvpawk4ERGSFki,青い鳥,The Gospellers,['pop'],0.528,0.351,0,-8.791,1,0.031,0.605,0.0,0.294,0.497,81.934,369187,4,1,Dance Party
0aww1trsO3K1x0ZuOcPpr2,Balo Batiyan Ve,Atta Ullah Khan Esakhelvi,['qawwali'],0.403,0.791,11,-6.712,0,0.0505,0.716,0.00239,0.0818,0.8,159.346,583920,3,0,Energetic Happy
0b3bFMzRYv8D363q55obbV,Aankhon Mein Jal Raha Hai Kyun,Jagjit Singh,['sufi'],0.685,0.319,9,-15.002,1,0.0319,0.692,0.00335,0.0982,0.578,133.973,317560,3,1,Dance Party
0b4eqyKiwUKlkNPaxTQe52,"Puchho Na Yaar Kya Hua - From ""Zamaane Ko Dikhana Hai""",Asha Bhosle,['bollywood'],0.585,0.609,5,-6.371,1,0.0356,0.805,0.00155,0.191,0.64,102.407,368667,4,1,Dance Party
0b683lyejYRh6CBWJQgExw,Kids in Love - Acoustic Version,Kygo,[],0.398,0.466,11,-6.685,1,0.0345,0.752,0.00311,0.135,0.166,120.194,245067,4,1,Dance Party
0bGlQNyIdZsyU0my4r5SPJ,Din Bada Limba Hunda Na,Naseebo Lal,['sufi'],0.609,0.974,11,-0.016,1,0.0566,0.137,0.00085,0.0997,0.758,135.958,398028,4,2,Instrumental Calm
0bP2WhCT0F2pA0vjqaiDSk,We Can't Stop,Miley Cyrus,[],0.608,0.631,1,-5.841,0,0.0349,0.00841,0.0,0.398,0.514,80.038,232120,4,2,Instrumental Calm
0bWwpYK11j4jUf6WxWvchm,Your Song,Rita Ora,['pop'],0.853,0.571,1,-5.845,1,0.0543,0.132,0.0,0.0564,0.958,117.991,180160,4,2,Instrumental Calm
0bZNoobcMzDDvMVH0nTu89,Jaago Jaago Hey Bhole Baba,Anuradha Paudwal,['bollywood'],0.373,0.438,6,-12.102,0,0.0349,0.861,0.0,0.172,0.334,79.809,410533,4,1,Dance Party
0baYVkFX4vIXXmIuHRWXDN,Out My Way,Juice WRLD,[],0.664,0.832,10,-3.166,0,0.34,0.107,0.0,0.776,0.498,164.144,156621,4,2,Instrumental Calm
0bh56tIOc9CKwn8C1sQjc3,Shanideva Ho Deva,Anuradha Paudwal,['ghazal'],0.621,0.726,1,-7.014,0,0.119,0.203,0.0,0.147,0.787,179.991,239824,3,2,Instrumental Calm
0bkZP6HJBDA0kBbMYKXsWj,Tere Mere Sapne Ab Ek Rang Hain,Mohammed Rafi,['bollywood'],0.246,0.402,3,-12.103,1,0.0366,0.978,0.159,0.15,0.553,174.323,261280,3,1,Dance Party
0bmdPzJA3lZn8UGTk5AhW6,Oi Gachher Patay Roder Jhikimiki,Lata Mangeshkar,['bollywood'],0.59,0.342,2,-11.299,1,0.0447,0.939,0.000186,0.0892,0.689,137.337,212880,3,1,Dance Party
0bxsAsq8wRAgL28XwyQxVd,Challa Mera Ji Dhola,Atta Ullah Khan Esakhelvi,['qawwali'],0.411,0.656,7,-8.752,1,0.0462,0.82,0.392,0.183,0.716,85.829,522547,4,0,Energetic Happy
0c4DWD2U84PI9Prv01xg1M,Sai Naam Hai,Anup Jalota,['ghazal'],0.541,0.534,6,-9.053,1,0.0337,0.42,6.69e-06,0.111,0.298,94.996,305160,4,1,Dance Party
0cDbVbHEUM419vxXxigLtS,Shine Ya Light,Rita Ora,[],0.486,0.809,4,-3.207,1,0.0416,0.018,0.0,0.373,0.567,145.514,211080,4,0,Energetic Happy
0cYgz46GrqcNI8nYdgGzzW,Ey Aşıkı Sadıklar,Mehmet Emin Ay,['sufi'],0.265,0.294,9,-8.013,1,0.0347,0.959,0.000791,0.404,0.336,90.381,245206,5,1,Dance Party
0cYkqEhfgB3G07o72FzkmL,Sajna Ve,Vishal Mishra,['bollywood'],0.593,0.378,11,-8.706,1,0.0376,0.642,0.0,0.134,0.389,83.992,197857,4,1,Dance Party
0ckSZ5Qgau3t3sjBStIPdU,Main Chithhi Pawan Sajnan Noon,Nusrat Fateh Ali Khan,['sufi'],0.425,0.891,2,-6.346,0,0.0423,0.37,0.00245,0.253,0.853,108.636,1734340,4,3,Acoustic Chill
0crAEn9sv3VfvAYo2Kfcua,Pranay Panthe Janara,Manhar Udhas,['bollywood'],0.584,0.456,4,-11.705,1,0.0392,0.681,4.13e-06,0.0908,0.59,95.843,489867,4,1,Dance Party
0ctA1Kk4fCJtaVOHqpC64v,Devi Sahastranamavali,Anuradha Paudwal,['ghazal'],0.381,0.123,8,-13.186,1,0.04,0.988,0.0,0.221,0.119,76.631,2713200,5,3,Acoustic Chill
0cvWXuNAdFshcoLoCPVPCL,Kabhi To Aasma Se,Jagjit Singh,['ghazal'],0.661,0.201,10,-16.754,1,0.0334,0.696,2.1e-05,0.0932,0.601,88.043,333765,4,1,Dance Party
0cziYRY1DLY5aaLpz4zc2x,Laal Ishq,Rahat Fateh Ali Khan,['qawwali'],0.322,0.335,8,-14.48,0,0.0657,0.786,0.0,0.615,0.36,90.561,362775,4,1,Dance Party
0d7YCgHCLqPE68eZjdfwkW,Allah Jane Way Mahi Tera Pyar,Nazir Ejaz Faridi Qawwal,['qawwali'],0.441,0.674,5,-7.117,1,0.0505,0.733,0.000939,0.622,0.615,107.422,537051,4,0,Energetic Happy
0dIA11svosRo83BHU5582i,Hamein Koi Gham Nahi Tha,Mehdi Hassan,['ghazal'],0.266,0.58,6,-10.131,1,0.0378,0.692,0.676,0.418,0.426,137.509,490646,4,4,Rap / Spoken
0dIoGTQXDh1wVnhIiSyYEa,Bartier Cardi (feat. 21 Savage),Cardi B,[],0.908,0.524,1,-7.955,1,0.181,0.00111,0.000678,0.383,0.109,138.015,224285,4,2,Instrumental Calm
0dMPeohKulkSvQ3Y3KHipq,Dil Jis Se Zinda,Nusrat Fateh Ali Khan,['qawwali'],0.482,0.518,1,-8.144,0,0.0659,0.842,0.0791,0.248,0.723,121.881,1708773,4,3,Acoustic Chill
0dSssV0E16ALRcfPY02uGb,Roye Dharti Roye Amber,Jagjit Singh,['ghazal'],0.564,0.722,1,-6.104,1,0.0327,0.349,4.28e-05,0.0912,0.534,85.991,373909,4,2,Instrumental Calm
0dVf5eVRSgxrS6TOWNlUFm,"Ae Janam Ae Janam (From ""Azra"")",Noor Jehan,['ghazal'],0.464,0.296,10,-11.338,1,0.0613,0.842,0.000322,0.135,0.548,147.479,210147,4,1,Dance Party
0dYPiZfDeGMjg0wPVeqlhv,Chardi Jawani Meri,Naseebo Lal,['sufi'],0.781,0.918,1,-4.63,1,0.0386,0.482,0.208,0.696,0.953,109.979,344999,4,0,Energetic Happy
0dgUWx5DwRQVg9j1WDDYpC,Bewafa Yoon Tera Muskarana,Atta Ullah Khan Esakhelvi,"['sufi', 'qawwali']",0.331,0.681,7,-7.137,1,0.0451,0.725,0.0,0.285,0.593,100.932,1862927,4,3,Acoustic Chill
0dlsF8fQF697jlQRFUYy71,Kecha Tamol,Anuradha Paudwal,['ghazal'],0.41,0.696,0,-7.104,1,0.229,0.678,0.0,0.129,0.952,167.164,348630,3,0,Energetic Happy
0dmRTSKZJM9zXzoPO78dFJ,Tip Tip Barsa Paani - Jhankar Beats,Alka Yagnik,['bollywood'],0.615,0.862,5,-8.419,0,0.0539,0.483,7.62e-05,0.355,0.844,104.403,297394,4,0,Energetic Happy
0doKtC7BsRNWOQ7g4AIWFL,Atak Gaya,Arijit Singh,['bollywood'],0.4,0.366,6,-8.598,1,0.0342,0.87,0.00163,0.102,0.508,80.568,199407,4,1,Dance Party
0dzPpe6x8I3lGZFifUISew,Tum Ek Gorakh Dhanda Ho,Nusrat Fateh Ali Khan,"['sufi', 'qawwali']",0.535,0.764,6,-6.867,1,0.0726,0.381,0.0,0.318,0.823,107.729,1817448,4,3,Acoustic Chill
0e3gi36ySaA3LDYajiRXKt,Orkant/Balance Pon It,Major Lazer,[],0.849,0.92,1,-4.191,1,0.143,0.0184,1.68e-05,0.522,0.71,126.038,279445,4,2,Instrumental Calm
0e3ujCTfBtvX8HdQrEUBd9,Big Yellow Taxi - Recorded at Spotify Studios NYC,Rita Ora,[],0.535,0.282,3,-8.319,1,0.211,0.821,0.0,0.0968,0.863,166.078,149063,4,1,Dance Party
0e7ipj03S05BNilyu5bRzt,rockstar (feat. 21 Savage),Post Malone,[],0.587,0.535,5,-6.09,0,0.0898,0.117,6.56e-05,0.131,0.14,159.847,218147,4,2,Instrumental Calm
0e9yz3Fz7Nn6I5E4XBP8no,Sell Out,Marshmello,[],0.605,0.963,3,0.634,0,0.0681,0.0125,0.788,0.434,0.42,145.013,192000,4,4,Rap / Spoken
0eFMHRnHxwxclcJW5uwHtj,Hare Krishna Hare Krishna Krishna Krishna Hare Hare,Kavita Seth,['sufi'],0.307,0.543,9,-10.58,1,0.0414,0.59,0.0,0.0353,0.678,106.297,992000,4,0,Energetic Happy
0eH0O9HJ4V5mfUjJ9nxtP1,Kal Raat Tumhare Honton,Rahat Fateh Ali Khan,['qawwali'],0.415,0.346,7,-19.827,0,0.0411,0.0124,0.0,0.0665,0.308,83.568,458400,4,1,Dance Party
0eK7EkppnvW8zXar5pRr3N,Nai Jeena Pyar Bina - Remix,Nusrat Fateh Ali Khan,['sufi'],0.74,0.917,7,-5.067,1,0.0461,0.00133,0.0249,0.061,0.68,135.999,252768,4,2,Instrumental Calm
0eR9rO4DeZoYzQWhlAsBXw,Kinna Sohna Tainu,Rahat Fateh Ali Khan,['qawwali'],0.491,0.727,7,-10.832,0,0.0558,0.0349,0.0,0.29,0.885,114.647,480305,4,0,Energetic Happy
0eUwuRuPBzxhU9ApFIcDl2,Diggin' My Grave,Lady Gaga,[],0.684,0.612,9,-4.653,0,0.0287,0.171,1.53e-05,0.103,0.561,93.964,237307,4,2,Instrumental Calm
0eWKzXQgxiBW7P5olVx9nY,Humsafar Hota Koi Toh Baant Lete,Jagjit Singh,['ghazal'],0.662,0.484,8,-10.241,1,0.0326,0.743,0.711,0.054,0.815,110.638,353000,1,4,Rap / Spoken
0eYJYREPN2KfPGbX80xJXk,Tu Ne Dekha Hai Kabhi,Mehdi Hassan,['sufi'],0.556,0.443,10,-13.963,0,0.0296,0.384,0.000647,0.165,0.685,128.13,312304,4,1,Dance Party
0eayB5jay6m21D816D7jF4,Wait - Chromeo Remix,Maroon 5,[],0.675,0.911,10,-2.947,0,0.0391,0.00984,0.00912,0.125,0.893,122.043,259664,4,2,Instrumental Calm
0eeez2oZP5ki4WVR6cgR9R,Mast Aankhon Ki Kasam - Complete Original Version,Nusrat Fateh Ali Khan,"['sufi', 'qawwali']",0.433,0.864,6,-3.242,1,0.115,0.694,0.00672,0.271,0.767,108.293,1139794,4,0,Energetic Happy
0elEMoqg5wAvL6RcPTjyVG,Tum Geet Suno Main Gaun,Munni Begum,['sufi'],0.492,0.352,10,-15.931,1,0.033,0.838,2.89e-06,0.0836,0.79,96.428,309386,4,1,Dance Party
0eox7N4SWbBUuTFRMK9gzc,Tere Qurban Pyare Muhammad,Nusrat Fateh Ali Khan,['qawwali'],0.418,0.773,8,-7.978,1,0.213,0.737,0.0,0.795,0.658,100.896,925399,4,3,Acoustic Chill
0evt4UZbdhnHtcAnxkm6A1,Normal,Eminem,[],0.907,0.64,6,-6.542,1,0.354,0.261,0.0,0.0785,0.803,120.995,222477,4,2,Instrumental Calm
0ewZH25644Kn1WrShIHq89,Acemaşiran Ayin / Birinci Selam - Hüseyin Fahrettin Dede,İsmail Dede Efendi,['sufi'],0.219,0.26,5,-13.357,1,0.0377,0.991,0.975,0.125,0.463,106.083,148120,5,4,Rap / Spoken
0eycvLvSoLpgx9uV0ymhxU,NA ENE Gulabo NA,Manhar Udhas,['bollywood'],0.712,0.565,6,-7.288,1,0.0289,0.411,0.0,0.127,0.579,119.947,370000,4,2,Instrumental Calm
0f3E2lXzViBKugSc7AzTrz,Jab Tum Aa Jaate Ho - Maharaja / Soundtrack Version,Sonu Nigam,['bollywood'],0.521,0.742,4,-11.626,0,0.0616,0.102,0.00226,0.127,0.741,85.79,407586,4,2,Instrumental Calm
0f757JS3YKEGFqEMf4fgyL,Husain Hain Yeh,Jani Babu,['qawwali'],0.519,0.531,5,-9.456,1,0.0435,0.923,1.5e-05,0.324,0.649,136.125,183440,3,1,Dance Party
0fGkyTWyjuLnT9IyWHysmW,Ratoon KO Chain Se Na Soya,Rahat Fateh Ali Khan,['sufi'],0.384,0.516,9,-15.289,1,0.0486,0.44,4.21e-06,0.689,0.793,115.786,906998,4,3,Acoustic Chill
0fHq1qQbBR7CQpVioU7od3,Paindi ae barsaat,Naseebo Lal,['ghazal'],0.58,0.859,2,-5.986,0,0.0527,0.314,0.000899,0.546,0.791,129.87,319060,4,0,Energetic Happy
0fJtP2HkuZtzfh30XIMtPw,Your Song,Lady Gaga,[],0.486,0.486,9,-7.103,1,0.029,0.345,0.0,0.139,0.184,128.768,256747,4,2,Instrumental Calm
0fOkthps9Udf6can1TnybK,"Gulabi Ankhen - From ""The Train""",Mohammed Rafi,['bollywood'],0.579,0.797,9,-5.049,1,0.0698,0.679,5.22e-06,0.36,0.744,108.052,198267,4,0,Energetic Happy
0fQlF0zDIalaVmhsg66iqM,Kamli Wala Muhammad,Nusrat Fateh Ali Khan,"['sufi', 'qawwali']",0.433,0.708,1,-7.591,1,0.0479,0.684,1.77e-06,0.262,0.757,103.893,759667,4,0,Energetic Happy
0fTiDOXRNEN0lUeYGoSHml,Somebody,The Chainsmokers,[],0.32,0.63,10,-7.019,0,0.0493,0.192,0.0,0.102,0.323,203.443,221987,4,0,Energetic Happy
0fcq51a3gOI6gPvzc0YLsk,Wow. - Remix,Post Malone,[],0.797,0.64,11,-6.272,0,0.194,0.148,0.0,0.209,0.486,100.002,170053,4,2,Instrumental Calm
0ffcI4mASRWRK8kWHM2iLI,Ishq,Junoon,['ghazal'],0.554,0.749,9,-8.832,0,0.0421,0.0173,0.0,0.124,0.478,80.002,299067,4,2,Instrumental Calm
0fglQtblGOEvjhfMytGdGI,Dekh Tera Kiya,Alamgir,['ghazal'],0.48,0.556,5,-9.538,1,0.0789,0.723,1.35e-06,0.129,0.767,114.27,202573,4,1,Dance Party
0fjRfTBLPp0KVC46g5u3d5,Kabhi Ae Haqeeqat,Nusrat Fateh Ali Khan,['qawwali'],0.546,0.737,6,-4.556,1,0.0522,0.722,0.0,0.781,0.809,122.083,509368,4,0,Energetic Happy
0fo1xO9kWpP565yy4j82DA,Tan Vi Rangiya - Shahenshah,Naseebo Lal,['sufi'],0.633,0.885,9,-4.898,1,0.076,0.132,0.00474,0.132,0.92,91.905,263106,4,2,Instrumental Calm
0gD6oAVbE4JnzgRn0xlvJV,Janeman,Benny Dayal,['bollywood'],0.765,0.728,4,-5.308,1,0.0342,0.0757,0.0,0.128,0.522,128.008,216120,4,2,Instrumental Calm
0gHFDbhx2RFBrhJplPxlcT,Jugni,Diljit Dosanjh,['bollywood'],0.761,0.896,11,-3.668,0,0.215,0.0776,2.7e-06,0.124,0.65,96.957,193190,4,2,Instrumental Calm
0gPdxIzShytUWsmcqMNCpx,"Mere Naseeb Mein - From ""Naseeb""",Lata Mangeshkar,['bollywood'],0.435,0.761,9,-7.35,0,0.0469,0.85,0.00235,0.264,0.764,97.88,377480,4,0,Energetic Happy
0gRkGHKiZHUl12KdMGUThY,Main Sharabi Hoon Mujhe Pyar Hai,Atta Ullah Khan Esakhelvi,['qawwali'],0.634,0.874,1,-6.651,1,0.11,0.287,0.159,0.0349,0.405,103.958,560977,4,2,Instrumental Calm
0gZQ8JCtYz1bNtmtGTBeYm,The Bitch Is Back,Miley Cyrus,[],0.666,0.731,0,-4.931,1,0.0272,0.00624,0.000886,0.0772,0.534,129.999,212760,4,2,Instrumental Calm
0gkzNte8QvBPAiBEgiZl8a,Kamli Wala Muhammad,Nusrat Fateh Ali Khan,"['sufi', 'qawwali']",0.441,0.373,1,-17.777,1,0.0529,0.588,0.0,0.368,0.747,106.588,864427,4,1,Dance Party
0gs4sRyP0b8rWm2lYwlfrR,Sade Naal Na Itna Lar Dhola,Naseebo Lal,['sufi'],0.659,0.861,10,-4.918,0,0.0471,0.326,0.000286,0.321,0.965,102.143,312007,4,2,Instrumental Calm
0gsDBm94QELEJAcGS59f1b,Flashbacks,Marshmello,[],0.58,0.901,0,-0.958,1,0.0326,0.0052,0.698,0.111,0.427,142.031,165634,4,4,Rap / Spoken
0gsF7mX9wTuL7F4HBSX4Oo,Mashoor Hazoor E Aala,Shahid Mallya,['bollywood'],0.785,0.801,4,-5.521,0,0.0451,0.201,0.0,0.34,0.626,97.987,214341,4,2,Instrumental Calm
0gwmxhKfwJfu5FsWwiGkb6,אנת הוא זן,ישיבת רמת גן,['pop'],0.454,0.848,6,-5.165,0,0.0355,0.267,1.85e-06,0.362,0.952,127.999,210887,4,0,Energetic Happy
0h5eUcs7zcBVuyM4gxEFsi,"Suno Suno (From ""Gali Gali Chor Hai"")",Mohit Chauhan,['bollywood'],0.565,0.536,5,-5.219,1,0.0258,0.511,2.58e-05,0.191,0.65,89.997,322432,4,2,Instrumental Calm
0hBemn8Gjx5ePccYGaTYzw,Fallin',Alicia Keys,[],0.653,0.609,11,-7.519,0,0.037,0.263,0.00101,0.233,0.482,95.982,210200,3,2,Instrumental Calm
0hL7tvMKBLW30sige6ctu7,Chokra Jawaan,Amit Trivedi,['bollywood'],0.558,0.694,1,-9.517,0,0.207,0.472,0.0,0.101,0.612,129.949,310152,4,2,Instrumental Calm
0hM9IKZu3Zh6ldqAlA0Tlo,Khol De Baahein,Sachin-Jigar,['bollywood'],0.606,0.217,1,-14.647,1,0.0352,0.89,0.00173,0.0816,0.406,139.661,189446,3,1,Dance Party
0hPQV9bbUQRcHgBzG7XXCk,Ewenetega Fiker,Tilahun Gessesse,['pop'],0.614,0.721,10,-4.577,1,0.0981,0.872,0.124,0.122,0.773,125.581,377652,4,2,Instrumental Calm
0hQNLwyf8qtVBXJiFeTkD8,Chiraiyya,Swanand Kirkire,['bollywood'],0.659,0.315,7,-10.503,1,0.0286,0.849,0.0,0.109,0.342,119.79,253074,1,1,Dance Party
0hU2CK5XirndUWU5HCTmPF,ทะเลเปี่ยมรัก,อ๊อด คีรีบูน,['pop'],0.784,0.646,5,-5.553,1,0.0278,0.381,0.0608,0.12,0.82,113.981,163533,4,2,Instrumental Calm
0hn5ud8JeAZkkU4sI2qWAR,Kaise Koi Jiye Aaya Toofan,Hemant Kumar,['bollywood'],0.191,0.366,5,-11.51,0,0.0347,0.993,0.7,0.174,0.366,172.527,199436,4,4,Rap / Spoken
0hr6RVUYJsWqXjrn5bEWT6,Jo Dil Mein Aata Hai,Amit Kumar,['bollywood'],0.652,0.711,7,-11.529,1,0.0341,0.284,7.66e-06,0.112,0.913,145.501,349000,4,2,Instrumental Calm
0hreO9tj5yiYftUuVThaea,Something Just Like This - Live In Buenos Aires,Coldplay,[],0.426,0.859,11,-5.866,0,0.0448,0.00072,0.000775,0.456,0.17,102.913,244240,4,0,Energetic Happy
0hsEwB7RvpWOJYZnAF4j4E,Never Let You Go - Acoustic Version,Kygo,[],0.481,0.351,10,-8.416,1,0.0421,0.925,0.00735,0.112,0.189,125.13,239453,4,1,Dance Party
0hyg6FOyYOpvQCD6UAqhT5,Alles Wat Ademt,Rob De Nijs,['pop'],0.558,0.427,3,-11.743,1,0.028,0.0556,4.54e-05,0.0985,0.468,113.3,226427,4,2,Instrumental Calm
0i0wnv9UoFdZ5MfuFGQzMy,Last Hurrah,Bebe Rexha,[],0.514,0.618,11,-4.585,0,0.0317,0.175,0.0,0.117,0.401,84.259,150333,4,2,Instrumental Calm
0i8bRWxcHDgU1IUOxfhAK2,Dard Utha Phir Halke Halke,Manna Dey,['bollywood'],0.423,0.251,4,-13.02,1,0.0414,0.993,0.669,0.124,0.536,126.293,196840,4,4,Rap / Spoken
0i9nBs3DMx4aqS54MC3DXJ,Maula Ali Haider,Rahat Fateh Ali Khan,['sufi'],0.517,0.881,10,-5.972,1,0.0694,0.624,0.00167,0.105,0.776,180.187,402889,4,0,Energetic Happy
0iFgMhnzNCQzoUwzZRvWCM,LE COSE CHE,SAC1,['pop'],0.753,0.562,9,-6.223,0,0.105,0.391,0.0,0.292,0.503,159.967,171125,4,2,Instrumental Calm
0iGolditFWxUgwIxEMZsg2,Aarzooemohabbat Hai,Nusrat Fateh Ali Khan,['sufi'],0.343,0.791,4,-10.116,0,0.199,0.746,0.0,0.214,0.62,102.605,521535,4,0,Energetic Happy
0iHhQPWBo9sn20XSMZDCn8,Navak Andaz Jidhar Deeda- E- Jana Hongay,Mehdi Hassan,['bollywood'],0.289,0.526,0,-10.231,1,0.0487,0.978,0.882,0.142,0.328,139.671,646413,4,4,Rap / Spoken
0iJipW8qIhb6Pbwy1i6qCU,Unpe Kuchh Is Tarah Pyar Ane Laga,Ghulam Ali,['bollywood'],0.522,0.454,8,-12.802,1,0.0374,0.873,0.000498,0.0835,0.45,131.765,589290,1,1,Dance Party
0iK4RwxHbUmH69ZsyKa7F7,Midnight,Anki,['pop'],0.565,0.757,4,-1.507,1,0.0293,0.559,0.0,0.0821,0.276,99.961,302400,4,2,Instrumental Calm
0iRHAWk6WAs8UQfrIUtUw8,Krishna Shloka,Anup Jalota,['bollywood'],0.433,0.0789,2,-20.306,1,0.0375,0.914,5.3e-05,0.0723,0.353,64.129,38265,3,1,Dance Party
0iz5EN29GUu6fziys966Ci,Dam Dama Dam,Vinod Rathod,['bollywood'],0.492,0.794,4,-8.769,1,0.0574,0.684,2.17e-06,0.347,0.788,66.574,320000,4,0,Energetic Happy
0j0kiCrDy76iaC1udZLV7h,Tere Milne Ki Ummeed,Suresh Wadkar,['bollywood'],0.711,0.581,6,-6.136,0,0.0305,0.707,0.0,0.0995,0.803,119.91,305662,3,2,Instrumental Calm
0j2uklYg58O36CaAZTrrZQ,Irubathu Vayathu - Male Vocals,Hariharan,['ghazal'],0.801,0.559,9,-8.477,1,0.0349,0.131,0.0,0.205,0.895,104.959,352440,4,2,Instrumental Calm
0j2wful8poKci10SHvITmt,Mere Dil Ki Hai Awaz,Masood Rana,['ghazal'],0.444,0.313,8,-14.565,1,0.0401,0.985,0.00601,0.154,0.374,134.618,300267,4,1,Dance Party
0j5ZIpmTZWU6laKghkUPxE,Bemaran Nu Shafa,Atta Ullah Khan Esakhelvi,['sufi'],0.238,0.576,7,-14.106,1,0.116,0.234,6.11e-06,0.531,0.434,74.668,420188,3,0,Energetic Happy
0j6pJKAQfwOR48UZ8a3RJt,Aa Ja Dikhaoon Tujhe Jannat,Asha Bhosle,['bollywood'],0.553,0.382,2,-9.118,0,0.279,0.94,3.63e-05,0.292,0.9,147.761,237507,4,1,Dance Party
0j77ikAaghcss4idQVcAXT,Boys,Lizzo,[],0.892,0.588,1,-4.287,0,0.11,0.00319,0.000162,0.0498,0.753,120.042,172630,4,2,Instrumental Calm
0jBCjt4R65Azjw8wv9Tbx8,"Nahin Nahin Koi Tumsa Haseen - From ""Swarag Narak""",Kishore Kumar,['bollywood'],0.437,0.204,5,-12.158,1,0.0416,0.85,0.0,0.105,0.434,150.379,348573,4,1,Dance Party
0jHeUi4I8N7iYAMhx16jFJ,JAWAN MAIN JAWAN,Gurdas Maan,['sufi'],0.476,0.844,4,-2.706,0,0.205,0.378,0.00614,0.346,0.902,100.99,273785,4,0,Energetic Happy
0jkXQnmVJju20AtESDDgJG,Carnaval Arequipeño,Raúl García Zárate,['pop'],0.598,0.391,11,-9.347,1,0.0626,0.897,0.781,0.106,0.42,100.638,151253,4,4,Rap / Spoken
0jm5Iz4x3NwpT3S3vrGfm4,Shaya Dance,The Yuval Ron Ensemble,['sufi'],0.464,0.304,7,-13.989,1,0.066,0.619,0.86,0.0974,0.133,97.81,403680,4,4,Rap / Spoken
0jyYsz6dJetocpoJ5FGp8k,Golap Hoye Uthuk Phute,K. L. Saigal,['bollywood'],0.389,0.247,9,-12.303,1,0.0347,0.986,0.000134,0.118,0.396,133.651,225250,3,1,Dance Party
0jys8Dl9LFyKtVgUeG2dhF,Doron Doron,Atta Ullah Khan Esakhelvi,['qawwali'],0.758,0.877,6,-8.909,1,0.0568,0.152,0.00233,0.344,0.868,112.657,390008,4,2,Instrumental Calm
0kDIirlQCy6YnmsK5pZ6PZ,I'm Not Alone - CamelPhat Remix,Calvin Harris,[],0.575,0.969,1,-6.741,0,0.0425,0.0105,0.683,0.118,0.0368,122.998,244146,3,4,Rap / Spoken
0kElu0spgOtFY6PMOOV3uo,Isfahanî,Kudsi Erguner,['sufi'],0.267,0.0259,2,-21.005,1,0.0424,0.995,0.878,0.106,0.357,134.429,387533,5,4,Rap / Spoken
0kWfEGvCbaXdeau2VtGmbB,Marty Dam Tak Bewafa Say,Gul Bahar Bano,['ghazal'],0.769,0.483,11,-10.814,1,0.0386,0.117,0.00355,0.173,0.687,122.049,371958,3,2,Instrumental Calm
0khzfscRnmXD7O2CDTo1yg,Aa Ke Na Jaaye Khali,Jaspinder Narula,['bollywood'],0.53,0.449,3,-12.92,0,0.113,0.596,0.0,0.705,0.682,97.354,492542,4,1,Dance Party
0knxP8zTZULAZtlvLoPoLq,"Ae Ri Sakhi Ri More Angana Mein (From ""Khwaja Ka Aangan"")",Chhote Majid Shola,['qawwali'],0.358,0.713,0,-8.726,1,0.0653,0.484,0.0,0.336,0.714,89.631,843993,4,0,Energetic Happy
0koDBDWyjbSM9xbNBiKKKJ,Sesh Gaan Noy Aaj,Bappi Lahiri,['bollywood'],0.302,0.773,6,-4.307,1,0.0427,0.766,0.000104,0.0996,0.627,146.597,200150,3,0,Energetic Happy
0kqEPbhnUEEL0N8bkThE8m,"Koi Naiya Chadke Jaaye (From ""Ganga Maiya Var De"")",Anuradha Paudwal,['ghazal'],0.438,0.495,6,-2.778,1,0.0276,0.879,3.61e-05,0.154,0.401,116.562,372193,1,1,Dance Party
0kwT98UXKA8SjkVpntdXoe,Hamal Mani Paidakay,Sabir Ali Baloch,['pop'],0.362,0.938,8,-8.196,1,0.0579,0.149,0.000163,0.451,0.897,186.579,379088,3,0,Energetic Happy
0ky7VOnSvqqp7jZN3qEZAn,"Kaal Karai So Aaj Kar (From ""Kabir Vay Anya Santon Ke Dohe"")",Anuradha Paudwal,['bollywood'],0.614,0.612,0,-4.647,1,0.0323,0.418,0.0,0.213,0.68,142.62,394160,4,2,Instrumental Calm
0lAp3xRfma1y25Ful141Zl,Sanson Ki Mala Pe Simron,Rahat Fateh Ali Khan,['qawwali'],0.367,0.87,10,-1.977,0,0.0801,0.639,0.00147,0.856,0.596,162.182,541000,3,0,Energetic Happy
0lEmEL4Kt98QZWJH3IelwN,Aman,Eylem,['pop'],0.679,0.837,8,-6.812,1,0.0408,0.116,0.00502,0.133,0.797,97.011,196067,4,2,Instrumental Calm
0lG6QM1jjbbX5UUn3DPmrZ,Lost Control,Alan Walker,[],0.736,0.555,4,-4.689,1,0.0757,0.0345,0.000157,0.0798,0.323,91.997,222320,4,2,Instrumental Calm
0lHY4eFHZjwdcLE2u7VUSr,Ali Ali Maula Ali Ali,Nusrat Fateh Ali Khan,"['sufi', 'qawwali']",0.466,0.705,5,-12.082,0,0.0617,0.626,0.0203,0.277,0.667,102.055,576733,4,0,Energetic Happy
0lHvmIyGBnrNkEwJLuMZHe,Ik Lat Chukan Te,Naseebo Lal,['sufi'],0.755,0.608,1,-10.537,1,0.0749,0.398,4.95e-06,0.34,0.759,140.219,282250,4,2,Instrumental Calm
0lYHxNBqTGb6WqPac0h0Vt,Dil e Naadan,Abida Parveen,['ghazal'],0.516,0.442,10,-11.812,0,0.0484,0.149,0.0114,0.077,0.672,143.91,484785,4,2,Instrumental Calm
0lZRISCo5uoeJfhF5xspct,Jugni (DnB Mix) by DJ A.Sen,Arif Lohar,['sufi'],0.501,0.862,3,-5.096,0,0.0465,0.301,2.9e-05,0.385,0.511,173.973,228969,4,0,Energetic Happy
0lks2Kt9veMOFEAPN0fsqN,Lily,Alan Walker,[],0.423,0.634,6,-5.877,0,0.0578,0.196,0.0,0.189,0.467,150.978,195840,4,0,Energetic Happy
0llqJhAyfqaQVblBMGRwlr,Chhalakti Joi Ne Mausam,Manhar Udhas,['bollywood'],0.538,0.328,8,-14.992,1,0.0324,0.656,4.85e-06,0.221,0.622,91.949,309853,4,1,Dance Party
0loqaykdPUzVKnn5RO1A71,Likh Diya Apne Dar Pe,Nusrat Fateh Ali Khan,['qawwali'],0.494,0.913,5,-2.964,0,0.106,0.756,0.00481,0.946,0.707,106.033,1390696,4,3,Acoustic Chill
0lv9VkudtqaWoXSNmtrVE8,Flames - Robin Schulz Remix,David Guetta,[],0.728,0.762,8,-4.322,1,0.111,0.0236,2.18e-05,0.207,0.295,97.983,208251,4,2,Instrumental Calm
0mCJtvcttAfQsxUAe9qQbE,508星球(伴奏),Don Chu,['pop'],0.535,0.394,9,-11.547,1,0.0294,0.317,0.296,0.111,0.192,133.937,268419,4,1,Dance Party
0mEwwjb88TQPzO0tQquw9D,Designer Drugs,Sunsets and Hearts,['pop'],0.624,0.747,10,-5.731,0,0.051,0.361,0.00124,0.169,0.61,102.913,264187,4,2,Instrumental Calm
0mJiMMibZSyfYuBVbQJEyL,Kaise Katen Ge Yeh Din,Shahid Ali Khan,['qawwali'],0.686,0.635,7,-13.726,0,0.0822,0.4,0.728,0.0564,0.902,120.874,336436,4,4,Rap / Spoken
0mmQdKCOq1j7xu0h2EVUYd,Ravidass Guru,Nusrat Fateh Ali Khan,['qawwali'],0.498,0.818,6,-4.998,1,0.057,0.535,0.0,0.308,0.89,147.608,1698130,4,3,Acoustic Chill
0mnmzw0iDHyO3FbxEp56Dg,Unarchikalai Vazhavidu,Srikanth Deva,['pop'],0.858,0.645,8,-9.231,0,0.178,0.111,7.46e-05,0.0606,0.792,109.981,302187,4,2,Instrumental Calm
0moJQWB8fczf84Kva1SBAg,Agar Kabhi Meri Yaad Aayay,Fariha Pervez,['sufi'],0.361,0.177,2,-19.282,1,0.0522,0.908,0.0,0.1,0.17,174.13,240000,4,1,Dance Party
0moiDyNUOMJ2G4TBajXfT4,Remind Me to Forget - Hook N Sling Remix,Kygo,[],0.712,0.792,0,-4.22,1,0.0366,0.012,0.000282,0.285,0.621,105.002,217133,4,2,Instrumental Calm
0msDDRoLR4bpPsrFAi3keu,Bütün İnsanlardan,Gule,['pop'],0.437,0.398,5,-13.017,0,0.0599,0.858,0.0,0.342,0.579,119.572,263000,4,1,Dance Party
0mtW8xlCyBxiqD7FeR0eMP,Kaali Aankhen Miss India,Anu Malik,['bollywood'],0.695,0.867,9,-9.396,1,0.0624,0.317,0.0,0.0504,0.831,101.895,374227,4,2,Instrumental Calm
0mw9ixehNEguAaMg4fwhFy,Wo Ke Har Edhe,Mehdi Hassan,"['ghazal', 'sufi']",0.289,0.672,0,-10.801,1,0.0574,0.765,0.636,0.198,0.516,82.597,611933,4,4,Rap / Spoken
0n1BISzZl40h79syWKjLkl,Kisi Bewafa Ne Diya,Atta Ullah Khan Esakhelvi,"['ghazal', 'sufi']",0.345,0.513,8,-7.941,0,0.0615,0.468,1.12e-06,0.122,0.366,89.968,431877,4,0,Energetic Happy
0n94ranqKzuva2zEUtwGJF,Padaru Chhindila Ghungura,Anuradha Paudwal,['ghazal'],0.422,0.756,11,-1.668,0,0.0345,0.803,7e-06,0.101,0.729,84.119,317580,4,0,Energetic Happy
0nCpCOR7mgoAyAaGM4Tw0g,Jehrey Qadam Qadam Te,Atta Ullah Khan Esakhelvi,['qawwali'],0.651,0.626,11,-6.921,0,0.0699,0.341,0.281,0.217,0.88,81.017,413013,4,2,Instrumental Calm
0nG0wg5uTw3FmpNleYKj6Z,Firework,Katy Perry,[],0.636,0.784,8,-6.335,1,0.0543,0.164,0.0,0.115,0.631,124.096,227747,4,2,Instrumental Calm
0nLyj5IgyzXtRogETe01oO,Pattambuchi,KK,['bollywood'],0.805,0.834,5,-3.707,1,0.0511,0.105,9.82e-05,0.0966,0.913,96.032,228653,4,2,Instrumental Calm
0naHIB5SV62pBKVF7QzNsr,Teri Baatein Hi Sunaane Aaye - Live,Ghulam Ali,['sufi'],0.342,0.452,8,-14.942,1,0.0483,0.887,0.186,0.865,0.605,146.489,953160,4,3,Acoustic Chill
0naM9cZcidfrhypQBICPDD,Ae Khatme-E-Rasul Makki Madni - Live Version,Nusrat Fateh Ali Khan,['qawwali'],0.519,0.72,5,-8.239,1,0.0634,0.65,0.00599,0.133,0.604,112.415,1372955,4,3,Acoustic Chill
0nbyPORHdcZW0id5jC2DBr,"Poi Sonnal (From ""Run"")",Hariharan,['ghazal'],0.626,0.476,4,-9.808,1,0.039,0.127,4.13e-06,0.309,0.245,78.014,291866,4,2,Instrumental Calm
0no92OsM8dqxcwXf5oQu5k,Govinda Hari Gopala,Anandmurti Gurumaa,['sufi'],0.75,0.672,11,-9.379,1,0.0456,0.651,0.00137,0.071,0.712,109.99,566491,4,2,Instrumental Calm
0noi0Y88jq1EdfmPDGFUfB,Aaj Rang Hai,Nazir Ejaz Faridi Qawwal,['qawwali'],0.435,0.749,5,-3.394,1,0.0677,0.892,0.0,0.491,0.661,112.287,342962,4,0,Energetic Happy
0o5OjG3mhZ6Tp62MbpkSxb,Marhaba Kamli Wale Ke Jalwe,Sabri Brothers,['sufi'],0.394,0.573,9,-12.364,0,0.0545,0.888,2.85e-06,0.34,0.551,128.443,804520,3,1,Dance Party
0o7MzrP20K6go0wVC3HPOU,Nainon Mein Badra Chhaye,Lata Mangeshkar,['bollywood'],0.571,0.442,0,-13.177,1,0.0358,0.968,0.149,0.296,0.696,110.799,213800,4,1,Dance Party
0o7htzPrB8bP0jnyjiqUdj,In My Place - Live In Buenos Aires,Coldplay,[],0.121,0.699,9,-6.956,1,0.043,0.171,0.00104,0.965,0.326,78.393,277800,4,0,Energetic Happy
0oAchaVoTWj6lXTR6f2dSU,Always In My Head - Live In Buenos Aires,Coldplay,[],0.46,0.771,5,-7.872,1,0.0314,0.00157,0.827,0.975,0.147,97.555,221200,3,4,Rap / Spoken
0oPbd8wKYvOR3xD546VAW0,Ab Yahan Koi Nahin,Noor Jehan,['ghazal'],0.369,0.149,7,-10.405,1,0.0321,0.982,0.00034,0.19,0.275,78.988,206973,4,1,Dance Party
0ob74Q5dIrQ8Lf8A0amkFJ,Tasnife Karevan,Shahram Nazeri,['sufi'],0.523,0.248,8,-12.577,1,0.0434,0.854,1.73e-05,0.224,0.31,134.796,573518,3,1,Dance Party
0obPwtoG4KodfAffMtFLB2,Rim Jhim (Rain Mix),Falguni Pathak,['bollywood'],0.743,0.863,6,-8.33,1,0.0575,0.152,0.00114,0.0711,0.907,98.011,246867,4,2,Instrumental Calm
0oeYDno1fsTRdGwGcgVYV0,Chan Sajnan Morr Moharan,Nusrat Fateh Ali Khan,['qawwali'],0.362,0.784,5,-8.247,1,0.038,0.22,5.76e-05,0.649,0.811,162.485,927495,4,0,Energetic Happy
0okQqMJ4JlU3PrvBvy8nA2,Hanuman Jagriti,Anup Jalota,['ghazal'],0.755,0.638,10,-8.253,0,0.0626,0.711,0.0,0.274,0.851,115.998,406073,4,2,Instrumental Calm
0ooJ1oOWFgSYjoI6eCrczd,"Jai Ambe Gauri - From ""Jai Ambe Gauri - Alka Yagnik- Zee Music Devotional""",Alka Yagnik,['bollywood'],0.652,0.692,5,-4.837,1,0.0304,0.812,0.0,0.149,0.666,95.992,552500,4,2,Instrumental Calm
0oqSw7pkXwrwjOqnMcfFV6,Jogan Hoon Khawaja Ghar Jaon Gi,Badar Ali Khan,['qawwali'],0.376,0.835,8,-7.783,1,0.0501,0.352,0.0263,0.327,0.875,83.146,945963,4,0,Energetic Happy
0p2ym7v1poi2YQfP1ovb84,Hatalo Aaina Hamse,Yusuf Azad,['qawwali'],0.427,0.816,3,-6.901,1,0.281,0.862,2.96e-05,0.9,0.512,119.723,1732000,4,3,Acoustic Chill
0p3rZF3Noe0GF1emoKN7LT,Janam Saarthiki Lagla,Anuradha Paudwal,['ghazal'],0.5,0.532,6,-12.118,0,0.0403,0.386,7.56e-06,0.326,0.671,77.776,438792,4,1,Dance Party
0p6TiAquPN4FGVfYOLk1BR,Dil Se,Ghulam Ali,['ghazal'],0.543,0.808,9,-5.195,0,0.061,0.476,0.00167,0.463,0.485,137.476,352618,3,0,Energetic Happy
0pKiULFRQVE1bpHBximGDQ,Wari Mein Wari Jawan,Sher Miandad Khan,['qawwali'],0.598,0.777,1,-7.479,1,0.0402,0.134,0.0,0.0891,0.754,135.193,599697,4,2,Instrumental Calm
0pL6sA4lUIcBnRjjov4VnQ,Mere Saqi Ye Tamasha,Nusrat Fateh Ali Khan,['qawwali'],0.425,0.593,3,-8.026,1,0.0616,0.8,0.000391,0.438,0.408,117.607,378409,4,0,Energetic Happy
0pOEA7qtsBH1YjRutqs4WJ,Bheega Mausam,Adnan Sami,['bollywood'],0.574,0.537,9,-13.199,0,0.0441,0.647,4.98e-05,0.114,0.376,90.068,365333,4,1,Dance Party
0pPRv6cEetur3gn13a44NW,Yeh Hum Kaun Hain,Mehdi Hassan,"['ghazal', 'sufi']",0.435,0.295,6,-15.037,1,0.0296,0.578,0.00211,0.0618,0.328,89.271,355970,4,1,Dance Party
0pQRzN0jZIM3e2wfZ94uAI,Re Baiya Mana,Anuradha Paudwal,['bollywood'],0.542,0.488,3,-10.013,1,0.0641,0.673,0.0,0.149,0.742,82.792,388364,4,1,Dance Party
0pWIoxuQ4RW1sqilxhypMX,Mann Ghadeeri,Rahat Fateh Ali Khan,['bollywood'],0.636,0.738,2,-6.562,0,0.0348,0.0593,0.0,0.125,0.469,105.972,601415,1,2,Instrumental Calm
0pfO8jNZrwjAFFsWToXvpt,"Tum Jo Aaye & Tere Bin Nahin Lagda (From ""Love In Lo-Fi Volume 1"")",Rahat Fateh Ali Khan,['sufi'],0.464,0.536,9,-9.311,1,0.0532,0.421,2.45e-05,0.173,0.581,80.194,214994,4,1,Dance Party
0q7LGcVSpsIoSbjChtZ8lI,Uptown (feat. Bun B & Lil Wayne),Drake,[],0.416,0.824,1,-3.075,1,0.343,0.00391,0.0,0.104,0.417,85.433,382262,5,0,Energetic Happy
0qPGKQjxSUmrMDvPpZzabo,Masti Ki Paathshala - Jammin',Jonita Gandhi,['bollywood'],0.79,0.82,2,-5.596,1,0.0671,0.186,1.06e-06,0.62,0.542,132.002,284510,4,2,Instrumental Calm
0qqP0GY8yemoNnB50J3AZ5,Da Nadany Umar Ye Ter Shu,Bahram Jan,['pop'],0.593,0.597,7,-5.394,1,0.0968,0.138,1.32e-06,0.347,0.75,114.893,545078,4,2,Instrumental Calm
0qr017ay0D27SLqKoFvdr5,Haan Haan Maine Pyar Kiya Hai - Live,Maqbool Ahmed Sabri,['sufi'],0.546,0.91,1,-2.752,1,0.101,0.624,0.0207,0.926,0.733,123.461,649001,4,0,Energetic Happy
0qrWi0CNjYECGBZSPCSOEa,Puchde De Nain Mere Kithe Gayaon Sajna,Atta Ullah Khan Esakhelvi,['ghazal'],0.457,0.713,2,-6.081,1,0.031,0.698,0.0,0.524,0.604,131.169,488330,4,0,Energetic Happy
0qz78ZrhdIxVkibMbK4nCT,Apne Hi Rang Mein Rangana Khwaza,Jani Babu,['qawwali'],0.767,0.563,0,-9.591,0,0.0363,0.71,0.0,0.0929,0.92,110.766,367880,3,2,Instrumental Calm
0r4J4foecFsiFPSkIVOjXm,Dohre Mahiye,Atta Ullah Khan Esakhelvi,['qawwali'],0.509,0.263,7,-16.071,1,0.0493,0.627,1.66e-05,0.113,0.676,83.241,1831177,4,3,Acoustic Chill
0r7sksoznI6LZKvD5vkwGS,Happier - SPENCE Remix,Marshmello,[],0.776,0.912,0,-4.221,1,0.0437,0.116,3.57e-05,0.0823,0.767,113.984,195789,4,2,Instrumental Calm
0rEp6Xwcrb8dMi5CCUc1ig,Happier - Svdden Death Remix,Marshmello,[],0.566,0.847,1,-0.855,1,0.0888,0.0502,3.14e-06,0.0629,0.276,74.984,288000,4,2,Instrumental Calm
0rTV5WefWd1J3OwIheTzxM,Talk,Khalid,[],0.9,0.4,0,-8.443,1,0.124,0.0501,0.0,0.0876,0.338,136.001,197487,4,2,Instrumental Calm
0rW8A0BB1dSmohxAg8U8Vm,Hay Re Pyare Pyare Nyare Nyare,Shamshad Begum,['bollywood'],0.716,0.396,6,-9.978,1,0.0722,0.924,0.11,0.183,0.943,107.773,181880,4,1,Dance Party
0rZKMTBgbY8pro15mgY7Es,Kehte Ho Ishq Ka Afsana Chahiye,Nusrat Fateh Ali Khan,['qawwali'],0.413,0.548,10,-8.436,0,0.101,0.759,0.0041,0.677,0.596,74.758,1503902,4,3,Acoustic Chill
0rceFsOEyVtnFfOMKRZns0,Canane Candan Aşık Ol,Veysel Dalsaldı,['sufi'],0.301,0.33,7,-8.114,1,0.0366,0.859,0.000111,0.134,0.44,92.051,206958,3,1,Dance Party
0rhXJ5BAB1QhlfHEmKvssJ,Chaap Tilak Sab Cheen Li,Sabri Brothers,['qawwali'],0.385,0.866,7,-3.658,0,0.113,0.888,1.14e-06,0.182,0.425,92.023,521467,4,0,Energetic Happy
0rj3cYk8ZeGymGMDHdY8SV,Shabaaz Qalandar,Brooklyn Qawwali Party,['qawwali'],0.492,0.563,0,-8.299,0,0.0635,0.113,0.22,0.215,0.692,86.92,257839,4,2,Instrumental Calm
0rnmaPGKXyn8EqxUASmNSQ,Hogaya Telephone Pyar,Nazia Hassan,['ghazal'],0.744,0.615,2,-10.36,1,0.0297,0.619,0.348,0.114,0.89,130.101,229973,4,2,Instrumental Calm
0s45BY5SiU37LIYGNJOE67,Jeevan Jad Tum Chetna,Anup Jalota,['bollywood'],0.655,0.479,1,-9.814,0,0.0517,0.547,0.0,0.0987,0.729,171.857,370732,4,1,Dance Party
0s9MtZjiylXxmg80ke3Sex,Mehfil Mein Baar Baar,Ghulam Ali,['sufi'],0.611,0.511,6,-13.313,1,0.0623,0.631,0.537,0.297,0.731,117.131,477494,4,4,Rap / Spoken
0sUorp4kMu7GG8Ncq2W0ZP,Big Gay Friend,Lustra,['pop'],0.581,0.867,7,-5.21,1,0.0765,0.000183,3.83e-05,0.384,0.67,152.369,173667,4,2,Instrumental Calm
0sVgOxAOOAj0K8PdFEGhrR,Never Be the Same - Radio Edit,Camila Cabello,[],0.627,0.693,0,-4.382,1,0.0856,0.158,0.000102,0.115,0.245,129.801,227240,4,2,Instrumental Calm
0sY0RhVpYv6E4S6yQJDJbG,Sanoon Ek Pal Chain,Nusrat Fateh Ali Khan,['qawwali'],0.555,0.472,5,-12.316,1,0.0344,0.678,0.752,0.32,0.665,128.465,767320,4,4,Rap / Spoken
0sdbFOyfgAhAhWq8DpzkaW,the light is coming (feat. Nicki Minaj),Ariana Grande,[],0.877,0.547,7,-5.705,1,0.18,0.0122,1.51e-05,0.028,0.687,99.034,228373,4,2,Instrumental Calm
0sfbunyd3a7IFoWwEt8dsk,Don't Leave Me Alone (feat. Anne-Marie) - Oliver Heldens Remix,David Guetta,[],0.739,0.818,11,-6.717,0,0.0612,0.0079,5.56e-05,0.359,0.155,125.965,204224,4,2,Instrumental Calm
0smVbUD5mfHdMgFW1olYCs,"Kya Yahi Pyar Hai - From ""Rocky""",Lata Mangeshkar,['bollywood'],0.667,0.44,7,-8.097,0,0.0248,0.426,0.0,0.122,0.582,102.785,383733,4,2,Instrumental Calm
0stvz0y5jQMn4KyTAv3ALs,Ya Ghous Paak Aj Karam Karo,Maulvi Haider Hassan Qawwal,['qawwali'],0.5,0.76,2,-4.613,1,0.0935,0.305,1.88e-05,0.361,0.941,163.465,880620,4,0,Energetic Happy
0syEPhBgw69TBnLJ7NRMJn,Barishan De Mausaman Vich,Atta Ullah Khan Esakhelvi,"['ghazal', 'sufi', 'qawwali']",0.664,0.603,7,-9.226,1,0.0718,0.408,0.000156,0.117,0.673,158.117,410120,4,2,Instrumental Calm
0tMSssfxAL2oV8Vri0mFHE,listen before i go,Billie Eilish,[],0.364,0.0549,0,-23.237,1,0.0435,0.934,0.00866,0.334,0.0784,97.534,242652,4,1,Dance Party
0tT8qTg7KOauLh8Kytk6ui,深夜裡,George Lam,['pop'],0.666,0.431,1,-9.718,0,0.0245,0.17,2.95e-05,0.183,0.4,89.992,303573,4,2,Instrumental Calm
0tWjcsEr5vi3UDpLw1FH0Y,Dil Mil Gaye,Noor Jehan,['ghazal'],0.534,0.648,5,-10.385,0,0.106,0.818,0.000273,0.091,0.881,136.68,235430,4,1,Dance Party
0tYGGaxzuLgrrCn3OJJh1P,Kya Hua Janaab Ji,Rahat Fateh Ali Khan,['qawwali'],0.627,0.587,3,-5.801,0,0.0423,0.884,2.24e-06,0.175,0.729,154.686,257858,3,1,Dance Party
0tZ1ELSwURnqtT8SGUlnMB,Dus Tu Ki E Yaar,Rahat Fateh Ali Khan,['qawwali'],0.512,0.724,10,-10.068,0,0.0454,0.0616,0.00179,0.306,0.938,113.383,865268,4,0,Energetic Happy
0tgbSxoFjZ20MjfoKwWevV,Your Love,David Guetta,[],0.571,0.937,2,-2.682,0,0.0336,0.0997,0.496,0.125,0.512,125.027,185620,4,2,Instrumental Calm
0todbbT9g5uQGbeFCiBf2F,imagine,Ariana Grande,[],0.712,0.475,8,-4.89,1,0.0462,0.388,0.0,0.109,0.389,124.876,212293,3,2,Instrumental Calm
0tsD6ZvjGX8Eaaf705jX4A,Never Ending Story,Limahl,['pop'],0.752,0.538,11,-13.293,1,0.0315,0.0629,8.8e-05,0.0767,0.752,123.028,213120,4,2,Instrumental Calm
0tvkds5MPZmBNxsiYUX1AT,"Pinjra - From ""Pinjra""",Rahat Fateh Ali Khan,['qawwali'],0.542,0.276,2,-10.053,1,0.0325,0.245,0.0,0.483,0.675,124.001,86000,3,1,Dance Party
0u2P5u6lvoDfwTYjAADbn4,lovely (with Khalid),Billie Eilish,[],0.351,0.296,4,-10.109,0,0.0333,0.934,0.0,0.095,0.12,115.284,200186,4,1,Dance Party
0u31E3b9QRRo0FfDzrPLtF,Mutu Bhari,Raju Singh,['bollywood'],0.715,0.522,5,-10.162,1,0.0301,0.77,0.0,0.338,0.757,124.525,314253,3,1,Dance Party
0u695M7KyzXaPIjpEbxOkB,SICKO MODE - Skrillex Remix,Travis Scott,[],0.636,0.824,1,-3.426,1,0.139,0.0184,0.0,0.136,0.452,155.056,304498,4,2,Instrumental Calm
0uIRLIUsE3CbN6OJ6B8rDm,Eylül Akşamları,Fatih Koca,['sufi'],0.497,0.545,7,-8.059,0,0.0357,0.475,0.00172,0.182,0.382,143.879,299202,4,2,Instrumental Calm
0uO5iylv5A31CL57BzWN2U,Woh Paas Rahe Ya Door (Jhankar Beats),Suraiya,['ghazal'],0.856,0.433,6,-7.049,1,0.0931,0.743,1.62e-05,0.0796,0.967,124.666,159958,4,1,Dance Party
0uTZtcXcPCvgrhjoWCedkC,"Thangali - From ""Ishtakamya""",Shreya Ghoshal,['bollywood'],0.709,0.631,0,-7.504,1,0.0374,0.784,2.93e-05,0.209,0.429,116.965,254054,4,1,Dance Party
0uUpHconWiX8ejDdD0ycIb,Hasdi De Dand Ginda,Gurdas Maan,['sufi'],0.691,0.935,9,-2.019,1,0.142,0.124,1.66e-05,0.0886,0.964,82.389,308693,4,2,Instrumental Calm
0uVurHwKkRSaK9X3ygYalZ,Raat Bhar Ankh To Nahin Jagi,Nusrat Fateh Ali Khan,['qawwali'],0.662,0.295,8,-17.692,1,0.0319,0.671,0.00648,0.133,0.64,88.005,471640,4,1,Dance Party
0uecfS8VvicdMqlNhHchci,Vishwa Veerarai,Surendra,['bollywood'],0.502,0.656,9,-5.478,1,0.0554,0.67,0.0,0.412,0.891,103.262,215876,3,0,Energetic Happy
0unAv1n7BwIDGiZs5nyvKT,Chal Mere Dil,Nusrat Fateh Ali Khan,['qawwali'],0.528,0.468,5,-14.762,0,0.0418,0.768,0.0757,0.129,0.61,104.633,483448,4,1,Dance Party
0uvJiJRo5CKHbRJVPcCked,Ishq Samundar,Arjun Kanungo,['bollywood'],0.812,0.733,2,-6.083,1,0.0753,0.471,0.0,0.105,0.596,94.979,186947,4,2,Instrumental Calm
0v1A6aMm61BC1C13Nj12ky,Do Teriyaan Do Meriyaan,Salim–Sulaiman,['bollywood'],0.487,0.855,11,-3.783,0,0.144,0.573,3.11e-06,0.107,0.368,110.045,235267,4,0,Energetic Happy
0v2LUO8oTHnkjQ8MmKuXyk,raindrops (an angel cried),Ariana Grande,[],0.336,0.231,1,-6.217,1,0.0497,0.942,0.0,0.188,0.429,168.685,37640,5,1,Dance Party
0v6MawMqYYp3MpEF3pWqfU,"Kya Yahi Pyar Hai - From ""Rocky""",Lata Mangeshkar,['bollywood'],0.667,0.44,7,-8.097,0,0.0248,0.426,0.0,0.122,0.582,102.785,383733,4,2,Instrumental Calm
0v75ti1d2M6pd0sC42UNNN,Salem's Interlude,Khalid,[],0.479,0.485,7,-12.302,0,0.162,0.963,0.658,0.152,0.457,80.933,81933,4,4,Rap / Spoken
0vF1QsvvAdS20ewblsxK7M,Yara Tere Toon Sohna,Nusrat Fateh Ali Khan,['sufi'],0.61,0.889,4,-6.809,0,0.0446,0.371,5.65e-06,0.257,0.904,158.016,422741,4,0,Energetic Happy
0vF5VXP1ka8J2YlLZotGMh,Akhan Meal Ke,Naseem Begum,['ghazal'],0.52,0.648,9,-9.027,0,0.048,0.9,0.00484,0.108,0.856,99.774,180458,4,1,Dance Party
0vHKrIkckeOxyK0yj5gilM,Menu Rab Ne Banaya Gori Chitti Ve,Naseebo Lal,"['ghazal', 'sufi']",0.804,0.706,0,-9.814,0,0.0667,0.519,0.0679,0.189,0.945,124.997,342498,4,2,Instrumental Calm
0vNZTmZevMdAJ5G9yxibtH,"Kaun Kehte Hain Bhagwan Aate Nahi (Achyutam Keshavam) [From ""Kaun Kehte Hain Bhagwan Aate Nahi (Achyutam Keshavam)""]",Tulsi Kumar,['bollywood'],0.393,0.818,2,-3.34,1,0.0601,0.425,1.6e-05,0.272,0.773,82.992,294348,4,0,Energetic Happy
0vPV2E3udZXadm36U4SvFt,There's Nothing Holdin' Me Back,Shawn Mendes,[],0.864,0.809,2,-4.069,1,0.0537,0.321,0.0,0.0678,0.968,121.974,200135,4,2,Instrumental Calm
0vSYOlcUsHRdk6nRtogL6Q,Allah Hi Allah Kiya Karo,Sabri Brothers,['qawwali'],0.528,0.465,4,-9.888,0,0.287,0.898,0.000176,0.636,0.736,143.186,270811,4,1,Dance Party
0vSvNRFQ52MoUgwVd8n7P7,Get Free - Chrome Sparks Remix,Major Lazer,[],0.433,0.877,11,-4.061,0,0.0403,0.0643,0.00211,0.628,0.251,175.95,260728,4,0,Energetic Happy
0vVFYZPVhHJdRfPa9a8iHJ,Kahan Acharch Wajaiyi,Saieen Zahoor,['sufi'],0.402,0.552,7,-6.885,1,0.0506,0.316,0.0,0.462,0.491,69.203,367498,4,0,Energetic Happy
0vaUU4wnvR6VdlUGpQaHew,Lahore - Remix,Guru Randhawa,['bollywood'],0.612,0.913,6,-3.162,0,0.264,0.0296,8.4e-05,0.0648,0.753,104.75,218046,4,2,Instrumental Calm
0vcWBc2ZJADF8zS8YTxctM,Kash Yeh Duaa Meri,Amjad Sabri,['qawwali'],0.381,0.829,6,-5.749,1,0.0909,0.568,0.0,0.393,0.599,142.821,347784,3,0,Energetic Happy
0vhyWEEpOwmBtYWm0D44oN,Stay (with Alessia Cara),Zedd,[],0.683,0.596,5,-5.716,0,0.0698,0.248,0.0,0.113,0.575,102.019,210880,4,2,Instrumental Calm
0w6X9iRKrMyDpRRtbu4tE0,Hymn For The Weekend - Live In Buenos Aires,Coldplay,[],0.17,0.708,0,-6.997,0,0.0417,0.0399,0.00945,0.354,0.251,89.641,302947,4,0,Energetic Happy
0wFuadff92rmlBud8LgZ2L,Tere Bina,Rahat Fateh Ali Khan,['qawwali'],0.562,0.59,8,-7.523,1,0.12,0.419,0.0,0.144,0.563,143.897,208750,4,2,Instrumental Calm
0wHG8C97593ltnPM5kgPj5,Merry Merry Christmas,John Legend,[],0.48,0.969,9,-3.928,1,0.258,0.0018,0.000163,0.861,0.656,184.983,255587,4,0,Energetic Happy
0wTf7oT03ps3y3KpJfXQ0F,Gel Gel Yanalim Âteş-i Aşka,Süleyman Erguner,['sufi'],0.349,0.202,2,-16.301,0,0.0359,0.978,0.232,0.175,0.197,104.13,309133,4,1,Dance Party
0wk4YsymYhp9XfEThD8WH0,Ishtihar,Rabbi Shergill,['sufi'],0.324,0.229,0,-10.027,1,0.0316,0.86,0.00364,0.0926,0.123,176.212,394224,4,1,Dance Party
0wt9RjddODlWDetpuaXfRK,"Sunflower (Remix) [with Swae Lee, Nicky Jam, and Prince Royce] - Remix",Post Malone,[],0.604,0.754,2,-4.243,1,0.119,0.274,3.53e-06,0.0947,0.28,179.836,210000,4,2,Instrumental Calm
0x0cGDbYmNk7S7dolo5gXb,The Way I Am - Taska Black Remix,Charlie Puth,[],0.645,0.651,10,-6.279,0,0.0422,0.159,0.0,0.265,0.395,109.99,195273,4,2,Instrumental Calm
0xCdQ9jYFDENkE2ck73CAc,Save Yourself - NGHTMRE VIP REMIX,The Chainsmokers,[],0.458,0.928,4,-3.776,0,0.0602,0.000982,0.0257,0.14,0.0637,146.043,141373,4,0,Energetic Happy
0xPtHGKl8lGmMkXvH5Yshi,Yeshu Khushiyan De Wandda Khazane,Nusrat Fateh Ali Khan,['qawwali'],0.559,0.934,10,-1.011,0,0.0947,0.505,5.12e-06,0.385,0.891,137.978,679207,4,0,Energetic Happy
0xZsNPkYX9gs5KU4CKk81b,Baadal Jo Barse Toh,Asha Bhosle,['bollywood'],0.466,0.518,7,-8.214,1,0.059,0.77,6.88e-05,0.315,0.82,185.343,217840,4,1,Dance Party
0xaDvst0w9KbVf6FfqGamy,Beni Affet,İbrahim Sadri,['sufi'],0.364,0.391,11,-13.181,0,0.07,0.446,0.0,0.147,0.242,99.986,231440,3,1,Dance Party
0xdvCA1UGIDNfUyaJhePQ6,"Aankhon Mein Kya (From ""Pehchaan"")",Abhijeet,['bollywood'],0.474,0.569,4,-10.587,1,0.0446,0.607,4.9e-06,0.141,0.357,94.189,394760,4,1,Dance Party
0xjoifj4iDfjHEgWgEC0nM,Charkha,Rahat Fateh Ali Khan,['qawwali'],0.765,0.321,5,-13.66,0,0.354,0.271,0.0,0.167,0.894,60.025,284867,4,2,Instrumental Calm
0xk4woi8ENN8VWFDZTcF8h,Never Be the Same (feat. Kane Brown),Camila Cabello,[],0.6,0.671,0,-4.875,1,0.0893,0.238,0.0,0.164,0.25,129.782,225539,4,2,Instrumental Calm
0xsticQYp1tLdEu0xXoWxj,Kadi Te Data Puchan Ge,Badar Ali Khan,['qawwali'],0.422,0.865,1,-7.449,1,0.045,0.152,1.03e-05,0.323,0.965,174.003,948664,4,0,Energetic Happy
0xtu9tJlzxiPfHF82g6Xrp,Grace,Bebe Rexha,[],0.469,0.309,0,-10.358,0,0.0329,0.814,0.0,0.166,0.265,165.88,196907,4,1,Dance Party
0y6NrSDsr8qvvJpaM6PquR,Aranyásó,ALEE,['pop'],0.914,0.585,8,-5.907,1,0.166,0.576,6.3e-06,0.0769,0.909,90.022,144833,4,2,Instrumental Calm
0yLeZ9LFJhNIFGayfF0Q7y,Preyosi Amar,Kumar Sanu,['bollywood'],0.563,0.707,2,-5.341,1,0.0382,0.513,2.7e-05,0.211,0.455,149.818,291765,4,2,Instrumental Calm
0yScKvybQlFVDwt9wpPy0H,Bonita,J Balvin,[],0.775,0.874,5,-1.587,0,0.0419,0.0153,0.00485,0.293,0.844,96.034,265933,4,2,Instrumental Calm
0yhxBvedRdGxsPZHJNI4VA,I Thought About Killing You,Kanye West,[],0.752,0.396,2,-7.932,1,0.411,0.867,0.0,0.0486,0.417,116.016,274187,4,1,Dance Party
0yjJ3it84L5Uq6fCCO7C9t,"Genius (with Lil Wayne, Sia, Diplo & Labrinth - Lil Wayne Remix)",Sia,[],0.658,0.783,11,-3.381,0,0.194,0.0143,0.000181,0.0543,0.745,159.049,162920,4,2,Instrumental Calm
0ywzvARVqoxQOJpaswRe9E,365 - Zedd Remix,Zedd,[],0.784,0.595,2,-6.816,1,0.0413,0.00476,0.00727,0.059,0.183,124.019,236287,4,2,Instrumental Calm
0zELZWyfXW7bciwD7HOnnA,O Damroowale Baba Chale,Aziz Nazan Qawwal,['qawwali'],0.301,0.542,7,-13.035,0,0.172,0.983,0.372,0.414,0.603,174.368,200673,3,4,Rap / Spoken
0zM0DhPlvztIGQIAXI3NzS,Kand Nangi Hai Sohna Nai,Naseebo Lal,['sufi'],0.834,0.937,5,-1.997,0,0.104,0.309,0.00649,0.301,0.862,124.049,281353,4,2,Instrumental Calm
0zQa7QXLpUZfrrsWbgDZll,Beete Lamhein,KK,['bollywood'],0.257,0.583,7,-8.185,1,0.0429,0.603,0.000289,0.146,0.217,160.127,298272,4,0,Energetic Happy
0zVrnG5NAMhroYYWLIPB6H,Man Kunto Maula,Fareed Ayaz Abu Muhammad Qawwal,['qawwali'],0.419,0.493,8,-10.308,1,0.0793,0.963,2.08e-06,0.11,0.445,103.048,1272872,4,3,Acoustic Chill
0zhBS3T33cnJUwfoOEmlCL,Kids in Love (feat. The Night Game) - The Him Remix,Kygo,[],0.532,0.723,0,-4.691,1,0.0449,0.104,9.28e-06,0.114,0.181,125.071,195920,4,2,Instrumental Calm
0zkzNSh9l3q1W6oI2XXDrq,Dil Pardesi Ho Gaya,Lata Mangeshkar,['bollywood'],0.619,0.832,7,-9.715,1,0.0559,0.464,0.000181,0.0807,0.617,92.957,369000,4,2,Instrumental Calm
0zmxucBmo7zk1Xm8xcu6PE,Giant (with Rag'n'Bone Man) - Michael Calfan Remix,Calvin Harris,[],0.771,0.909,1,-6.341,0,0.0485,0.0243,0.0281,0.318,0.678,121.989,201889,4,2,Instrumental Calm
0znkQevDLEFMYzHgW6CPAn,Yun Hanss Hanss Kar,Ahmed Rushdi,['ghazal'],0.458,0.482,0,-9.235,1,0.109,0.912,3.8e-06,0.118,0.892,155.482,205337,4,1,Dance Party
0zp6l1YYHDoGL8pci1CNfY,Somebody - Riggi & Piros Remix,The Chainsmokers,[],0.42,0.899,10,-4.3,0,0.253,0.341,0.000607,0.0744,0.149,134.851,182453,4,0,Energetic Happy
0zq63hs5vfDnRM5wcEsICh,Shala Sukhan Diyan Neendran,Nusrat Fateh Ali Khan,['sufi'],0.417,0.727,2,-13.452,0,0.0404,0.338,0.0113,0.141,0.958,107.95,949200,4,0,Energetic Happy
0zqy3ss4CwD6u4QPksS0nI,8 Out Of 10,Drake,[],0.529,0.69,2,-7.87,1,0.74,0.161,0.0,0.498,0.311,170.54,195720,4,2,Instrumental Calm
0zrJ8wDhTWRmd3u0CHxeOv,"Jism (From ""Luv Shv Pyar Vyar"")",Kunal Ganjawala,['bollywood'],0.503,0.86,8,-4.854,0,0.109,0.158,2.64e-06,0.128,0.731,160.037,229878,4,0,Energetic Happy
0zsafAlS9Vvlr8K8nbMcps,Ishq Mein Tere Koh-e-Gham,Abida Parveen,['ghazal'],0.599,0.414,10,-6.329,1,0.0287,0.429,7.3e-05,0.121,0.157,120.043,431203,3,1,Dance Party
0zuqGb9od6mUQwrX5us0TR,Tujh Lab Ki Sifat,Abida Parveen,['sufi'],0.408,0.399,1,-16.257,1,0.0533,0.95,0.333,0.0863,0.634,135.207,573760,3,1,Dance Party
100dEOf8y1QLvdKm7ehBtS,Aaraj Sun Lijo Mori,Nusrat Fateh Ali Khan,['qawwali'],0.429,0.418,8,-16.278,1,0.04,0.598,0.263,0.186,0.723,144.905,879394,4,1,Dance Party
101u3LsAKA6odC0qvYv049,Jai Lakshmi Mata,Anup Jalota,"['ghazal', 'bollywood']",0.626,0.742,6,-3.053,1,0.052,0.517,1.65e-05,0.13,0.854,96.929,398002,4,2,Instrumental Calm
105GHQPEhtb0dDxbb6bvwS,Uthaye Ja Unke Sitam,Lata Mangeshkar,['bollywood'],0.467,0.297,7,-10.094,1,0.0298,0.923,8.47e-05,0.382,0.522,119.308,173027,3,1,Dance Party
10AWv24G1rl9A4Ba3ACzgT,Ho Jaye Je Pyar Te Sona Bhul Janda,Nusrat Fateh Ali Khan,['qawwali'],0.46,0.341,2,-19.355,1,0.057,0.691,0.0221,0.171,0.58,138.643,412893,4,1,Dance Party
10DvF8F1vFEsde5xuICKuP,Koi Jaa Ke Bhala Kadon Aonda,Nusrat Fateh Ali Khan,['qawwali'],0.451,0.872,7,-4.985,0,0.0706,0.409,9.2e-06,0.585,0.857,105.322,988798,4,0,Energetic Happy
10OKGoSdpfn1iwow01wx41,Mera Koi Nahin Hai Tere Siwa - Live,Sabri Brothers,['qawwali'],0.516,0.535,11,-6.441,1,0.0801,0.839,5.03e-05,0.23,0.504,108.872,899791,4,1,Dance Party
10VJJWQtuJ5C6MRZC9HWWs,Sharaab,Diljit Dosanjh,['bollywood'],0.688,0.882,2,-6.523,1,0.071,0.154,0.000499,0.137,0.814,159.935,282000,4,2,Instrumental Calm
10f6UXF8iNU3LBfMrkyU8z,Sohnay Data Di Chaakar Aan,Sher Miandad Khan,['qawwali'],0.536,0.672,5,-7.391,0,0.0697,0.496,0.0,0.649,0.877,108.469,547223,4,0,Energetic Happy
10glXiPChiKx1xAdBAewW9,الانسان,Latifa,['pop'],0.508,0.407,7,-5.585,0,0.0355,0.889,0.0,0.0386,0.578,109.406,244009,4,1,Dance Party
10hG9kaq50kcLbfv8vVaCb,Tum Jo Chaho To (Begum Shah Warsi),Warsi Brothers,['qawwali'],0.472,0.608,4,-11.963,1,0.0951,0.746,0.000212,0.109,0.835,107.895,433333,4,1,Dance Party
10itJGCB4LBUJJT8nmROrd,Kamli Wale Nigah-e-Karam Ho Agar,Nusrat Fateh Ali Khan,['qawwali'],0.485,0.501,4,-12.233,1,0.185,0.887,0.131,0.824,0.762,129.463,3109490,4,3,Acoustic Chill
10kb5eApW2WUfPDroGyJ3R,Dil Diyaan Mann Kay Choorra Chhankay,Noor Jehan,['ghazal'],0.463,0.475,10,-11.859,0,0.0627,0.97,0.0391,0.448,0.895,149.985,251429,4,1,Dance Party
10qmLeBXppOlHAlWKkyDbt,Maahi Janda Hoya Le Gaya Haase,Rahat Fateh Ali Khan,['sufi'],0.537,0.929,0,-5.596,0,0.0604,0.0987,2.36e-06,0.75,0.926,108.183,859067,4,0,Energetic Happy
10weZJAxhY2E4n1a3czI16,Lar Gayi Lar Gayi Teri Akh,Shazia Manzoor,"['ghazal', 'sufi']",0.477,0.505,11,-10.08,0,0.0715,0.728,0.0343,0.505,0.779,156.591,284643,4,1,Dance Party
112nh2EwwJoGLxuJ82O06Z,"Kaisa Lagta Hai (From ""Baaghi"")",Amit Kumar,['bollywood'],0.617,0.636,9,-10.205,0,0.0415,0.7,0.00515,0.129,0.729,134.487,401160,4,1,Dance Party
118rXUutgyNMPkkXj38CWu,Kisi Ka Naam Lo,Nusrat Fateh Ali Khan,['qawwali'],0.462,0.601,1,-13.685,1,0.106,0.221,0.00282,0.431,0.654,108.999,901067,4,3,Acoustic Chill
11L064movtyopGdLiX4sVg,Peak,Drake,[],0.686,0.215,9,-13.54,0,0.0387,0.85,0.000123,0.106,0.273,91.998,206027,4,1,Dance Party
11THyB8dNnA86YCZ92yphq,Melekler,Tuna Özdemir,['sufi'],0.324,0.144,5,-9.857,1,0.0345,0.993,0.101,0.084,0.15,109.776,193307,4,1,Dance Party
11bCC6WO17e5OpNXGHst2n,Bhatka Bhatka Phirta Hoon,Ghulam Ali,['ghazal'],0.519,0.434,6,-18.067,1,0.0425,0.705,0.0183,0.167,0.729,81.305,429610,4,1,Dance Party
11bMB5yDA8HpvTkThbf2pR,"Jai Jai Maa, Pt. 1",Jagjit Singh,['sufi'],0.458,0.399,7,-15.958,0,0.0293,0.503,6.27e-05,0.0974,0.373,108.359,1085920,4,1,Dance Party
11cDEev79fPKi6uJCjUhu8,Who Do You Love (with 5 Seconds of Summer),The Chainsmokers,[],0.51,0.835,3,-4.673,1,0.0447,0.00791,0.0,0.219,0.435,140.024,226747,4,2,Instrumental Calm
11ipwX6rA4f5KMTYB7QFXj,Main Aisa Kyon Hoon,Shankar-Ehsaan-Loy,['bollywood'],0.809,0.509,0,-4.856,1,0.0391,0.031,0.0,0.175,0.921,95.993,274267,4,2,Instrumental Calm
11kDth1aKUEUMq9r1pqyds,5% TINT,Travis Scott,[],0.712,0.481,4,-5.415,0,0.0487,0.173,0.0,0.241,0.062,140.0,196138,4,2,Instrumental Calm
11qGBcalv1pe5wLOsWY28a,Pritam Mat Pardes,Abida Parveen,['ghazal'],0.562,0.387,2,-10.253,1,0.0303,0.732,1.05e-06,0.167,0.395,124.466,373000,4,1,Dance Party
11sFTgzPMTE81y3PTvAXR7,Ficktjyvens visa,Fred Åkerström,['pop'],0.473,0.419,1,-12.108,1,0.104,0.768,0.0,0.0717,0.893,169.244,177168,3,1,Dance Party
11v6Q3rcylqZoesjs8OUP9,Hairaan Hua,Sanam Marvi,['sufi'],0.606,0.503,5,-13.677,1,0.0674,0.454,1.2e-05,0.084,0.29,131.955,598497,4,1,Dance Party
121MInCSCCR1HbCourJGQT,Mast Nazron Se Allah Bachaiye,Nusrat Fateh Ali Khan,['sufi'],0.508,0.625,1,-6.948,1,0.0746,0.554,2.04e-06,0.657,0.579,116.861,992760,4,3,Acoustic Chill
122POiyQz5aHeJIP62rFZe,Chhap Tilak Sab Chheni,Sabri Brothers,['qawwali'],0.347,0.69,8,-9.295,1,0.096,0.906,0.049,0.677,0.59,76.331,502674,3,0,Energetic Happy
125quHVZfy0Y90umTfDmzd,Sanu Ek Pal Chain Na Aawe,Nusrat Fateh Ali Khan,['qawwali'],0.596,0.459,5,-10.002,1,0.0384,0.669,0.448,0.128,0.675,127.706,765924,4,4,Rap / Spoken
12HzW93NJRxyWThrZOqcgT,"Yeh Zindagi Usiki Hai, Pt. 2",Lata Mangeshkar,['bollywood'],0.247,0.406,0,-10.312,0,0.033,0.939,1.48e-05,0.282,0.607,162.327,267240,3,1,Dance Party
12MjumEN1yOP2mCuDVQxv6,Haq Ali Haq - Remix,Nusrat Fateh Ali Khan,['qawwali'],0.678,0.883,11,-6.344,1,0.0472,0.226,2.31e-05,0.127,0.613,92.577,425731,4,2,Instrumental Calm
12Ru89Jv7h3IP4vG1i3A96,Yeh Duniya Roop Ki Chor,Shamshad Begum,['bollywood'],0.42,0.63,2,-7.16,1,0.199,0.918,0.00114,0.153,0.591,56.199,310381,4,1,Dance Party
12TS0MfdNaQaVhj7y060a5,笨小孩 Life Live,Mayday,['pop'],0.561,0.858,2,-6.753,0,0.116,0.242,0.0,0.199,0.393,126.082,242133,4,2,Instrumental Calm
12VqHHz4wvVcnEdSivjLeQ,Alive,Khalid,[],0.386,0.406,11,-10.419,1,0.0425,0.832,0.0597,0.171,0.205,78.616,177413,4,1,Dance Party
12dLliNT6jXmCv8dO44wGz,Dono Ke Vichkar Lagta,Asha Bhosle,['bollywood'],0.563,0.888,3,-6.162,0,0.169,0.836,0.000262,0.165,0.814,109.386,368307,4,0,Energetic Happy
12fPRpNDBqXHuwBhcmAjJe,"Kitne Ahsan Kiye Tumne Humpe - From ""Prem Geet""",Asha Bhosle,['bollywood'],0.421,0.565,7,-10.213,1,0.0474,0.847,4.57e-05,0.0939,0.73,145.756,247267,4,1,Dance Party
12org1sUZmVTtLApkAikYk,Majnu,Mika Singh,['bollywood'],0.522,0.729,0,-4.241,0,0.0387,0.208,0.000174,0.2,0.318,109.638,218727,4,2,Instrumental Calm
130r7suroCRRgSTCZyoy6M,Aa Gayi Garbe Ki Raat,Anuradha Paudwal,['bollywood'],0.538,0.482,1,-11.95,1,0.054,0.138,1.94e-06,0.0646,0.917,126.001,427167,4,2,Instrumental Calm
137AKhM6Xylq5MvqZkGEWs,Ja Murr Ja Ishq-e-Ch Kee Rakhia,Nusrat Fateh Ali Khan,['qawwali'],0.492,0.424,8,-13.656,1,0.0626,0.642,0.0,0.734,0.559,122.063,891200,4,3,Acoustic Chill
1397xY0RVupbWpMaFhyLf8,Dhak Dhak Karne Laga,Anuradha Paudwal,['bollywood'],0.813,0.571,7,-9.816,1,0.133,0.752,3.93e-06,0.0692,0.918,131.318,320387,4,2,Instrumental Calm
13HHgAsJEesUkrFru851ly,Ham Ko Bhi Gham Ne Mara (Jhankar Beats),Lata Mangeshkar,['bollywood'],0.665,0.813,9,-9.415,0,0.0466,0.549,0.0127,0.0952,0.844,130.127,317845,3,2,Instrumental Calm
13IOJtv58bZm4XeS1s4Yib,Beh Ja Mahi,Nusrat Fateh Ali Khan,['sufi'],0.445,0.901,6,-6.239,1,0.102,0.746,0.0249,0.758,0.455,111.146,1238864,4,3,Acoustic Chill
13MKnjOTLVSOcUQGS83Uap,Dil Pe Zakham Khate Hain,Nusrat Fateh Ali Khan,['qawwali'],0.405,0.835,5,-4.721,0,0.0535,0.0798,0.00234,0.375,0.685,109.261,567829,4,0,Energetic Happy
13QNCSwR2X0likgUjSlqa6,Musafir Chalte Chalte - Live,Ghulam Ali,"['ghazal', 'sufi']",0.339,0.432,11,-10.61,0,0.0418,0.649,0.000626,0.441,0.275,156.937,719107,3,1,Dance Party
13SgnjwCkaypqpMeAqySW1,Dholna Ja Main Nahin Bolna,Naseebo Lal,['ghazal'],0.537,0.758,9,-7.117,1,0.0472,0.385,0.0044,0.151,0.938,172.103,316218,4,0,Energetic Happy
13Tbu34JJSmDarSbexfAyz,Be Wafa,Nusrat Fateh Ali Khan,['qawwali'],0.51,0.462,5,-14.139,0,0.212,0.798,0.0551,0.106,0.803,113.643,712973,4,1,Dance Party
13VBmDRfHqf6MlunSwM7qX,Khushboo Shabnam,Abida Parveen,['ghazal'],0.55,0.67,11,-12.347,0,0.0846,0.648,4.89e-05,0.36,0.68,153.574,289813,4,0,Energetic Happy
13ZyrkCDmRz5xY3seuAWYk,Hear Me Calling,Juice WRLD,[],0.699,0.687,7,-3.997,0,0.106,0.308,3.63e-05,0.121,0.499,88.932,189977,4,2,Instrumental Calm
13aFqgyI0m0LWld82Ployf,Vinothamaanavalae,Hariharan,['ghazal'],0.796,0.558,2,-12.221,1,0.0454,0.0851,1.42e-06,0.258,0.637,108.934,320315,4,2,Instrumental Calm
13p3xfavLfvjoAC8pSTash,"Shree Durga Stuti Path, Sarv Kaamna Siddhi Prarthna, Shree Durga Kavach, Shree Mangla Jayanti Stotra, Argala Stotra Namaskar, Kilak Stotra, Shree Durga Saptashati - 1St Adhyay",Anuradha Paudwal,['ghazal'],0.597,0.33,6,-10.938,1,0.07,0.881,0.0,0.0804,0.581,116.492,3648627,4,3,Acoustic Chill
13wNEvWmBsWaWVtiLPRIW5,Hurt You,The Weeknd,[],0.484,0.716,5,-7.193,0,0.167,0.3,0.00214,0.112,0.365,184.131,230027,4,2,Instrumental Calm
14FkD5pcPgUvsAQPdrHTXm,Aake Sajda Nashin,Abida Parveen,['ghazal'],0.602,0.439,8,-10.884,1,0.0344,0.602,0.000409,0.127,0.5,147.963,569467,4,1,Dance Party
14FmT2vkYihAs64ixAbk6t,Self Control,Bebe Rexha,[],0.652,0.773,11,-4.815,0,0.0337,0.0593,0.0,0.0615,0.183,97.515,174507,4,2,Instrumental Calm
14JzyD6FlBD5z0wV5P07YI,when the party's over,Billie Eilish,[],0.498,0.104,1,-14.08,0,0.0621,0.979,7.86e-05,0.0895,0.205,124.001,199931,3,1,Dance Party
14NutpUNAYWbWFS7zUHCxk,This Feeling - Tom Staar Remix,The Chainsmokers,[],0.607,0.952,1,-4.711,1,0.0337,0.0122,5.5e-05,0.302,0.144,126.017,258693,4,2,Instrumental Calm
14OWRWKwRWvEgaNxyxsm4d,Just a Little More Love (feat. Chris Willis) - Jack Back 2018 Remix,David Guetta,[],0.62,0.86,7,-5.391,1,0.0445,0.00848,0.000141,0.0852,0.0972,127.967,204387,4,2,Instrumental Calm
14SiY53RuPrzd22mfhVZZp,Holding Back the Years,Simply Red,['pop'],0.71,0.514,9,-8.885,0,0.0278,0.58,0.000159,0.0953,0.517,86.02,269840,4,1,Dance Party
14d34stecY9SnteTN1Owr5,Saiyya More Aaye,Noor Jehan,['ghazal'],0.649,0.739,3,-11.398,0,0.114,0.62,0.00595,0.353,0.74,104.525,186000,4,2,Instrumental Calm
14kYOiFVPb7E7NfFbqhdln,goodnight n go,Ariana Grande,[],0.708,0.454,1,-7.07,1,0.0395,0.0217,0.0,0.073,0.24,110.963,189507,4,2,Instrumental Calm
14msK75pk3pA33pzPVNtBF,7 rings,Ariana Grande,[],0.725,0.321,1,-10.744,0,0.323,0.578,0.0,0.0884,0.319,70.142,178640,4,1,Dance Party
14sOS5L36385FJ3OL8hew4,Happy Now,Kygo,[],0.693,0.575,9,-6.998,1,0.0801,0.374,0.0,0.252,0.492,117.999,211362,4,2,Instrumental Calm
154zlVDOk9LbkBZ9pGQ8JT,Yeh Pyar Tha Ya Kuchh Aur Tha,Sudha Malhotra,['bollywood'],0.278,0.676,2,-7.546,1,0.0784,0.602,1.19e-05,0.427,0.342,172.624,431200,4,0,Energetic Happy
1557T6A6ispJdjNhNlDigm,Jhalla Kiski Aarfaana Kalam,Abida Parveen,['sufi'],0.466,0.898,0,-6.929,0,0.0439,0.233,0.000261,0.054,0.936,97.671,242913,4,0,Energetic Happy
15E0NS2ZauSHYtdhZ3CyxE,Chaturang,Mehdi Hassan,['ghazal'],0.587,0.569,11,-9.86,1,0.0825,0.908,0.1,0.219,0.574,133.588,217320,4,1,Dance Party
15LOSQ3z91ZB2wMiMhiCjZ,Desire,Juice WRLD,[],0.597,0.767,1,-4.713,0,0.0481,0.106,0.0,0.107,0.205,148.009,189813,4,2,Instrumental Calm
15Mx5TOvpM4B620WQ0OznP,Yandı Gönlüm Mustafanın Aşkına,Mehmet Kemiksiz,['sufi'],0.417,0.484,7,-6.813,1,0.0318,0.546,0.0689,0.117,0.472,120.118,198448,4,1,Dance Party
15gS3AvoWjgwLGcZ0aKn34,"Shukriya (Rendition) (From ""Sadak 2"")",Jeet Gannguli,['bollywood'],0.313,0.329,11,-11.058,0,0.0372,0.408,2.26e-06,0.0972,0.13,139.809,294857,4,1,Dance Party
15qpOfyGtve2GrtplDo2jJ,"Suit Suit Remix(Remix By Dj Chetas,Dj Lijo)",Guru Randhawa,['bollywood'],0.676,0.886,2,-3.472,0,0.052,0.311,2.3e-05,0.312,0.29,99.938,203337,4,2,Instrumental Calm
15rAdZ0DgYYMKrGCBOSwkd,Mala Mariposa,Jean Dawson,['pop'],0.343,0.717,9,-6.108,1,0.0454,0.0918,0.0891,0.128,0.29,109.883,292333,4,0,Energetic Happy
15wr3LN9fh6jXEsz4KonRF,Lakshmi Aarti,Sonu Nigam,['bollywood'],0.635,0.561,2,-9.003,1,0.0321,0.769,0.0,0.0827,0.549,107.987,329241,4,1,Dance Party
15zw3rkQgGYgio5pA3i2GO,Ami Kolkatar Rossogolla,Bappi Lahiri,['bollywood'],0.501,0.851,0,-7.454,0,0.13,0.327,0.00562,0.189,0.779,187.66,370219,3,0,Energetic Happy
16GnM6rIaGGKnsYiNHkzJv,Roz Roz Ankhon Tale - The Unwind Mix,Akriti Kakar,['bollywood'],0.401,0.273,8,-13.672,0,0.0402,0.828,1.04e-06,0.108,0.3,184.749,260645,4,1,Dance Party
16Jz91zN2TSf4y847r65jc,Shree Kaaliji Ki Aarti (Mangal Ki Sewa),Anuradha Paudwal,['ghazal'],0.368,0.616,7,-7.857,0,0.0703,0.756,0.0,0.234,0.955,187.739,431800,4,0,Energetic Happy
16PbqoqPTtXKxHmdTCE0EH,Ab Jaago Maa,Anuradha Paudwal,['ghazal'],0.579,0.465,6,-7.923,0,0.0244,0.559,1.03e-06,0.075,0.455,87.133,448133,4,1,Dance Party
16UO4S9ALzdBCgY0IYz3wv,"Sab Badhiya Hai (From ""Sui Dhaaga - Made in India"")",Sukhwinder Singh,['bollywood'],0.7,0.865,0,-4.779,1,0.0972,0.0923,0.0,0.386,0.648,134.953,236855,4,2,Instrumental Calm
16YibhAhS4NB3nLTb7npxk,"Amna Ka Laal, Pt. 1",Fareed Ayaz Abu Muhammad Qawwal,['qawwali'],0.527,0.248,6,-16.146,1,0.0627,0.965,0.0694,0.389,0.571,126.188,895027,4,1,Dance Party
16hErlHBEzidYKJd2jS4Q5,Mehdi Hasan-Tumharey Khat Men Naya,Mehdi Hassan,['ghazal'],0.381,0.294,6,-18.946,1,0.128,0.924,0.193,0.857,0.458,146.164,696733,3,1,Dance Party
16mMIFFrIjiBTbpyCVi1Wz,Main Ghulam-E-Mustafa Hoon - Islamic,Aslam Sabri,['qawwali'],0.696,0.634,5,-11.831,0,0.209,0.429,0.0,0.0758,0.886,101.982,351033,4,2,Instrumental Calm
16mRlgj8OCH9ucRLu6Et0T,Jhanda Lale Fareed,Sher Miandad Khan,['qawwali'],0.592,0.86,3,-5.871,0,0.0458,0.162,0.0,0.183,0.887,113.751,581925,4,0,Energetic Happy
16o4K4EC6bw2ocZut4U1Mk,Yeh Kya Mujhko,Kumar Sanu,['bollywood'],0.51,0.534,5,-11.608,1,0.0424,0.796,4.4e-06,0.322,0.858,166.202,353901,3,1,Dance Party
17Cs25j5Ui6X6W4Hk1kAyC,Long Gone,Juice WRLD,[],0.794,0.459,7,-7.404,1,0.0941,0.208,7.17e-06,0.12,0.266,149.033,187007,4,2,Instrumental Calm
17O5wG6Am513zLNUYQIFLC,Noc bez ciebie,Irena Santor,['pop'],0.35,0.413,3,-11.195,1,0.0272,0.598,0.0,0.263,0.135,87.191,273640,4,1,Dance Party
17RMnDmv5CEo3s0tmipRyb,Change (feat. James Taylor),Charlie Puth,[],0.502,0.413,4,-7.373,1,0.039,0.872,0.0,0.213,0.474,175.507,217560,4,1,Dance Party
17VD3zNNt8mLjiUgIlvcK6,"Ishq Ne Tere (From ""Ahista Ahista"")",KK,['bollywood'],0.745,0.753,6,-6.894,1,0.0863,0.128,0.0,0.0513,0.749,81.999,331005,4,2,Instrumental Calm
17Yq72h0p15OhCbZ5lJ5gd,Bickenhead,Cardi B,[],0.884,0.814,7,-5.333,1,0.303,0.154,1.67e-06,0.158,0.907,155.938,181624,4,2,Instrumental Calm
17fuk23OiXYIBAMJWG2rtk,Fake Ishq,Kailash Kher,['bollywood'],0.678,0.884,2,-2.818,1,0.0497,0.337,0.0,0.218,0.885,139.962,270548,4,2,Instrumental Calm
17jviNB6XcZq7HeuqeIsry,Nigah-e-Darwaishaan,Abida Parveen,['ghazal'],0.486,0.498,6,-10.789,1,0.0354,0.338,6.18e-06,0.121,0.565,144.401,592556,4,1,Dance Party
17nM4iO2tb72ZOeESpIINC,Gallan Har Than Hon Farid Diyan,Nazir Ejaz Faridi Qawwal,['qawwali'],0.459,0.875,8,-3.443,0,0.0465,0.275,7.61e-05,0.106,0.732,146.845,519720,3,0,Energetic Happy
17npvozv9pFygfxnnZ6wiP,Punjabi Prayer,Shreya Ghoshal,['bollywood'],0.411,0.121,5,-9.361,1,0.0463,0.949,0.0,0.0999,0.538,167.118,141827,3,1,Dance Party
17unTwUx7KDUDUNE5TIhsv,Melting,Ethan C. Davis,['pop'],0.466,0.325,7,-7.948,1,0.0277,0.621,0.0,0.432,0.397,144.044,256667,4,1,Dance Party
17veekPPG9bLMUOfAPccDU,Mahiya We Bangla Powade Aethe,Runa Laila,['ghazal'],0.513,0.556,6,-10.104,1,0.302,0.931,0.000183,0.245,0.949,191.868,210054,4,1,Dance Party
17wT8wQQG0ab6onPpGu4vz,Dewe Yaar Dian Khabran,Atta Ullah Khan Esakhelvi,['sufi'],0.316,0.798,6,-7.027,1,0.0565,0.604,0.00897,0.413,0.57,73.525,854363,4,0,Energetic Happy
185E3qJwCWSrbo5I2yFjGj,Le Chal Mujhe - Male Vocals,Mohit Chauhan,['bollywood'],0.566,0.493,9,-10.416,0,0.0363,0.35,7.85e-06,0.068,0.115,119.915,252094,3,1,Dance Party
187MtrYAgpgOoNHKuYRwzm,Main Kamli Maiya Di Kamli,Gurdas Maan,['sufi'],0.61,0.813,8,-6.003,1,0.0445,0.629,4.65e-06,0.113,0.878,96.318,762880,4,0,Energetic Happy
18FQ7DIN02bi5N8f4ObmGo,Ami Premer Parikhate,Runa Laila,['bollywood'],0.572,0.574,8,-14.658,1,0.0493,0.595,0.000179,0.104,0.866,129.794,243827,4,1,Dance Party
18V3PMTKiDPMj3GH0dOW15,Orkant/Balance Pon It - Mixed,Major Lazer,[],0.861,0.886,3,-7.437,0,0.139,0.11,2.52e-05,0.476,0.805,125.991,110000,4,2,Instrumental Calm
18WYpqbNvkCXHTeyN2WG8l,La Ex,Maluma,[],0.799,0.842,5,-3.204,0,0.163,0.166,0.0,0.116,0.899,95.041,191747,4,2,Instrumental Calm
18YRKiIZO4qDEc5Ik0Cry6,FRIENDS - R3hab Remix,Marshmello,[],0.545,0.814,9,-4.398,0,0.0409,0.028,0.0,0.0969,0.696,104.93,157143,4,2,Instrumental Calm
18fPevb5WJF0XC97ILCAFQ,Phir Us Se Milay - Live,Ghulam Ali,['ghazal'],0.558,0.602,1,-12.314,0,0.0432,0.437,0.307,0.0589,0.803,106.971,407587,4,2,Instrumental Calm
18lwwaaZeQ1Ko6TxBPA0hE,เธอรู้ไหมฉันไม่ชอบเวลาเธอพูดถึงเขา – BAD CONVERSATION (remastered),Yokee Playboy,['pop'],0.748,0.775,9,-7.626,1,0.0512,0.0641,0.00113,0.757,0.905,118.033,217674,4,2,Instrumental Calm
19Fcrc0nJiwMKom00gS9SW,Good Form,Nicki Minaj,[],0.88,0.775,7,-5.133,1,0.0952,0.113,0.00264,0.0943,0.284,96.507,199400,4,2,Instrumental Calm
19L8E51SOAjb0DdA349YuW,Three Little Birds,Maroon 5,[],0.711,0.653,9,-7.501,1,0.0776,0.0362,0.00482,0.149,0.551,156.051,201168,4,2,Instrumental Calm
19M1KMvn7Vxca2qc6Ze5mS,Haye Haye Ay Lutiyan Vich Karbal De,Shafqat Amanat Ali,['sufi'],0.372,0.236,10,-5.577,0,0.0328,0.751,0.0,0.085,0.367,108.084,486830,3,1,Dance Party
19SEn5eUuuixwxFPNtrq7D,This Town - Gucci Mane Edit,Kygo,[],0.735,0.463,10,-7.764,0,0.0789,0.508,4.48e-06,0.0998,0.526,147.965,202267,4,2,Instrumental Calm
19YIdfHgMUQLisMedV7dQ5,Ya Apna Kise Nu Kar Le,Noor Jehan,['ghazal'],0.471,0.836,2,-2.273,1,0.0493,0.973,0.00977,0.297,0.699,101.328,233175,4,0,Energetic Happy
19ZuIKSN792cKJtePqzkXd,Jag Mein Sunder Hain Do Naam,Anup Jalota,['ghazal'],0.387,0.632,9,-10.858,1,0.0558,0.561,1.07e-05,0.308,0.489,145.767,377240,4,0,Energetic Happy
19bX4zmC2zDben2ldhoRB3,rockstar,Post Malone,[],0.594,0.507,5,-6.141,0,0.0816,0.145,0.000871,0.132,0.137,159.729,218147,4,2,Instrumental Calm
19fngOf83crqDGHh1fMxK0,"Ishq Ki Gali (Remix By Dj Lloyd,Discreet)",Rahat Fateh Ali Khan,['qawwali'],0.756,0.856,10,-7.692,0,0.0854,0.283,0.0,0.282,0.829,102.016,216726,4,2,Instrumental Calm
19lfEG0WdriFrZKowFRBqu,Saajna Shi-Fi Mix,Falak Shabbir,['sufi'],0.479,0.277,2,-12.863,0,0.0371,0.543,0.00017,0.49,0.158,176.017,241015,3,1,Dance Party
19m3E0nMZobyA93AxMXC32,I'm Still,Juice WRLD,[],0.62,0.663,11,-4.569,1,0.0343,0.0895,0.0,0.15,0.365,119.992,192859,4,2,Instrumental Calm
19qBvf1tmtFA6xpvlHrCTK,Sanson Ki Mala Peh Simroon,Nusrat Fateh Ali Khan,['qawwali'],0.408,0.747,7,-5.638,1,0.0465,0.37,2.04e-05,0.625,0.563,144.788,382303,3,0,Energetic Happy
19qaBOUwbymhlCt5aO6oBc,"Kya Dekhte Ho - From ""Qurbani""",Asha Bhosle,['bollywood'],0.344,0.455,4,-7.642,0,0.03,0.823,0.000417,0.143,0.527,148.249,277053,3,1,Dance Party
19tR7gUutqhrZgN2oecNae,You Can Cry - SUMR CAMP Remix,Marshmello,[],0.805,0.815,11,-6.246,0,0.0686,0.147,0.0432,0.368,0.215,124.033,174533,4,2,Instrumental Calm
1A2aIbA2gugqxAWdH2PTRs,Ainwen Rusya Na Kar,Naseebo Lal,['sufi'],0.692,0.855,5,-0.684,0,0.0291,0.255,2.32e-06,0.114,0.835,113.08,346707,4,2,Instrumental Calm
1A8w78JZZysqfKTCgZRAkg,Maine Puchha Chand Se - The Unwind Mix,Rahul Vaidya,['bollywood'],0.633,0.297,11,-12.33,0,0.0331,0.864,0.00182,0.112,0.294,136.5,213626,3,1,Dance Party
1A9KxVNbLsm2PKgKNvMcRB,Kali Kali Zulfon Ke Phande Na Dalo,Nusrat Fateh Ali Khan,['qawwali'],0.568,0.626,2,-12.281,1,0.0904,0.673,2.75e-06,0.58,0.932,149.771,757815,3,3,Acoustic Chill
1ACohYE6X7kbSwO39rhRMQ,Yeh Chadar Fatima Ki,Aziz Mian,"['ghazal', 'sufi']",0.546,0.57,4,-15.913,1,0.362,0.774,1.86e-05,0.673,0.882,73.761,1831787,4,3,Acoustic Chill
1AEBHsada30zIIiWnAvHb3,Back To You - Anki Remix,Selena Gomez,[],0.511,0.882,7,-2.62,1,0.0717,0.171,0.0,0.158,0.362,107.928,254852,4,2,Instrumental Calm
1AKT3bJ8YNO2QIE6sORpOi,Break Free (feat. Zedd),Ariana Grande,[],0.617,0.587,7,-8.479,0,0.0582,0.00666,0.000101,0.357,0.294,129.914,216653,4,2,Instrumental Calm
1AKWjSPt5mU3B4J4pWlDlq,Tasveer,Rahat Fateh Ali Khan,['qawwali'],0.37,0.847,1,-5.769,0,0.0827,0.354,0.00138,0.389,0.529,75.39,348773,4,0,Energetic Happy
1ANFGvkSkg4605N4qSbpPp,Sriraamuni Thalanchi Vaidhegi,Hemlata,['bollywood'],0.419,0.339,9,-16.34,1,0.0381,0.99,0.000335,0.221,0.589,76.302,160160,4,1,Dance Party
1AOK0lHwSBlfeKalYhorNa,Ishq Main Hum Tumen Kya Batayen,Atta Ullah Khan Esakhelvi,['qawwali'],0.482,0.588,1,-6.811,0,0.0438,0.417,0.000165,0.0872,0.328,98.959,586733,4,2,Instrumental Calm
1AROe6mwQ4cNJhuzrwZtrS,Je Aapan Dovein Rus (feat. DJ Chino),Naseebo Lal,['sufi'],0.539,0.916,7,-4.008,1,0.126,0.372,6.73e-06,0.0962,0.833,85.004,327707,4,0,Energetic Happy
1AUZx5a22a1ihyWtpaVoK7,Goodbye (feat. Nicki Minaj & Willy William) - R3HAB Remix,Jason Derulo,[],0.678,0.9,0,-3.746,1,0.126,0.0125,0.0,0.307,0.415,107.955,197500,4,2,Instrumental Calm
1Aa936suLzxcVb2Rft6IFF,Nanand Man Baslene De,Malika Pukhraj,['ghazal'],0.553,0.343,5,-13.012,0,0.0473,0.864,0.0,0.0617,0.746,134.986,224987,4,1,Dance Party
1AcQuwWeaN8VLqTA2CFcR2,Dadra Piloo Pania Bahre,Mehdi Hassan,['ghazal'],0.317,0.479,2,-11.122,0,0.0532,0.936,0.0721,0.224,0.492,68.188,174027,4,1,Dance Party
1Ah8XSo8USl8Y9ATeMJfuj,"Bechechhi Jake Niye (From ""Dilwale)",Kumar Sanu,['bollywood'],0.559,0.784,1,-9.328,0,0.0364,0.754,0.00222,0.376,0.915,146.934,410867,3,0,Energetic Happy
1ArLnG0bHaHPXqf08sEKM0,Consequences - orchestra,Camila Cabello,[],0.547,0.289,0,-8.131,1,0.0348,0.645,0.0,0.148,0.213,104.851,181913,3,1,Dance Party
1B3o1yfiEDSQ0G5L9TDbhp,Shining Star,Bebe Rexha,[],0.751,0.55,11,-8.425,0,0.0457,0.331,5.34e-05,0.186,0.57,130.092,186373,4,2,Instrumental Calm
1BAB2xuQz9L1JPVduqM057,Data De Deewane,Nusrat Fateh Ali Khan,['qawwali'],0.53,0.807,9,-7.485,1,0.055,0.605,0.241,0.105,0.942,91.259,1025557,4,0,Energetic Happy
1BGqxlyrBVRpfvBzG6vi1O,Derena (Extended Track),Elijah Nisenboim,['sufi'],0.555,0.392,5,-13.994,1,0.0298,0.81,0.774,0.108,0.0689,82.624,1022704,4,4,Rap / Spoken
1BI46HfII6N13NkrC23XxT,Raag Darbari,Mehdi Hassan,['sufi'],0.495,0.213,1,-19.947,0,0.23,0.941,0.00587,0.0998,0.511,125.008,640444,4,1,Dance Party
1BL81SKwUdJ0Md6YniFQii,Ashk Aankhon Mein Thamte (Part 1),Aziz Mian,['sufi'],0.486,0.463,1,-15.34,1,0.39,0.84,6.31e-05,0.485,0.574,114.467,1588893,4,3,Acoustic Chill
1BY9qd7xDbdp3EIvatvM28,Adhi Raati,Rahat Fateh Ali Khan,['sufi'],0.71,0.643,1,-5.474,1,0.0912,0.0502,3.9e-05,0.188,0.823,92.02,456734,4,2,Instrumental Calm
1BftYfxjWNKjshPlkQaqe1,Nachave Nizam Pori,Adnan Sami,['bollywood'],0.806,0.947,1,-4.246,1,0.0705,0.149,0.00132,0.135,0.707,107.984,251762,4,2,Instrumental Calm
1BxsXMWPuYYklDHUQpNHs8,Kisi Roz Unse Mulaqat Hogi,Amjad Sabri,['qawwali'],0.709,0.563,7,-9.75,1,0.0364,0.0358,2.66e-05,0.142,0.68,82.025,482624,4,2,Instrumental Calm
1C2yNz0YwdJTQKOscaLmJB,Jeevan Aik Hawa Ka Jhonka,Sonu Nigam,['bollywood'],0.355,0.443,1,-8.262,1,0.044,0.901,0.0,0.0942,0.401,79.217,359928,4,1,Dance Party
1CGC00qNssEakaDMwfwDW7,Tumharay Sheher Ka Mausam,Atta Ullah Khan Esakhelvi,['qawwali'],0.412,0.908,4,-1.976,1,0.0547,0.38,2.4e-05,0.244,0.359,115.144,366907,4,0,Energetic Happy
1CNj7nG5DtmEJNvM2jyxfY,一起去旅行,Waa Wei,['pop'],0.666,0.498,9,-9.468,1,0.0311,0.442,0.000204,0.0918,0.405,121.041,223293,4,2,Instrumental Calm
1CREEthX6b5qBSPuTubQZm,Ami Kemon Kare Raibo Ghare,Manna Dey,['bollywood'],0.487,0.428,1,-7.415,1,0.0733,0.928,0.0,0.108,0.568,122.902,191880,5,1,Dance Party
1CU1MTRABcra8xqqT12jYq,En Mí (Interlude),J Balvin,[],0.0866,0.13,3,-22.208,1,0.0409,0.903,0.624,0.104,0.0634,172.305,53560,3,4,Rap / Spoken
1CWxfklTzjbrKwNadAFn82,Raatan Dee Meri Neend Urr Gayee,Nusrat Fateh Ali Khan,['qawwali'],0.496,0.673,5,-7.176,1,0.0415,0.28,0.0,0.287,0.788,96.18,857036,4,0,Energetic Happy
1CZySbwqogIpIyMXsAqJqF,Aye Mere Dil Ko Todnewale,Anuradha Paudwal,['ghazal'],0.512,0.551,10,-8.228,1,0.0318,0.69,9.53e-05,0.246,0.704,103.059,431267,4,1,Dance Party
1CaMftmXeZlNCvn2PZ3l43,Too Agar Benaqab Ho Jaye - Solo,Nusrat Fateh Ali Khan,['qawwali'],0.446,0.377,5,-16.822,1,0.0413,0.753,0.297,0.0902,0.618,85.695,501507,4,1,Dance Party
1CgDiyMBvDNoAvBfKYZzPJ,Makam Acemasiran,Kudsi Erguner,['sufi'],0.319,0.237,2,-15.254,1,0.037,0.844,0.145,0.0564,0.209,139.656,637547,4,1,Dance Party
1D2L6MefbXon28PzIk9I3r,92 Explorer,Post Malone,[],0.802,0.743,7,-4.82,0,0.0474,0.269,1.36e-06,0.121,0.877,146.03,211427,4,2,Instrumental Calm
1D5VerCKrUXBA86lBVWbNX,Changa Lagda Ae Lal,Sher Miandad Khan,['qawwali'],0.692,0.914,6,-8.044,0,0.0617,0.0755,3.71e-06,0.3,0.809,114.987,342973,4,2,Instrumental Calm
1DB95iL16NiXHzvoqn8sik,Aj Pehli Vaari - Hakam Araiyen,Naseebo Lal,['ghazal'],0.672,0.904,1,-6.172,1,0.0745,0.566,0.000248,0.383,0.913,114.009,336977,4,0,Energetic Happy
1DCryn7P4ZMLGpsQ6mVEhY,Say My Name (feat. Bebe Rexha & J Balvin) - Corey James Extended Mix,David Guetta,[],0.55,0.729,10,-5.311,0,0.0787,0.00295,5.24e-05,0.0657,0.385,125.021,245063,4,2,Instrumental Calm
1DDssKzfYxnXL7oBSUOxgl,Intentaré Olvidarte,Juan Carlos Zarabanda,['pop'],0.775,0.477,0,-3.865,0,0.0317,0.482,0.0,0.0915,0.845,100.026,212063,4,2,Instrumental Calm
1DLYK5pdg3QPC65H1fQ4wg,Sohne Mukhre Da Lain De Nazaara,Nusrat Fateh Ali Khan,"['sufi', 'qawwali']",0.374,0.541,3,-13.284,0,0.0659,0.518,0.0,0.775,0.853,105.089,462904,4,0,Energetic Happy
1DPJdzucB5bjCp9zwTyj21,"Athiyayithu (From ""Khushi Khushiyagi"")",Ankit Tiwari,['bollywood'],0.669,0.574,9,-5.587,0,0.032,0.816,2.98e-05,0.136,0.257,100.008,251312,4,1,Dance Party
1DPi4LjSNF6K2x97xdbOhG,"Hun Nahin Jeena ( From ""Naughty Jatts"")",Rahat Fateh Ali Khan,['bollywood'],0.277,0.737,4,-3.112,1,0.0631,0.694,0.0,0.0667,0.344,170.381,414939,4,0,Energetic Happy
1DUSuNhF8P5vUGNPpQiZa5,My Bad,Khalid,[],0.645,0.568,5,-9.127,0,0.0823,0.543,0.266,0.257,0.391,84.999,166101,4,2,Instrumental Calm
1DfASEEKVByFKTgCArlkS5,Miami,Nicki Minaj,[],0.874,0.54,10,-7.084,1,0.417,0.217,0.00185,0.562,0.723,156.941,190747,4,2,Instrumental Calm
1DfOueUto9A6Uaw0VFlsFC,Mainu Chad Ke Kalli Nu Tur Chaliya,Nusrat Fateh Ali Khan,['qawwali'],0.444,0.804,5,-6.279,0,0.118,0.212,0.0,0.474,0.738,107.297,886988,4,0,Energetic Happy
1DiSxaFfJRyAfkdTflr5mi,Misti Hate Dekhi Misti Meye,Kumar Sanu,['bollywood'],0.428,0.342,1,-16.754,1,0.0557,0.879,7.9e-05,0.396,0.716,181.049,209466,3,1,Dance Party
1E4btN3qFHiQ4zlOEtWQte,Deed Hoi Menon,Noor Jehan,['ghazal'],0.477,0.571,6,-9.825,0,0.0562,0.767,0.000688,0.0869,0.621,94.765,295482,4,1,Dance Party
1E7iWof1269zwY3WlHTaUS,Banjaara (Remix),Sohail Sen,['bollywood'],0.618,0.736,10,-10.172,0,0.0418,0.0427,0.0993,0.108,0.414,134.94,207020,4,2,Instrumental Calm
1E9bCeQMfRHuYomsREHKSp,Rang De Mori Chunariya,Naseebo Lal,"['ghazal', 'sufi']",0.646,0.827,2,-11.256,1,0.0458,0.24,1.6e-05,0.363,0.88,113.961,471705,4,0,Energetic Happy
1ECvZJ7eWOEZXDjGb9Fz0X,Khwaja Ka Rang - Islamic,Rais Anis Sabri,['qawwali'],0.646,0.765,1,-7.11,1,0.0929,0.52,0.0,0.328,0.929,92.357,896081,4,0,Energetic Happy
1EMFnyhETKfI52uhI4baGY,A Sky Full Of Stars - Live In Buenos Aires,Coldplay,[],0.415,0.808,6,-6.596,1,0.0367,0.00255,0.000606,0.982,0.2,124.893,276360,4,0,Energetic Happy
1ESt2Sienj7hIwFhGU8A7X,Chupke Chupke - Live In India/1982,Ghulam Ali,['bollywood'],0.338,0.629,6,-7.229,1,0.0504,0.718,0.000197,0.421,0.817,156.948,535747,1,0,Energetic Happy
1EVzIY3Clxdq3yXRskKZtn,Har Kisi Ko,Nikhil D'Souza,['bollywood'],0.463,0.788,3,-6.523,1,0.0518,0.336,0.0,0.337,0.382,179.968,304025,4,0,Energetic Happy
1EWEFrIQ2GaCYVvrnCacxe,Jadugar Sanawariya,Asha Bhosle,['bollywood'],0.686,0.354,7,-11.528,0,0.226,0.991,0.921,0.167,0.789,96.684,187267,4,4,Rap / Spoken
1EasDZKJKfLGRPnkx1VNGs,Promises (with Sam Smith) - Sonny Fodera Disco Mix,Calvin Harris,[],0.692,0.889,11,-6.671,1,0.0379,0.0129,0.5,0.038,0.806,122.994,237192,4,2,Instrumental Calm
1EezmZapxk6dDafoJuou6k,Pyar Kiya To Darna Kya,Lata Mangeshkar,['bollywood'],0.369,0.619,2,-6.886,1,0.0794,0.817,1.34e-06,0.482,0.675,101.023,381080,3,0,Energetic Happy
1EnHBql5ObXwMnSQ9llTS4,בואי נעזוב,Elai Botner,['pop'],0.592,0.688,4,-5.479,0,0.0282,0.378,0.0,0.0586,0.338,101.941,250773,4,2,Instrumental Calm
1EpbB7VMGZLhyLxphGyFl1,Mera Dard Tum Na Samajh Sake,Attaullah Khan,['ghazal'],0.42,0.62,1,-8.025,1,0.0532,0.81,0.000704,0.125,0.617,91.898,575575,4,0,Energetic Happy
1Er7sc4uGT6xNuRhNSYaBF,You Owe Me - Whyel Remix,The Chainsmokers,[],0.553,0.918,9,-2.737,1,0.0301,0.000526,0.00148,0.384,0.201,90.045,256800,4,2,Instrumental Calm
1EyjtnMGWyQgqiREKEVD74,Kaminey - Remix(Remix By D.J. Khushi),Vishal Bhardwaj,['bollywood'],0.618,0.909,7,-5.838,1,0.0344,0.0184,0.304,0.164,0.447,121.977,200504,4,2,Instrumental Calm
1FB02N4B1HFlRrqWikKAyM,Mere Yara Menu Apni Karle,Rahat Fateh Ali Khan,['qawwali'],0.689,0.939,7,-3.158,1,0.0797,0.0378,0.0011,0.096,0.616,95.035,356968,4,2,Instrumental Calm
1FPJZZjcwG2IGF0UVLrmKL,Tell Me,Marshmello,[],0.558,0.919,1,-1.948,1,0.0426,0.00651,0.789,0.196,0.839,150.049,158400,4,4,Rap / Spoken
1Fj0T1XKuhRu7EZzJ7NJIK,Delicate - Recorded at The Tracking Room Nashville,Taylor Swift,[],0.664,0.447,0,-8.404,1,0.0341,0.577,0.0,0.0968,0.431,90.976,228461,4,1,Dance Party
1FklvJeuKOC4hwaxker8si,Laughing Last,Pink Lincolns,['pop'],0.432,0.976,6,-7.423,0,0.0614,3.84e-05,0.11,0.291,0.569,143.037,80067,4,0,Energetic Happy
1FmrTxzAES3SzasBvnnhRT,Shambho Hechi Daan Dhave,Anuradha Paudwal,['ghazal'],0.606,0.531,1,-6.928,0,0.0306,0.653,0.0,0.0916,0.496,99.973,292844,4,1,Dance Party
1G054MnpcgyiFyv2q7SfYN,Mahalakshmi Mantra,Suresh Wadkar,['bollywood'],0.482,0.753,4,-7.426,1,0.037,0.39,0.0,0.397,0.932,62.96,179054,4,0,Energetic Happy
1G4tkJZGusTxwVscTNFwc7,Aarti Kaal Bhairavji Ki,Anuradha Paudwal,['ghazal'],0.682,0.708,4,-4.014,0,0.0313,0.714,0.0,0.0431,0.976,184.934,80016,3,2,Instrumental Calm
1GIsm7s4c1yv9aZIW8c48q,He Ganraaya Gauritanya,Anuradha Paudwal,['ghazal'],0.688,0.765,10,-8.59,1,0.0422,0.679,0.0,0.0753,0.874,106.981,380708,4,2,Instrumental Calm
1GO9vCm5Cra5uWGSWQ5mGK,In the Dark,Camila Cabello,[],0.425,0.548,7,-6.762,1,0.114,0.21,0.0,0.115,0.282,175.756,219827,4,2,Instrumental Calm
1GXABqvCDvQ58wPbkNhhzh,Psycho,Post Malone,[],0.755,0.557,8,-7.991,1,0.109,0.532,0.0,0.111,0.462,139.977,221440,4,2,Instrumental Calm
1GgoOxNXAUwwsOkzyUEWrs,Meri Uthi Hai Maiyyat,Shahid Ali Khan,['qawwali'],0.541,0.527,10,-12.27,1,0.0432,0.245,0.0,0.327,0.657,116.393,580338,4,2,Instrumental Calm
1GhHIlA6vPmdn1ui8gslJ9,I Fell Off The Wagon,Jr. Melancon and The Come Down Playboys,['pop'],0.568,0.908,9,-3.835,1,0.0355,0.7,0.000312,0.305,0.856,148.23,264293,4,0,Energetic Happy
1GjxSifQhlItDtqbIG4z5W,Dreamin',The Cascades,['pop'],0.489,0.406,0,-13.256,1,0.0326,0.745,2.67e-06,0.129,0.617,136.741,146361,4,1,Dance Party
1GzU8QD8TBrnCmnS4EQUxX,Haram Sharif Ki Tamir,Yusuf Azad,['qawwali'],0.378,0.718,8,-7.584,1,0.123,0.976,0.00483,0.753,0.84,70.612,174785,3,0,Energetic Happy
1HIQLs4NBeN2tdZC4bK0aZ,Sajna Sajna O Sajna,Asha Bhosle,['bollywood'],0.455,0.788,0,-11.74,1,0.111,0.886,0.06,0.8,0.91,62.043,247480,4,0,Energetic Happy
1HQQz4XQpqMDG0SnMQ2oje,Dilo Tse Massive,Shebeshxt,['pop'],0.847,0.676,1,-6.959,1,0.153,0.142,0.0,0.0648,0.799,126.025,285048,4,2,Instrumental Calm
1HTZ4ErPbQJ5JvuYKKB91d,Syria: Islamic Ritual Zikr (Extract),Rifa'iyya Brotherhood of Aleppo,['sufi'],0.451,0.443,8,-17.7,1,0.0535,0.948,0.0,0.384,0.535,88.133,208000,4,1,Dance Party
1HZlQMQmtK8mAJAwVbyo3W,Vaar,Satinder Sartaaj,['sufi'],0.681,0.894,10,-5.051,0,0.11,0.0538,3.2e-05,0.0852,0.638,131.985,231558,4,2,Instrumental Calm
1HrU5dSezPLLXc65cjd3Dl,Dil Ke Zakhmon Ko Mein Dikhaon,Shahid Ali Khan,['qawwali'],0.764,0.602,0,-15.085,0,0.0576,0.161,0.0,0.0494,0.926,121.139,390935,4,2,Instrumental Calm
1HvCFAUIWQsWV9zud3UhDl,All Falls Down,Alan Walker,[],0.655,0.672,1,-4.966,1,0.0581,0.253,0.0,0.312,0.675,98.005,198880,4,2,Instrumental Calm
1HxdEOQUQxnVzjof2mWq3R,Rus Na - Ne me quitte pas,Faiz Ali Faiz,['sufi'],0.653,0.444,2,-11.202,1,0.0728,0.504,0.00234,0.0975,0.674,124.229,560907,3,1,Dance Party
1HzbhGZPAtEWD7ojAFP8df,Dakle Kokil Roj Bihane,S. D. Burman,['bollywood'],0.503,0.359,8,-14.785,1,0.0707,0.972,0.00211,0.154,0.696,120.316,177512,4,1,Dance Party
1I0Lw0hb34MRLmua1NYJcW,Multani Kangan,Naseebo Lal,['ghazal'],0.715,0.962,4,-1.852,0,0.0617,0.264,0.0018,0.345,0.901,99.991,238000,4,2,Instrumental Calm
1I1ck2DOCddxFY7h6r1TSR,Chahat,Ali Haider,['sufi'],0.624,0.672,0,-11.945,0,0.0753,0.453,5.99e-05,0.28,0.679,169.478,260893,4,2,Instrumental Calm
1I2EiwgpTx9s3sQMb4F8Qa,Umaran Langiyan,Daler Mehndi,['bollywood'],0.731,0.93,2,-6.349,1,0.0457,0.0387,0.000236,0.0916,0.641,139.836,300000,4,2,Instrumental Calm
1IFWYttTbdgPwdW84IZAoX,Kaisi Haseen Raat,Talat Mahmood,['ghazal'],0.325,0.227,11,-15.443,0,0.0352,0.986,0.448,0.116,0.459,131.702,281960,4,4,Rap / Spoken
1IGzHTqh7oSlvfLcGz8RMi,Kise Da Yaar Na Vichre,Nusrat Fateh Ali Khan,['sufi'],0.603,0.658,6,-7.085,0,0.0441,0.429,0.00553,0.117,0.598,107.872,425977,4,2,Instrumental Calm
1IN1xM4nssMGg4JnTKUjkI,Tumhein Dil Se Kaise Juda Hum Karenge,Anuradha Paudwal,['ghazal'],0.358,0.76,1,-6.266,0,0.0412,0.709,2.67e-06,0.0557,0.836,150.337,437893,4,0,Energetic Happy
1IRSkSOFYVldF8pxHxbvf6,The Last Time (Come With Me Tonight),Roses Are Red,['pop'],0.471,0.927,8,-4.511,1,0.0493,0.000324,0.000734,0.076,0.232,105.008,254800,4,0,Energetic Happy
1ISa7TwrBsAMYzIItuxyQL,Tashnagi Ko Jhinjor Dete Hain,Amjad Sabri,['qawwali'],0.534,0.798,6,-10.42,0,0.0614,0.0228,0.000468,0.291,0.754,179.938,372923,4,0,Energetic Happy
1IX3aarIbfNW3t2geL0YnL,No Goodbyes,Dua Lipa,[],0.678,0.714,0,-4.924,1,0.0408,0.00795,0.0,0.0827,0.307,109.021,216080,4,2,Instrumental Calm
1Idwkjlz7sGJy4Uq4L3yDA,Dharti Putra - Dharti Putra,Kailash Kher,['sufi'],0.676,0.732,2,-5.537,0,0.0509,0.587,0.0,0.112,0.728,106.081,260760,4,2,Instrumental Calm
1IiMs7sYGomdUDW2CDJ7bx,"Main To Na Boli Mere (From ""Tere Mery Sapny"")",Nahid Akhtar,['ghazal'],0.524,0.68,5,-8.427,1,0.0338,0.782,0.0,0.232,0.856,99.151,202560,4,0,Energetic Happy
1IjuevPDJ8Sa97wFwQ5j4V,Happier - Frank Walker Remix,Marshmello,[],0.712,0.646,5,-4.23,1,0.182,0.116,0.0,0.123,0.607,104.998,196571,4,2,Instrumental Calm
1In3jkWHnGCwK3LzhBGEv8,New Look,Rita Ora,[],0.655,0.656,10,-3.935,1,0.109,0.325,0.0,0.16,0.641,90.965,154433,4,2,Instrumental Calm
1IuhUqZUpBK8SWBNhcRDtd,"Vannaviley (From""Ramanaa"")",Sadhana Sargam,['bollywood'],0.712,0.687,9,-6.003,0,0.0297,0.39,6.2e-05,0.121,0.393,121.956,315000,4,2,Instrumental Calm
1IwcO2aOu87chOdZPFzuK7,Afterglow 3,Tom Adams,['pop'],0.239,0.00654,0,-32.2,1,0.046,0.953,0.904,0.107,0.444,147.13,173625,4,4,Rap / Spoken
1J0UMvIZmeQKpOY9PJsbUX,Piya Bin Baaheen Aawat,K. L. Saigal,['ghazal'],0.356,0.32,2,-13.107,1,0.0751,0.992,0.76,0.14,0.0757,70.447,124115,5,4,Rap / Spoken
1JBFC0Qs9gZd4hYGBtId9a,Aadmi Aadmi Se Milta Hai,Nusrat Fateh Ali Khan,['qawwali'],0.467,0.788,1,-6.553,1,0.0408,0.705,0.000248,0.14,0.83,107.612,390845,4,0,Energetic Happy
1JCutrEOAXf4MYvbk7Zrm1,Jake sajan pardesiyan,Naseebo Lal,['sufi'],0.593,0.663,5,-7.681,1,0.0866,0.272,0.000283,0.114,0.853,167.978,346802,4,2,Instrumental Calm
1JFII8QQIVPFIqNZw6PJGi,Baithe Bithaye,Kailash Kher,['sufi'],0.559,0.869,8,-5.595,0,0.277,0.553,0.0,0.13,0.811,80.159,338976,4,0,Energetic Happy
1JGdz5J9HRVf1SF32VDbw4,Gethsemane (I Only Want to Say),John Legend,[],0.291,0.532,10,-9.118,0,0.0595,0.629,0.0,0.679,0.223,169.803,344707,4,0,Energetic Happy
1JHelInOqiD71pWNkVSRdK,Tu Dil-E-Muradan,Sher Mian Dad,['qawwali'],0.502,0.843,4,-7.948,0,0.0855,0.000174,0.000447,0.257,0.815,143.671,590987,4,0,Energetic Happy
1JSzZziRUe2Y664vqEZCfH,Tompi Seleka,Papzito,['pop'],0.778,0.821,10,-6.91,0,0.107,0.157,2.05e-06,0.0801,0.704,92.946,188370,4,2,Instrumental Calm
1JaXVfes38RV0QCR9kwQv4,Pee Sharab Kyon Hijaab,Rajkumari,['bollywood'],0.509,0.346,7,-10.027,0,0.0696,0.994,0.853,0.658,0.867,107.913,184848,4,4,Rap / Spoken
1JcjOWpaQr2crUaJj2kRYQ,Before I Cry,Lady Gaga,[],0.48,0.56,2,-5.196,1,0.0373,0.157,0.0,0.168,0.167,146.41,258547,3,2,Instrumental Calm
1JiVG7hfNlNYBCkkCJYoy4,Yaad Karan Tenon Ve,Naseebo Lal,['sufi'],0.719,0.703,11,-10.73,0,0.102,0.324,0.0,0.129,0.93,157.548,505173,3,2,Instrumental Calm
1JkOVkkgnrdz49alGpfKbi,Na Rawa Kahiye Na Saza,Farida Khanum,['sufi'],0.443,0.25,8,-14.441,1,0.0408,0.98,0.0946,0.17,0.382,115.347,306667,3,1,Dance Party
1JqT7uFLVzDWlneGFvcLvs,Ae Jo Seli Seli Andi Ae - Munda Shehar Lahore Da,Naseebo Lal,['sufi'],0.821,0.876,5,-8.273,0,0.037,0.208,0.000616,0.15,0.973,130.087,351476,4,2,Instrumental Calm
1JxVOq5u9a4XKHqxG7bPW6,Nit Khair Manga,Rahat Fateh Ali Khan,['qawwali'],0.782,0.694,1,-5.356,0,0.0733,0.482,0.0,0.757,0.601,119.036,228266,4,2,Instrumental Calm
1JydlGEWiwAubExgBqB0gH,Fagam Me Holi Khlele Sawaro,Raju Punjabi,['pop'],0.665,0.845,2,-10.284,1,0.053,0.181,0.000136,0.591,0.927,141.986,211601,4,0,Energetic Happy
1K6WHHqLXlqyGxX2lUMQr3,Ain't No Way - Recorded at Spotify Studios NYC,Demi Lovato,[],0.471,0.416,2,-8.923,1,0.0365,0.515,0.0,0.0921,0.194,135.984,250507,3,1,Dance Party
1KHfRb3C8jOM5PSjMnT4Lm,Allah Karesi,Attaullah Khan,['ghazal'],0.531,0.761,1,-6.711,0,0.316,0.504,1.45e-05,0.344,0.152,99.908,285600,4,0,Energetic Happy
1KSEDM0qo65IUZqA9se8cj,Rabba Teri Zaat Jandi,Naseebo Lal,['sufi'],0.619,0.698,10,-2.536,0,0.0321,0.796,0.0,0.169,0.404,126.338,292389,4,2,Instrumental Calm
1KZcYcq6O9I0DiSBgKSZN5,Kadi Bhal Karam Dia Ankhian,Atta Ullah Khan Esakhelvi,['qawwali'],0.346,0.897,6,-3.429,0,0.0408,0.679,2.94e-05,0.401,0.647,117.754,269267,4,0,Energetic Happy
1KafWJa0KxPJfjOMVAfbNv,O Mastani Teri Chadhati Jawani,Ashok Zakhmi,['qawwali'],0.638,0.642,1,-8.99,0,0.0414,0.402,0.0,0.371,0.733,94.967,527595,4,2,Instrumental Calm
1KbsbfBqFu0ulzobLYi5mv,Ishq Nahin Darda Maut Kolon,Saieen Zahoor,['sufi'],0.452,0.798,1,-5.918,1,0.0383,0.677,0.0,0.144,0.674,80.245,618693,4,0,Energetic Happy
1KhFB4py3HSx97JWuIUpLh,Yeh Sham Mastani - Lofi,Kishore Kumar,['bollywood'],0.382,0.434,7,-12.69,1,0.0506,0.72,0.0219,0.702,0.254,58.346,160052,4,1,Dance Party
1Knctxx9vGZxpZfF66BIEa,Legends,Juice WRLD,[],0.594,0.798,4,-5.244,1,0.0844,0.115,0.0,0.143,0.381,142.049,191840,4,2,Instrumental Calm
1KnumftBb49868R2haw5l0,Kahan Jake Chuppa Chitchor,Anup Jalota,['bollywood'],0.528,0.561,8,-12.578,1,0.0586,0.624,0.000182,0.0856,0.936,111.7,410480,4,1,Dance Party
1KoqxSa5ZGpElgWdBW6Cpy,Manam Mehve Khayal E Oh,Nusrat Fateh Ali Khan,['qawwali'],0.376,0.758,4,-10.03,0,0.236,0.139,0.000292,0.0914,0.852,99.882,923319,4,0,Energetic Happy
1KuPjp2SyimuFq2Hh62Tym,Underneath The Christmas Lights,Sia,[],0.362,0.173,5,-9.902,1,0.0377,0.981,2.92e-05,0.105,0.184,115.347,216573,4,1,Dance Party
1KulPmYlsw6XJro1ZqthY8,Are Baba Ye Dil Kyon,Kumar Sanu,['bollywood'],0.607,0.709,7,-8.845,1,0.0418,0.729,0.00039,0.12,0.93,128.935,260627,4,2,Instrumental Calm
1LClS3Bqb1OL6uGNa2D0S1,Bhagat Singh,Gurdas Maan,['sufi'],0.797,0.674,5,-6.125,0,0.0922,0.198,0.0,0.125,0.646,105.922,282586,4,2,Instrumental Calm
1LPGXjVWl8EnrnyaOgPpBm,Begging,Dua Lipa,[],0.683,0.794,8,-4.558,1,0.0533,0.024,0.0,0.302,0.327,105.941,194107,4,2,Instrumental Calm
1LPgckj1GlpfyYabKhgHlJ,Saanu Ek Pal Chain Na Aawe,Nusrat Fateh Ali Khan,['qawwali'],0.532,0.729,1,-5.309,1,0.0307,0.0906,0.000958,0.31,0.796,146.729,537004,4,0,Energetic Happy
1LtHjULyfektuVIew3U7o2,Prem Baan Jogi,Shubha Mudgal,['sufi'],0.386,0.721,1,-8.923,1,0.0671,0.133,2.41e-06,0.0778,0.399,92.308,628733,4,0,Energetic Happy
1LwVrOwwPJPU5lVuQDPnGA,Check This Out,Marshmello,[],0.624,0.97,0,-0.975,1,0.0788,0.000874,0.548,0.545,0.869,142.019,219718,4,0,Energetic Happy
1M1HJZOQsAbk3ecF3FE8kG,Chaap Tilak,Fareed Ayaz Abu Muhammad Qawwal,['qawwali'],0.33,0.711,1,-2.247,1,0.0712,0.93,0.000599,0.395,0.568,81.626,1278016,4,3,Acoustic Chill
1M1r6cuK8Onmrl9p5inUu9,Pind Da Naa,Romy,['bollywood'],0.754,0.854,5,-6.79,1,0.074,0.185,3.02e-06,0.111,0.877,94.035,304863,4,2,Instrumental Calm
1M2uyQcUhtR3JjdhwJo4Ps,Kal Nau Baje,Alka Yagnik,['bollywood'],0.539,0.483,2,-7.342,1,0.0381,0.551,3.13e-06,0.137,0.258,86.897,253254,4,1,Dance Party
1MT6sqzTtKsQrtf60Kyqma,Ik Pal,Hadiqa Kiani,['ghazal'],0.704,0.932,2,-2.68,1,0.0788,0.135,5e-05,0.0649,0.667,102.029,240588,4,2,Instrumental Calm
1MtGMHvGQ3cITg7fo7N0Kr,Main Hanjooan Di Karan Tasbeeh - Complete Original Version,Nusrat Fateh Ali Khan,['qawwali'],0.4,0.712,2,-6.109,0,0.197,0.676,0.0,0.77,0.719,102.825,936638,4,3,Acoustic Chill
1Mw1uobqZZIudTxOhid4y6,Khwajaye Mohataram,Jani Babu,['qawwali'],0.567,0.454,1,-13.483,0,0.0767,0.693,0.0,0.524,0.843,111.81,692760,4,1,Dance Party
1N1ZpYUJc9fwrqk53FGgWv,Santa's Coming For Us,Sia,[],0.669,0.854,1,-4.486,1,0.0999,0.0205,0.0,0.047,0.707,93.057,206533,4,2,Instrumental Calm
1N3SO16uHySZtg7eL7XQwj,Hey Uma Ke Pyare Lalan,Manoj Mishra,['sufi'],0.417,0.636,6,-5.071,1,0.0641,0.619,0.0,0.156,0.836,74.668,503354,4,0,Energetic Happy
1N7oSZzQBOd0IIOUxCqKP8,Diyare Ishq Main Apna Maqam Paida Kar - Live Version,Nusrat Fateh Ali Khan,['sufi'],0.388,0.716,3,-9.125,0,0.0798,0.53,6.3e-05,0.556,0.735,168.542,560545,4,0,Energetic Happy
1NEgCh2vl9jf0qkL6beL6b,"Rendu Kannultho (From ""Dil Se"")",Shreya Ghoshal,['bollywood'],0.617,0.649,4,-4.904,1,0.0366,0.12,0.000243,0.171,0.481,160.007,208084,3,2,Instrumental Calm
1NHkkwNEBxuuNKGx68Dk27,Chal Jhooti (Remastered 2023),Sajjad Ali,['sufi'],0.736,0.713,8,-9.193,1,0.0361,0.168,6.27e-05,0.0466,0.951,91.768,333132,4,2,Instrumental Calm
1NM1qF0bVBIaQcVxjSYNwi,Ishq Tera,Sonu Nigam,['bollywood'],0.524,0.646,2,-6.81,1,0.0476,0.652,0.0,0.0981,0.611,78.739,312926,4,2,Instrumental Calm
1NS02fLbt5Jggnq9sGxN6D,Nazron Se (Live) [feat. Saqib Ali Taji & Brothers],Ali Haider,['sufi'],0.456,0.915,5,-3.033,0,0.0507,0.684,6.36e-06,0.0973,0.9,153.9,582741,3,0,Energetic Happy
1NX2tbIjXPn3AE6rh0q4Ll,Mawashi Geri,Whitest Taino Alive,['pop'],0.732,0.762,11,-6.827,0,0.09,0.0294,3.84e-06,0.383,0.807,116.965,192821,4,2,Instrumental Calm
1NgCWYuBLfqBDA3b8MgSVU,Twenty One,Khalid,[],0.776,0.445,9,-8.574,1,0.0371,0.212,0.00409,0.124,0.405,109.981,184200,4,2,Instrumental Calm
1Nm6QoT9Iu5ismjmJSLpNs,Vurike Chilakaa - Bombay / Soundtrack Version,Hariharan,['ghazal'],0.526,0.0766,8,-21.639,1,0.0341,0.324,0.0,0.0986,0.41,99.873,437933,4,1,Dance Party
1NzY8x7l7RvawESgC1FCQH,Last Dance,Dua Lipa,[],0.589,0.578,8,-5.626,0,0.0454,0.0232,0.0,0.0984,0.38,135.77,228976,4,2,Instrumental Calm
1O2G1dbaIyGAw66cdeODRD,Yaad-e-Nabi Ka Gulshan Mehka,Nusrat Fateh Ali Khan,['qawwali'],0.45,0.939,0,-4.976,1,0.0524,0.23,0.000238,0.617,0.741,103.173,455715,4,0,Energetic Happy
1ODXPvoyto59Qb5rA4JwFt,Udd Kaliya Kanwan Ve,Naseebo Lal,['sufi'],0.654,0.627,7,-7.509,1,0.0348,0.33,9.14e-05,0.198,0.807,148.218,396256,4,2,Instrumental Calm
1OEcuBxebE4uRHYGpEZx0Z,Mohabbat Ki Qeemat Ada Hum Karenge,Shahid Ali Khan,['qawwali'],0.501,0.922,1,-3.036,1,0.0571,0.388,1.84e-05,0.154,0.816,100.042,608996,4,0,Energetic Happy
1OMRWIj1WHSj7aG8RarceT,Zero Dubidha,Rabbi Shergill,"['bollywood', 'sufi']",0.494,0.651,5,-7.332,1,0.0291,0.234,0.0203,0.0813,0.286,136.033,294450,4,2,Instrumental Calm
1OR5F2mIpahKJ0Rlf6CngF,Tere Main Ishq Nachaeeyan,Nusrat Fateh Ali Khan,['qawwali'],0.509,0.682,5,-11.552,0,0.331,0.768,9.4e-06,0.102,0.852,104.471,1870133,4,3,Acoustic Chill
1Oc6LH83W9huJq6u4ZcWIH,Genesis,Dua Lipa,[],0.715,0.572,7,-6.853,1,0.0745,0.0244,0.0,0.26,0.429,113.02,205720,4,2,Instrumental Calm
1OjD3qQ36kNYYcN2kTZsvO,Yeh Tune Kya Kia - Live,Javed Bashir,['qawwali'],0.584,0.616,5,-8.398,1,0.0549,0.716,0.000114,0.554,0.822,98.156,408875,4,0,Energetic Happy
1OjLYqrzo5JM20c84CqxvX,Im Enker,Vardan Urumyan,['pop'],0.325,0.442,7,-12.547,0,0.145,0.35,0.0,0.164,0.622,78.037,295851,3,1,Dance Party
1P0iKEOI7TDfJYRk43dIN5,Tere Sene Utte Chadh Ke - Atif Chaudhri,Naseebo Lal,"['ghazal', 'sufi']",0.722,0.972,0,-3.218,1,0.0664,0.211,0.0105,0.362,0.674,128.15,273194,4,2,Instrumental Calm
1P3xlB9Ewcs1TruotVsdWK,Idhayathai Kaanavillai,Hariharan,['ghazal'],0.678,0.528,8,-12.036,1,0.0452,0.0937,1.56e-05,0.122,0.606,95.969,288000,4,2,Instrumental Calm
1PLsTkbs6MDSpIKxwo5lzf,Balle Balle,Sukhbir,['bollywood'],0.689,0.845,0,-10.78,0,0.0413,0.272,0.461,0.14,0.884,134.987,260089,4,2,Instrumental Calm
1PMQ84ZMRV5GuL067wqpdq,Chehgooneh Mikhandam,Elaheh,['pop'],0.495,0.132,9,-13.378,0,0.0335,0.979,0.011,0.101,0.291,122.861,253200,4,1,Dance Party
1PVrCzgmiAsoNc1QRPhxYx,Ti proteggerò,Anto Paga,['pop'],0.719,0.542,0,-6.24,1,0.0437,0.211,0.0,0.188,0.32,80.015,112500,4,2,Instrumental Calm
1PfUKiMDKIlPEF9FfdJawc,hope is a dangerous thing for a woman like me to have - but I have it,Lana Del Rey,[],0.492,0.144,7,-10.125,1,0.0708,0.965,1.84e-06,0.161,0.274,164.839,324302,3,1,Dance Party
1PmTbqHTbiW6skdQH8txTj,Paani Re Paani - Jhankar Beats,Lata Mangeshkar,['bollywood'],0.373,0.969,7,-4.436,1,0.192,0.392,0.00015,0.0721,0.709,89.417,362253,4,0,Energetic Happy
1PrjE300mujwBupIy3HORv,Main Kuch Bhi Nahi,Nazir Ejaz Faridi Qawwal,['qawwali'],0.42,0.694,1,-8.182,1,0.116,0.652,0.0,0.0547,0.476,124.189,1726632,4,3,Acoustic Chill
1PuQTv1Kr1gzLgVeATSuh6,Somebody Told Me,Charlie Puth,[],0.592,0.839,1,-4.944,0,0.0564,0.101,0.0,0.0528,0.457,168.501,216053,4,2,Instrumental Calm
1Px62X35tayLsX5V1qx1Mb,Help Me Out (with Julia Michaels),Maroon 5,[],0.934,0.564,11,-4.806,1,0.0638,0.461,1.84e-05,0.101,0.543,115.092,193604,4,2,Instrumental Calm
1Pz3QmQFBFuI60rxCQBeW6,Kills You Slowly,The Chainsmokers,[],0.696,0.429,1,-8.736,0,0.0554,0.0518,0.0,0.128,0.242,149.967,213333,4,2,Instrumental Calm
1QASpMQ74XLyS4S9YzxIt6,Khune Dil Ka Jab,Begum Akhtar,['ghazal'],0.368,0.226,8,-12.966,0,0.0405,0.983,0.64,0.121,0.334,130.992,200651,1,4,Rap / Spoken
1QGlJ890xZIYJRS2yKv4iT,Ya Fareed Ya Fareed,Badar Ali Khan,['qawwali'],0.538,0.826,7,-5.634,0,0.0997,0.31,0.0,0.318,0.858,121.883,1082186,4,0,Energetic Happy
1QK06BoMwWscsZpjyXQ1KL,Visions,Maroon 5,[],0.594,0.762,0,-5.457,1,0.0581,0.0536,0.0,0.127,0.574,154.791,230728,4,2,Instrumental Calm
1QTJSBYuEFX1S9r14nAJHN,Amna De Laal Sohnia,Rahat Fateh Ali Khan,['qawwali'],0.442,0.714,6,-8.187,1,0.0673,0.000444,5.31e-06,0.167,0.807,114.698,876667,4,0,Energetic Happy
1QZCu1R3fjjs89P0e8LtYd,Mekoon Apni Luti Pt. 1,Attaullah Khan,['ghazal'],0.407,0.819,4,-3.752,1,0.0494,0.733,9.68e-05,0.607,0.304,122.807,315466,4,0,Energetic Happy
1QdG3nKKTrNWlN9x9t1cH6,FRIENDS - Borgeous Remix,Marshmello,[],0.439,0.847,0,-6.258,1,0.242,0.0246,0.0,0.139,0.298,114.099,202440,4,0,Energetic Happy
1QifCitxf3kU1Q6lVHNGgW,"Allah-hoo, Allah-hoo",Sabri Brothers,['qawwali'],0.505,0.391,9,-21.315,1,0.204,0.612,0.00463,0.289,0.496,117.837,768227,4,1,Dance Party
1Qnt5GbkODlaUxfxvsukP7,"Hothon Se Chhu Lo Tum - From ""Prem Geet""",Jagjit Singh,['sufi'],0.561,0.495,0,-6.953,1,0.0244,0.785,2.97e-05,0.126,0.588,100.055,293347,4,1,Dance Party
1QxJInUCHiUey32jNWLMM9,Ronak-E-Mehfil,Nusrat Fateh Ali Khan,['qawwali'],0.555,0.671,5,-7.176,0,0.0284,0.0827,0.00449,0.214,0.609,111.661,357674,4,2,Instrumental Calm
1QzYdWQpGGH5HMMpmxQ8fd,Mother City - Extended Mix,Gil Glaze,['pop'],0.762,0.883,9,-4.125,0,0.0699,0.00235,0.762,0.0957,0.561,123.994,300000,4,4,Rap / Spoken
1R0nzbbsmGbI6PkhcnNxKo,Pavitra Pavan Krishna Naam,Anup Jalota,"['ghazal', 'bollywood']",0.468,0.726,6,-6.119,1,0.104,0.359,0.0,0.0758,0.76,167.884,319268,4,0,Energetic Happy
1R1NwL3p27XZC9n5xpP8LE,Cuz I Love You,Lizzo,[],0.566,0.66,1,-4.039,1,0.0479,0.0156,0.0,0.234,0.52,162.159,179979,3,2,Instrumental Calm
1RAI8bswNBe6n6KaC6hqod,Spoil My Night,Post Malone,[],0.671,0.712,1,-2.689,1,0.0337,0.301,1.7e-05,0.107,0.259,160.916,194560,4,2,Instrumental Calm
1RCciCrzv9mXiCX6655bIR,Lamha Lamha,Tina Sani,"['ghazal', 'sufi']",0.583,0.398,7,-13.178,1,0.0539,0.52,9.85e-05,0.269,0.274,93.248,282213,4,1,Dance Party
1RGcxEKlVL5TSMHqV13etr,I'm a Mess - Acoustic,Bebe Rexha,[],0.748,0.406,1,-8.142,1,0.035,0.685,3.61e-06,0.118,0.811,100.034,153094,4,1,Dance Party
1ROhHiBH1uY18sbMzieBIo,Asan Te Torr Nibha Chhori,Atta Ullah Khan Esakhelvi,"['ghazal', 'qawwali']",0.403,0.632,11,-5.968,0,0.0324,0.723,0.0,0.331,0.543,87.521,547678,4,0,Energetic Happy
1RRZSm4akqNyMOsPUhw4cb,Because I Had You,Shawn Mendes,[],0.559,0.337,7,-9.751,1,0.404,0.331,0.0,0.311,0.705,203.231,142480,4,2,Instrumental Calm
1RSXmOzVvLFAlIruXhp8AU,Jo Nabi Ki Bahon Mein,Chhote Majid Shola,['qawwali'],0.402,0.389,2,-11.055,1,0.0291,0.915,0.0174,0.292,0.317,107.084,476787,4,1,Dance Party
1RhHKHspi62yvKm00mtHmx,Murli Manohar Gopala,Jagjit Singh,"['ghazal', 'bollywood']",0.413,0.522,1,-11.353,0,0.0471,0.851,2.19e-05,0.814,0.656,112.715,867972,4,3,Acoustic Chill
1RkbgB57sPy51hVDayfoCC,51 SHAKTI PEETH PART 3,Mahendra Kapoor,['bollywood'],0.389,0.566,8,-12.364,1,0.173,0.365,0.0,0.0633,0.554,183.517,324198,3,0,Energetic Happy
1RnOr27XNJSpMgwTHPJGdH,Dor,Rahat Fateh Ali Khan,['qawwali'],0.531,0.329,8,-7.917,0,0.0273,0.851,0.0,0.179,0.272,134.736,238000,3,1,Dance Party
1RouRzlg8OKFeqc6LvdxmB,Felices los 4,Maluma,[],0.766,0.756,5,-5.861,1,0.132,0.213,0.0,0.349,0.716,94.027,230000,4,2,Instrumental Calm
1RyKg2bZYdTGgYVpj9fwj9,"Naina Mere Rang Bhare - From ""Blackmail""",Lata Mangeshkar,['bollywood'],0.298,0.708,0,-2.669,1,0.0341,0.94,0.000159,0.399,0.441,90.336,282267,4,0,Energetic Happy
1S0MGZdaunq2iUEqb17qc7,Rang O Salam,Abdullah Niazi Qawwal,['qawwali'],0.504,0.563,6,-12.674,1,0.197,0.749,0.0,0.841,0.644,116.11,256000,4,3,Acoustic Chill
1SCd04c2Tx1WNli0T9wLgi,Kamli Muhammad Toon Sadqe Main Jann,Nusrat Fateh Ali Khan,['qawwali'],0.533,0.731,2,-4.093,0,0.253,0.854,0.0,0.503,0.702,116.94,491560,4,0,Energetic Happy
1SJEXlkRlzGmK7zQ74eG5g,Sanu Ek Pal Chain,Rahat Fateh Ali Khan,['qawwali'],0.71,0.813,7,-6.099,1,0.0381,0.545,1.68e-05,0.105,0.847,139.998,210346,4,2,Instrumental Calm
1SP5MJstpsxogyRGmCyJpF,Es Selam,Mehmet Kemiksiz,['sufi'],0.412,0.469,10,-5.307,1,0.0299,0.68,0.0,0.304,0.353,120.117,167210,4,1,Dance Party
1SPshqSuJV3fdJtb4QayN0,Aah Ja Ve Door Jaanwalia,Rahat Fateh Ali Khan,['qawwali'],0.427,0.762,1,-11.013,1,0.0431,0.0507,0.00879,0.345,0.936,116.603,811999,4,0,Energetic Happy
1SRUb3cwUSuQmkRFTIoWM0,Salamat,Amaal Mallik,['bollywood'],0.44,0.57,4,-7.101,0,0.0303,0.851,0.00367,0.168,0.202,120.807,269997,4,1,Dance Party
1SURGzYUY3f6rngSx1Vg8T,Surnaaja Heeyve Urh,Nusrat Fateh Ali Khan,['qawwali'],0.419,0.471,0,-15.571,1,0.139,0.242,0.000199,0.355,0.64,147.799,424907,4,0,Energetic Happy
1SWh4eE4BIj5CW5KH10K5v,Dil Deta Hai Ro Ro Duhaee (feat. DJ Chino),Naseebo Lal,['sufi'],0.655,0.855,8,-6.193,1,0.0354,0.365,0.00206,0.118,0.953,87.763,489680,4,2,Instrumental Calm
1SmAfvD0gIgHnGhC4MUV11,Wolves - Sneek Remix,Selena Gomez,[],0.623,0.771,11,-4.979,0,0.0443,0.49,6.24e-05,0.11,0.204,110.024,274909,4,2,Instrumental Calm
1SnOz2wjEEBfjj1EEPSL4Y,Biba Sada Dil Mor De - Complete Original Recording,Nusrat Fateh Ali Khan,['qawwali'],0.421,0.891,1,-5.331,1,0.133,0.546,0.0,0.85,0.681,109.591,588348,4,0,Energetic Happy
1SsSBhjOyhWLtpiH4CD5Uv,Samny Mustfaa Ki Galli Ha,Nusrat Fateh Ali Khan,['qawwali'],0.418,0.75,5,-5.638,0,0.163,0.658,0.00022,0.9,0.728,133.626,1119673,4,3,Acoustic Chill
1SzClAi6rqHctUlqrWaGy6,"Aashiq Hai Kanjoos (From ""Awara"")",Nahid Akhtar,['ghazal'],0.507,0.524,11,-11.235,0,0.0539,0.829,0.000844,0.269,0.92,128.348,378198,4,1,Dance Party
1T1iOwjPElEY6wuEFxvY9r,Jinke Honthon Pe Hansi,Ghulam Ali,['ghazal'],0.411,0.447,6,-7.913,1,0.0451,0.987,0.147,0.168,0.552,67.496,257000,3,1,Dance Party
1T3E8z6VMXSsACrBSQHTkN,MyBoi - TroyBoi Remix,Billie Eilish,[],0.879,0.58,2,-4.797,1,0.0883,0.00626,0.0433,0.0653,0.312,92.004,211304,4,2,Instrumental Calm
1T8PXkdVXvPcsLebtOccpC,Sajania - Remix,Ali Zafar,['sufi'],0.678,0.778,0,-9.417,1,0.0604,0.138,0.000893,0.15,0.268,125.004,228180,4,2,Instrumental Calm
1TBYIt9QOn5afsPxZF625M,Mast Nazron Se Allah Bachae,Nusrat Fateh Ali Khan,['qawwali'],0.379,0.806,1,-6.665,1,0.0837,0.152,0.0,0.502,0.613,105.124,380797,4,0,Energetic Happy
1TEL6MlSSVLSdhOSddidlJ,needy,Ariana Grande,[],0.647,0.309,7,-7.948,0,0.0366,0.78,7.41e-06,0.202,0.195,87.045,171573,4,1,Dance Party
1TWvzIM2HzBAcOZphjK6wv,"Khushi Jab Bhi Teri (From ""Khushi Jab Bhi Teri"")",Jubin Nautiyal,['bollywood'],0.683,0.655,8,-5.782,0,0.0515,0.198,0.0,0.0772,0.806,102.043,240303,4,2,Instrumental Calm
1TlIJjUAqJbFwrg3RrNel5,Ghazal Mein Doobna,Anup Jalota,['bollywood'],0.565,0.425,6,-11.495,0,0.0289,0.729,0.0236,0.133,0.485,91.359,490800,4,1,Dance Party
1TmXuaTqRIvRDke0X9cnyu,Yah Rehmat-ul-Alameen,Sabri Brothers,['qawwali'],0.494,0.732,4,-8.407,1,0.205,0.851,2.89e-05,0.573,0.634,105.592,1794902,4,3,Acoustic Chill
1Tnw0ItH1Macok8gblnPPd,Is There More,Drake,[],0.698,0.547,1,-7.607,1,0.315,0.727,0.0,0.159,0.548,83.801,226907,4,2,Instrumental Calm
1TunWPd4cOpFEWvDnEdyC8,Chikni Mitti Di Dildara,Naseebo Lal,['sufi'],0.789,0.921,3,-5.217,0,0.0879,0.385,0.00147,0.653,0.926,125.072,346279,4,2,Instrumental Calm
1TvphjTw6fdCZALj6vHIVz,Agar Yakin Nahi,Hariharan,['ghazal'],0.533,0.407,2,-18.992,1,0.0392,0.702,0.242,0.158,0.808,91.894,309680,4,1,Dance Party
1U0A0eTzBG554D4ELv8Qnm,Mera Yaar Chala Ghairon Ke Ghar,Shahid Ali Khan,['qawwali'],0.544,0.841,4,-8.588,1,0.0944,0.67,9.37e-05,0.093,0.669,111.437,475587,4,0,Energetic Happy
1U86MZz6uZTheeATC2kayc,Giant (with Rag'n'Bone Man) - Laidback Luke Remix,Calvin Harris,[],0.485,0.954,1,-2.496,0,0.0686,0.000378,0.000942,0.095,0.24,128.084,153750,4,2,Instrumental Calm
1U8lzbVb2mnQ9uK5epdNR2,Garib Kahte Hain,Aziz Nazan,['qawwali'],0.513,0.465,6,-13.698,1,0.182,0.373,3.87e-05,0.145,0.624,152.546,384173,3,1,Dance Party
1UBtPgadqdMLgUOfvaSYGw,Mun Main Kya,Falak Shabbir,['sufi'],0.731,0.552,1,-8.105,0,0.0362,0.189,0.0,0.139,0.387,110.021,216682,4,2,Instrumental Calm
1UFSR3UBvXmmR1STjhlXfq,Kali Kali Zulfon,Rahat Fateh Ali Khan,['qawwali'],0.385,0.902,9,-4.75,1,0.0533,0.0371,0.000115,0.204,0.918,159.462,564375,3,0,Energetic Happy
1UGneXbnhC3cZ5YydWVnat,Silver Bells,John Legend,[],0.48,0.956,0,-2.993,1,0.0622,0.171,0.0,0.216,0.648,97.936,196787,4,0,Energetic Happy
1UKncQQlvUDULsUbKsYZ0u,Jai Param Krupadi Deen Dayali,Falguni Pathak,['bollywood'],0.373,0.922,0,-4.034,1,0.163,0.302,0.0,0.198,0.403,76.863,100760,4,0,Energetic Happy
1UM1wahOvHfizEVxxWahri,"Bhore Bhore Ganga Nahalein (From ""Chhathi Maai"")",Anuradha Paudwal,"['ghazal', 'bollywood']",0.736,0.414,4,-11.374,0,0.0696,0.591,0.0,0.387,0.712,116.152,353530,1,1,Dance Party
1UbiVxEK4ybPPXLHRnDj2H,Asan Haan Yaar Pardesi,Atta Ullah Khan Esakhelvi,['ghazal'],0.401,0.814,5,-3.768,1,0.0518,0.346,1.09e-06,0.889,0.294,94.236,493547,4,0,Energetic Happy
1UeAXtHNO8QYi5qk76m5DS,Tere hath Ki bedarda Aya,Naseebo Lal,['ghazal'],0.712,0.795,8,-3.283,1,0.0321,0.244,3.76e-06,0.242,0.885,140.272,333133,4,2,Instrumental Calm
1Uos51DEUC4I7n2k3URP6F,Khawaja Tera Naam,Alhajj Muhammad Owais Raza Qadri,['sufi'],0.714,0.631,4,-3.055,0,0.027,0.721,0.0,0.375,0.484,109.986,342480,4,2,Instrumental Calm
1UvuEyoU8bVkzAIfaZ6ETu,Damadam Mast Qalandar,Reshma,['ghazal'],0.346,0.521,4,-10.795,1,0.035,0.797,0.00135,0.0804,0.496,118.958,559560,4,1,Dance Party
1UyyOeuxL4wy5i5lqwr5N2,Sırlar,Aziz Şenol Filiz,['sufi'],0.298,0.126,9,-20.932,0,0.0446,0.909,0.624,0.0988,0.11,119.384,354197,4,4,Rap / Spoken
1V6kjI8AMCH8paMeD2mkOu,AFTER YOU,Meghan Trainor,[],0.53,0.343,4,-6.897,1,0.0248,0.76,0.0,0.154,0.173,86.019,206355,4,1,Dance Party
1V9sFyQGfwSNwX592jj90T,Sakhee Kasey Kahoon,Fareed Ayaz Abu Muhammad Qawwal,['qawwali'],0.469,0.462,1,-9.896,1,0.137,0.624,0.0,0.191,0.56,89.945,746680,4,1,Dance Party
1VGvZC1iUkahblJd80FX9E,"Na Qasmein Khaungi (From ""Bohot Khoob"")",Nahid Akhtar,['ghazal'],0.439,0.404,9,-11.903,1,0.0306,0.956,0.00181,0.239,0.594,86.715,197454,4,1,Dance Party
1VWRvGcmnAqKN6ZhKXB3VN,"Kabhi Sham Dhale - From ""Sur (The Melody Of Life)""",Mahalakshmi Iyer,['bollywood'],0.567,0.471,0,-10.891,1,0.0507,0.756,0.000862,0.0734,0.402,123.004,485773,4,1,Dance Party
1Vmwn2UgerTc7772KzFto9,Paindi Ae Barsaat Ve - Humaiyon Gujjar,Naseebo Lal,['sufi'],0.613,0.889,2,-4.362,0,0.0507,0.275,0.000815,0.681,0.818,129.924,315737,4,0,Energetic Happy
1W2ei6arwYpIwvnJO7wUsa,Teferrüc Eyleyü Vardım,İsmail Coşar,['sufi'],0.409,0.367,0,-8.253,1,0.0371,0.775,0.00245,0.0739,0.463,90.775,501783,1,1,Dance Party
1WEoXhylRKXjmNqkt5Erl8,Kande Utte Mehrman Ve,Nusrat Fateh Ali Khan,['qawwali'],0.371,0.792,1,-8.365,1,0.0486,0.336,2.99e-06,0.335,0.777,82.696,1222783,4,0,Energetic Happy
1WMmVqWvozWJlXeuHVqeTN,Tussi Yaad Karo Te Main Na Aawan,Naseebo Lal,['sufi'],0.627,0.933,1,-1.399,1,0.103,0.276,0.000233,0.309,0.96,89.843,325730,4,0,Energetic Happy
1WNEWtwwZacanR3lOgRasQ,Om Namah Shivay,Anuradha Paudwal,['ghazal'],0.353,0.608,9,-6.078,1,0.0366,0.716,0.0,0.117,0.614,95.551,505000,4,0,Energetic Happy
1Wq6BGdQ8P0aw4E8Z1wozU,Pyaar Kiya Nahin Jaata,Sonu Nigam,['bollywood'],0.676,0.702,4,-11.848,0,0.0792,0.192,3.1e-06,0.946,0.589,113.019,370787,4,0,Energetic Happy
1XCgN0cgIQOv7LdrYUPNiG,Rabba Sacheya,Atif Aslam,['bollywood'],0.717,0.565,11,-10.258,0,0.0293,0.071,0.000404,0.105,0.913,130.033,470507,4,2,Instrumental Calm
1XI5z8sTDqbxaLCVJ2SUTN,Yaad Bhuldi Nahin Teri,Badar Ali Khan,['qawwali'],0.379,0.798,5,-9.044,0,0.0535,0.278,0.000282,0.193,0.892,175.68,895402,4,0,Energetic Happy
1XK4BUl9gyOcuR1q1Orjti,Jab Us Zulf Ki Baat Chali,Mehdi Hassan,['ghazal'],0.298,0.456,1,-12.413,1,0.0396,0.842,0.01,0.138,0.408,155.092,850834,4,1,Dance Party
1XMDaasubEy8MGhFle6JwH,Tujhse Naraz Nahi Zindagi - Lofi Reverb,Rahul Jain,['bollywood'],0.456,0.339,0,-11.056,0,0.0282,0.777,9.15e-06,0.571,0.116,80.06,180555,4,1,Dance Party
1XfLKGoIJtiTc8kMdP2VJM,Vuslat Yolu,Fatih Koca,['sufi'],0.601,0.404,7,-13.29,1,0.0632,0.856,2.62e-06,0.331,0.488,114.983,327733,4,1,Dance Party
1Xp9XVs6Lp2p0Ux75LPBWI,Mera Aapki Kripa Se,Master Saleem,['sufi'],0.657,0.726,5,-7.754,1,0.0623,0.561,0.0,0.0863,0.519,109.941,216105,4,2,Instrumental Calm
1YNQscOx6OqBQjxgJVhEeW,"Girls (feat. Cardi B, Bebe Rexha & Charli XCX)",Rita Ora,[],0.728,0.69,8,-4.344,0,0.0524,0.0164,0.0,0.104,0.415,94.028,221153,4,2,Instrumental Calm
1YbfgyS0Y73faCYRcsXnqS,Dhol Mahiya,Nusrat Fateh Ali Khan,['qawwali'],0.451,0.606,11,-9.918,1,0.036,0.374,0.000424,0.379,0.887,92.685,445820,4,0,Energetic Happy
1YokpYRTClGDnqAwlTBAPc,Hey Ri Main Toh Dard,Sadhana Sargam,['bollywood'],0.637,0.38,4,-11.38,0,0.0275,0.642,0.0,0.11,0.601,98.041,346186,1,1,Dance Party
1Ysm1rnJf4kuhHwoVqs8NM,Teri Gyaras Manaane Ko,Kailash Kher,['bollywood'],0.553,0.804,7,-6.335,1,0.06,0.465,0.0,0.38,0.855,138.09,410436,4,0,Energetic Happy
1YyWQbjfvPoEmc1Xa8uDLO,"Bahoot Khoobsoorat Ek Ladki - From ""Dostana""",Kishore Kumar,['bollywood'],0.54,0.629,10,-8.689,1,0.0601,0.288,0.0,0.048,0.702,92.152,278893,4,2,Instrumental Calm
1Z7dRih8Rrju69Wvdm0I72,วัดรอบเอว,แอนเดรีย สวอเรซ,['pop'],0.772,0.705,1,-10.406,1,0.0425,0.0254,4.33e-05,0.13,0.965,133.798,202278,4,2,Instrumental Calm
1Z9AwVuTLlXe130SNdDLhC,Yadan Terian Yadan,Naseebo Lal,['sufi'],0.635,0.814,8,-9.161,1,0.0686,0.306,0.00125,0.53,0.951,170.011,410946,4,0,Energetic Happy
1ZemPoaj7LBj1RAQrb89EC,Blame It On Me,Post Malone,[],0.651,0.587,11,-7.307,0,0.0421,0.135,1.07e-05,0.149,0.317,121.838,261800,4,2,Instrumental Calm
1ZkYrslQph0Iy11f0aWtjb,The Holy Prophet,Badar Ali Khan,['qawwali'],0.425,0.799,8,-7.307,1,0.046,0.47,0.000338,0.335,0.961,164.154,658560,4,0,Energetic Happy
1ZxJkG775oka5RsH3Yuwv3,Dónde Estarás,J Balvin,[],0.832,0.76,1,-7.588,1,0.113,0.0635,0.0124,0.0776,0.809,89.998,191547,4,2,Instrumental Calm
1a0WWRiuQkYPTCy2fdQnKe,Chal Bullya,Javed Bashir,['qawwali'],0.602,0.65,5,-5.026,1,0.0273,0.309,6.27e-05,0.244,0.785,74.007,323213,4,2,Instrumental Calm
1a7WZZZH7LzyvorhpOJFTe,Wasted (feat. Lil Uzi Vert),Juice WRLD,[],0.744,0.582,0,-5.205,1,0.198,0.0442,0.0,0.0968,0.472,145.021,258475,4,2,Instrumental Calm
1aIT0el3r71rW6Ph0Tj2OB,Sagar Kinare,Kumar Sanu,['bollywood'],0.461,0.972,2,-1.299,0,0.13,0.298,3.69e-06,0.391,0.384,112.507,273160,4,0,Energetic Happy
1aQKPnGNa5vK7aA6lTm4JS,De Música Ligera - Live In Buenos Aires,Coldplay,[],0.196,0.937,6,-5.813,1,0.138,0.00262,1.75e-06,0.397,0.0819,124.401,369307,4,0,Energetic Happy
1aTQPoC4z7O1afZKw8kyqA,Yaara Yaara Tu Jaan,Shazia Manzoor,['ghazal'],0.77,0.826,7,-5.256,1,0.075,0.0653,0.000641,0.0842,0.728,104.053,343653,4,2,Instrumental Calm
1aTWRTwX14evYQfLY2ttQG,Chhod Kar Sare Pagalpan,Anup Jalota,['bollywood'],0.59,0.429,10,-10.166,0,0.0314,0.675,0.0,0.108,0.734,118.081,319693,4,1,Dance Party
1aZhbOdRqshLS6uPjiO8Y4,The Scientist - Live In Buenos Aires,Coldplay,[],0.294,0.652,5,-7.314,1,0.0336,0.105,0.00196,0.378,0.167,75.335,388600,4,0,Energetic Happy
1anNRTfqujXesLlcLcRDHH,Swasti Shri Gaam Mathi,Asha Bhosle,['bollywood'],0.396,0.473,1,-6.972,0,0.0374,0.974,0.00069,0.166,0.468,84.897,853733,1,1,Dance Party
1atPEeURVR39S0LvVTIQms,Woh Aankhen,Runa Laila,['ghazal'],0.705,0.478,9,-11.203,0,0.029,0.343,0.0,0.0697,0.609,114.663,258253,4,2,Instrumental Calm
1bMLCwGmwh0WAi1jhTr2KN,Ka Ranga Kahalo,Anuradha Paudwal,['ghazal'],0.528,0.576,9,-7.687,1,0.048,0.691,6.16e-06,0.221,0.686,112.767,327367,4,1,Dance Party
1bQcOis2jFldMBaugIStxD,Koi Nachia Yaar Manawan Lai - Pappu Shehzade,Naseebo Lal,['ghazal'],0.578,0.856,9,-5.746,0,0.0557,0.389,0.0203,0.408,0.906,180.196,344495,4,0,Energetic Happy
1bUVZQVV2tIbBZd5p48wOk,Aaqa Saad Lay Madiney,Rahat Fateh Ali Khan,['qawwali'],0.727,0.832,10,-3.149,0,0.037,0.039,0.0,0.0804,0.767,100.011,395400,4,2,Instrumental Calm
1beiBpgAutLu1IIVi3vHeR,Digu Digu Digu Naaga,Shreya Ghoshal,['bollywood'],0.676,0.921,10,-5.795,0,0.112,0.588,0.00115,0.107,0.666,175.976,193907,4,2,Instrumental Calm
1bmqPstQjewgzFLDMLGMcD,Jalaram Amritwani,Anuradha Paudwal,['ghazal'],0.581,0.451,6,-9.558,0,0.0634,0.852,0.0,0.446,0.893,144.771,2924619,4,3,Acoustic Chill
1bmrIYnKHtJSgjlPqZ08zP,"Downtown (From ""Downtown"")",Guru Randhawa,['bollywood'],0.601,0.816,6,-5.647,0,0.0715,0.0483,3.57e-06,0.236,0.303,163.867,216120,4,2,Instrumental Calm
1bp0ZpkX9gsB4BsBkIRSbS,Ishrat E Qatra Hai Dariya,Barkat Ali Khan,['ghazal'],0.341,0.633,11,-11.339,1,0.101,0.387,0.455,0.496,0.686,88.392,429000,3,4,Rap / Spoken
1bqzXKBiEytLA5glrFOR41,Ahista Ahista,Nusrat Fateh Ali Khan,['qawwali'],0.503,0.571,1,-13.238,1,0.0523,0.511,1.85e-06,0.175,0.691,89.656,299733,4,1,Dance Party
1bsO9pnNJGpZxT6gd7jLX0,Nihavent Peşrev,Yekta Hakan Polat,['sufi'],0.283,0.148,7,-16.589,1,0.0378,0.989,0.542,0.17,0.647,150.562,184320,5,4,Rap / Spoken
1c1idXdy0UuMVLGuWQ70d3,Kanulake Teliyani,Hariharan,['ghazal'],0.772,0.667,7,-7.961,0,0.0461,0.26,4.04e-05,0.132,0.535,118.002,309323,4,2,Instrumental Calm
1cIVDIkDcmL911B6zQuqpt,Man Khake Kafe Paye,Subhan Ahmed Nizami Qawwal,['qawwali'],0.322,0.186,1,-21.796,1,0.0746,0.328,7.03e-05,0.572,0.367,85.062,984015,4,1,Dance Party
1cX8SAEia1YnVRwyZKU2vN,"Thumba (From ""Super Star"")",Hariharan,['ghazal'],0.722,0.538,0,-6.431,1,0.0341,0.0242,2.15e-05,0.0463,0.378,95.01,254929,4,2,Instrumental Calm
1cZcqfciNNsxIqqBaMBCpD,Khile Jo Phool To - Live,Ghulam Ali,['ghazal'],0.557,0.372,8,-13.707,0,0.0734,0.599,0.71,0.112,0.476,121.005,1153164,3,4,Rap / Spoken
1d2BXQHFOVyO10teN3rSnG,"Yeh Des Hai Mera (From ""Khelein Hum Jee Jaan Sey"")",Sohail Sen,['bollywood'],0.605,0.355,2,-11.966,1,0.0256,0.69,5.53e-06,0.108,0.199,104.901,324998,4,1,Dance Party
1d5WDpIIi6lxYdKlh2GolI,Teri Khair Mangaan,Rahat Fateh Ali Khan,['qawwali'],0.589,0.849,0,-5.924,0,0.0571,0.518,0.0,0.129,0.277,99.833,250800,4,2,Instrumental Calm
1dFJve9VTpH8hoRJQCZwyD,Menu Ghungru Pa - Aj da Badmash,Naseebo Lal,['ghazal'],0.7,0.887,6,-5.291,0,0.0507,0.378,0.00632,0.346,0.914,125.018,330336,4,2,Instrumental Calm
1dJYB5iydHDHw8BXnkVqTb,Jaaniya Bewafa Ae Tu,Naseebo Lal,['ghazal'],0.608,0.738,4,-14.221,0,0.0757,0.0539,0.0214,0.155,0.827,82.026,404480,4,2,Instrumental Calm
1dJzFERc7iygZWZBQRFk1Q,Tera Sacha Hai Darbaar,Anuradha Paudwal,['ghazal'],0.52,0.42,4,-12.784,1,0.0515,0.463,0.0,0.0839,0.833,76.403,290519,4,1,Dance Party
1dSozgoTpJHcMT03Bcav8Q,Larzish Lahoo Ko,Tina Sani,['ghazal'],0.352,0.333,2,-14.505,0,0.0331,0.884,0.0288,0.229,0.534,145.55,269213,3,1,Dance Party
1dUHF4RyMmMTveJ0Rby6Xm,Can’t Take A Joke,Drake,[],0.761,0.598,10,-7.249,0,0.182,0.128,0.0,0.0839,0.447,173.897,163974,4,2,Instrumental Calm
1diRDCtOkntGDL2nla1TTK,Perfect Places,Lorde,[],0.617,0.562,1,-5.881,0,0.0531,0.00268,1.03e-05,0.111,0.536,104.345,220120,4,2,Instrumental Calm
1djC0yUlRIfEYKlsYDod2V,Okefenokee,Doc Severinsen,['pop'],0.669,0.732,6,-7.821,0,0.0623,0.471,0.0,0.62,0.814,127.743,254533,4,0,Energetic Happy
1djLnIHeuoDYuvwYLOp0tH,Gal Ik Nukte Wich Mukdi Ae,Nusrat Fateh Ali Khan,['qawwali'],0.426,0.498,3,-11.099,0,0.0637,0.582,0.0,0.621,0.542,109.371,597511,4,0,Energetic Happy
1dpIk3p9q4yrL35bv9a2oQ,Aj Kala Jora Pa,Atta Ullah Khan Esakhelvi,['qawwali'],0.54,0.798,6,-5.278,0,0.11,0.278,2.09e-06,0.193,0.687,173.74,409025,4,0,Energetic Happy
1dvjD4RI1sY1shiSaQ1P1a,11.Cüz,Mehmet Emin Ay,['sufi'],0.631,0.223,2,-8.211,1,0.0754,0.805,0.0,0.178,0.6,128.462,3084304,5,3,Acoustic Chill
1dyL2B82uM8NE1ja1lcGTg,"Pyar Manga Hai Tumhi Se - From ""College Girl""",Kishore Kumar,['bollywood'],0.365,0.587,5,-6.458,0,0.0326,0.687,1.2e-05,0.153,0.398,109.895,296453,4,0,Energetic Happy
1dywHRy9B5WOSgoYvwZ2tD,月半彎,Jacky Cheung,['pop'],0.271,0.424,6,-13.543,0,0.0344,0.216,1.92e-05,0.771,0.293,169.509,227853,4,0,Energetic Happy
1e10HIUw1poeXdtRPsyZ3f,Give Your Heart A Break,Demi Lovato,[],0.648,0.599,6,-6.423,1,0.0527,0.209,0.0,0.138,0.537,123.044,206347,4,2,Instrumental Calm
1eE0k1Kiw099yh4RyHq1Er,Behki Behki Chaal,Shazia Manzoor,"['ghazal', 'sufi']",0.664,0.947,11,-2.297,0,0.163,0.0532,0.0418,0.255,0.693,119.411,211573,4,2,Instrumental Calm
1egoc0bh3p1lPCZ60EjcQY,Ais Ishaq Day Wakhray Rang,Sain Zahoor Ahmed,['qawwali'],0.545,0.811,0,-5.935,0,0.0426,0.76,0.00119,0.643,0.792,153.966,581329,4,0,Energetic Happy
1eihWPaeiw5dEeXFkdHWf6,Jhoom Jhoom Kar Chali Akeli,Hemant Kumar,['bollywood'],0.564,0.327,9,-11.932,0,0.0742,0.986,0.882,0.661,0.935,177.588,198818,4,4,Rap / Spoken
1elYcnSsfcCZUZQRff9yi9,Aankhon Ke Aage Peechhe,Kavita Krishnamurthy,['bollywood'],0.414,0.898,7,-11.526,1,0.0949,0.197,0.062,0.0927,0.552,114.536,473227,4,0,Energetic Happy
1en8cRQFezaNadUD13BLMt,Shaam E Firaaq Ab Na Pooch,Farida Khanum,['ghazal'],0.328,0.398,4,-9.337,1,0.0356,0.983,0.446,0.195,0.501,90.87,439925,4,4,Rap / Spoken
1enQ4z8bxfoXqQ3jQQM8J5,Everybody Hates Me - Linn Remix,The Chainsmokers,[],0.642,0.61,11,-8.636,0,0.063,0.0591,2.48e-06,0.097,0.538,77.469,182720,4,2,Instrumental Calm
1epw7XR4kDS8W3nImgnGYs,Funiculì funiculà,Massimo Ranieri,['pop'],0.596,0.721,5,-8.042,1,0.0418,0.791,0.0,0.259,0.73,121.108,139627,4,0,Energetic Happy
1evkHzXYitWcDkJOAzNDx3,Shub Shub Shanidevar,Anuradha Paudwal,['bollywood'],0.402,0.26,8,-14.481,1,0.0309,0.786,0.0,0.348,0.263,105.387,373452,4,1,Dance Party
1f4WTVbA5Emn8f9IRuvb2h,Ram Naam,Anup Jalota,['ghazal'],0.72,0.714,2,-1.718,1,0.0344,0.381,0.0,0.292,0.832,124.911,397440,4,2,Instrumental Calm
1f5PNhkNgUpvDEeZfcIlO1,I Do (feat. SZA),Cardi B,[],0.886,0.473,7,-7.338,0,0.255,0.27,2.58e-05,0.0864,0.438,135.065,200205,4,2,Instrumental Calm
1f60jUtLP4xidz1vnomyXZ,Sanu Bhul Gayi Khudayi Chanan Sari,Nusrat Fateh Ali Khan,['qawwali'],0.525,0.724,10,-6.041,0,0.103,0.579,0.000134,0.443,0.811,103.739,1013263,4,3,Acoustic Chill
1f7HfxcJ151yN485mZhhWn,IDGAF - Darius Remix,Dua Lipa,[],0.711,0.551,4,-6.107,0,0.0433,0.319,0.0133,0.0858,0.0637,97.002,406050,4,2,Instrumental Calm
1fA9RF1IzqxXsPH0lCnEve,Bagdo,Harjeet Deewana,['pop'],0.737,0.886,3,-4.019,0,0.072,0.146,0.0,0.299,0.949,134.978,152889,4,2,Instrumental Calm
1fCeXjoRExPP2qwSBh2aST,Black & White,Juice WRLD,[],0.776,0.736,7,-4.612,1,0.247,0.0802,0.0,0.159,0.233,147.946,186945,4,2,Instrumental Calm
1fF9w1hapJKALsOQ6yTcxg,Homesick,Dua Lipa,[],0.426,0.224,6,-8.683,1,0.0391,0.948,0.0,0.112,0.399,85.728,230480,5,1,Dance Party
1fFzAM1BuEnSSwmfVfZeCt,Monochrome,Bleeding Rainbow,['pop'],0.0792,0.898,2,-5.201,0,0.0534,3.26e-06,0.862,0.342,0.315,175.217,264387,4,0,Energetic Happy
1fPYcrgm9wODvukYw46vcg,Only Want You (feat. 6LACK),Rita Ora,[],0.671,0.547,6,-6.284,0,0.0526,0.0574,1.55e-06,0.0855,0.336,82.034,192439,4,2,Instrumental Calm
1fUlEo95rC1402wPwc3pRh,Ağır Aksak Semai (Şevk-u Tarab Takım),Kani Karaca,['sufi'],0.276,0.263,2,-10.677,1,0.037,0.985,0.394,0.17,0.403,79.479,255418,4,4,Rap / Spoken
1fbf4qahGlCPWTdNP52fXT,Jhutha Pyaar Karda,Sukhbir,['bollywood'],0.673,0.856,9,-6.214,0,0.137,0.366,0.0,0.0777,0.495,75.949,195790,4,2,Instrumental Calm
1fpPQSY4VCRfHX2GY28G8e,Like Thieves in the Night,Levinsky,['pop'],0.408,0.622,9,-10.359,0,0.0288,0.0462,0.828,0.0819,0.362,170.061,265765,4,4,Rap / Spoken
1gGGiq4DnpmfK8UGvNXdPD,"Lo Chali Main (From ""Hum Aapke Hain Koun"") - LoFi Flip",Lata Mangeshkar,['bollywood'],0.429,0.562,11,-10.746,1,0.119,0.818,0.00669,0.115,0.365,119.31,111460,4,1,Dance Party
1gIKku55P5bS5iMsbrHQ4K,"If I Had $1,000,000 - Live",Barenaked Ladies,['pop'],0.401,0.946,9,-5.56,1,0.226,0.0328,0.0,0.982,0.488,162.019,396667,4,0,Energetic Happy
1gJEK5b69XIXEUydumLUWc,Rum'da Acem'de Aşık Olduğum,Fatih Koca,['sufi'],0.482,0.584,5,-7.293,1,0.0302,0.825,0.372,0.196,0.673,85.048,253205,4,1,Dance Party
1gKAsxOM6NZFULMwI6chj4,"Dil To Bachcha Hai (From ""Ishqiya"")",Rahat Fateh Ali Khan,"['bollywood', 'sufi']",0.461,0.412,6,-7.358,0,0.0386,0.481,1.81e-05,0.0746,0.464,175.935,333984,3,1,Dance Party
1gOSRj0QVTmTYGXlf9Pom6,Bajrag Baan,Hariharan,['ghazal'],0.65,0.559,4,-11.807,1,0.0532,0.721,0.0,0.323,0.802,90.791,506330,4,1,Dance Party
1gP25btoqwHCBz9A2nCBYk,Kudi Pataka Ho Gai,Richa Sharma,['bollywood'],0.535,0.977,7,-3.991,1,0.066,0.681,0.000372,0.389,0.849,143.352,265045,4,0,Energetic Happy
1gZqaDEcoJCTXBa4H0r2E0,Bekhabar Bewafa,Anuradha Paudwal,['ghazal'],0.307,0.615,1,-16.643,0,0.0774,0.732,0.00344,0.107,0.599,97.411,605560,4,0,Energetic Happy
1gcpBwTwwTzx8kdzmXbexr,"Dil Ki Baazi Jeet Ke Bhi Haare (From ""Madan Manjari"")",Mohammed Rafi,['bollywood'],0.632,0.273,2,-9.753,0,0.0342,0.92,3.8e-06,0.328,0.805,107.23,194840,4,1,Dance Party
1ggeblz553QydfInjKHn1C,Kiven Mukhre Ton Nazran Hatawan,Nusrat Fateh Ali Khan,['qawwali'],0.431,0.589,8,-13.528,1,0.0733,0.361,0.0,0.281,0.742,118.134,1321425,4,3,Acoustic Chill
1gh8Uls8uhUj5rtUHYDbvA,"Mere Naseeb Mein - From ""Naseeb""",Lata Mangeshkar,['bollywood'],0.466,0.771,9,-6.988,0,0.0471,0.851,0.00161,0.33,0.784,98.505,377480,4,0,Energetic Happy
1gjq3EJ2EkVbVwvOk32jbR,Sanware - Underground Mix,Nusrat Fateh Ali Khan,['qawwali'],0.598,0.862,10,-4.871,0,0.0304,0.104,0.00332,0.205,0.163,88.981,288849,4,2,Instrumental Calm
1gkZwGQ2pxUB8lQhyDrUQV,Taki Ja Dholna,Naseebo Lal,"['ghazal', 'sufi']",0.55,0.429,6,-10.296,1,0.052,0.277,0.00108,0.0443,0.818,150.499,322560,4,2,Instrumental Calm
1gnYAU13JlsNlBMD4rUN2H,Ehna Akhiyan-Yaar Mangiyasi-Nachda,Harshdeep Kaur,['sufi'],0.573,0.71,11,-6.295,0,0.0759,0.385,5.64e-05,0.0732,0.614,169.985,387190,4,2,Instrumental Calm
1h0yImRPIVAjhhHeNVlTuC,Youth (feat. Khalid),Shawn Mendes,[],0.534,0.596,6,-6.653,0,0.117,0.56,0.0,0.133,0.324,100.121,190867,4,2,Instrumental Calm
1h2eLNxMSy4xhEelMbZoHn,"Mujhe Neend Na Aaye (From ""Dil"")",Anuradha Paudwal,"['ghazal', 'bollywood']",0.489,0.669,11,-10.788,0,0.0511,0.819,0.0206,0.281,0.713,149.928,373573,4,0,Energetic Happy
1hGUadsGOFLZ6TXqpn1bGD,Leh De Menu TV Balma,Reshma,['sufi'],0.519,0.543,8,-12.41,0,0.0453,0.699,0.0,0.321,0.773,104.255,412473,4,1,Dance Party
1hHbmfNfXIwHyHCYO8ae3I,Hard White,Nicki Minaj,[],0.761,0.736,2,-3.403,1,0.212,0.08,0.0272,0.145,0.273,173.947,193893,4,2,Instrumental Calm
1hQnIkTFmEV3s2la4NeFf5,Ya Magaza Yi Sukile,Benny Mayengani,['pop'],0.788,0.666,4,-7.31,1,0.0941,0.0117,8.69e-06,0.0833,0.761,76.993,422479,4,2,Instrumental Calm
1hWdGt5DZ9Fn0k1U6HZuQV,Gayatri Mantra by Anuradha Paudwal,Anuradha Paudwal,['ghazal'],0.662,0.482,3,-5.5,0,0.0315,0.701,0.0,0.135,0.511,100.035,1881574,4,3,Acoustic Chill
1hXOXzifUfCPhZ097dDSRa,Kali Kali Zulfon Ke Phande,Nusrat Fateh Ali Khan,['qawwali'],0.398,0.736,7,-6.606,0,0.0717,0.663,0.0,0.956,0.758,152.786,434527,3,0,Energetic Happy
1ha8sRueAFcFEezF3kkBK7,Allah Hi Jane Kaun Part 2,Aziz Mian,['ghazal'],0.592,0.462,2,-20.754,1,0.686,0.892,0.000606,0.683,0.527,122.512,827095,3,3,Acoustic Chill
1haidI5i1Rg9GNX1LU3RrZ,Tere Kamrech Iko Char Payi,Naseebo Lal,"['ghazal', 'sufi']",0.814,0.767,8,-9.243,0,0.0721,0.36,0.0014,0.129,0.902,126.443,245022,4,2,Instrumental Calm
1hfQUlH4gww7wpisJymELT,Sahib Teri Bandi Aan,Noor Jehan,['ghazal'],0.481,0.702,9,-9.07,1,0.0375,0.632,0.0721,0.0397,0.878,97.818,332000,4,0,Energetic Happy
1hy4M6zGttVkvblkMNj7bB,Don't Leave Me Alone (feat. Anne-Marie) - Sidney Samson Remix,David Guetta,[],0.687,0.719,7,-7.558,1,0.0539,0.0038,8.48e-05,0.108,0.281,127.966,271875,4,2,Instrumental Calm
1i1XzEn4KYOgKmpow4Ygc3,Duniya Se Dil Lagakar Duniya Se Kya Milega,Jagjit Singh,['bollywood'],0.573,0.548,1,-8.108,1,0.0356,0.949,0.943,0.231,0.586,87.173,323129,4,4,Rap / Spoken
1i71bM51u7eP26ywDznfa2,Aeri Main To Prem Diwani,Lata Mangeshkar,['bollywood'],0.445,0.315,0,-13.107,1,0.0665,0.991,0.0119,0.266,0.584,73.109,132160,4,1,Dance Party
1iDMu2iEH7vTSu1uhI4JWO,Chorni Hu Main,Lata Mangeshkar,['bollywood'],0.437,0.778,9,-6.939,0,0.0825,0.854,0.000712,0.144,0.706,100.68,452437,4,0,Energetic Happy
1iGgkb8l8bxoX9jAPHhASJ,Chandamama,Ashok Khosla,['ghazal'],0.77,0.728,2,-7.876,1,0.0433,0.5,0.0,0.154,0.784,115.915,261936,4,2,Instrumental Calm
1iNXJ2mTKFD2StbAuomHIG,"Swarg Se Sunder Bhawan Hai Maa Ka (From ""Aa Gayi Chitthi Mata Ki"")",Sonu Nigam,['bollywood'],0.581,0.849,1,-3.667,1,0.0572,0.797,0.0,0.323,0.918,91.547,307664,4,0,Energetic Happy
1iPoKQ7HdU7Fih4NE5rIY5,Raj Wekh Liye Data Non,Sher Miandad Khan Qawwal,['qawwali'],0.515,0.868,0,-5.685,1,0.05,0.526,1.94e-06,0.226,0.941,94.744,611558,4,0,Energetic Happy
1iSt435vqJNFyTn6fSnVqt,Thane Da Mamla Hae,Gurdas Maan,['sufi'],0.577,0.706,11,-6.125,1,0.101,0.666,0.000106,0.087,0.864,81.352,379327,4,2,Instrumental Calm
1ilViqZloUL8QpiUVEe8vc,Believer (AIR250),Major Lazer,[],0.578,0.896,8,-4.524,0,0.0592,0.0766,0.000219,0.339,0.74,144.968,185000,4,2,Instrumental Calm
1j18yqnLgdDi98eLcnlS1c,รู้สึกดีๆ (V.1),แหม่ม พัชริดา,['pop'],0.536,0.257,10,-14.081,1,0.0292,0.741,1.82e-05,0.136,0.0718,136.01,224189,4,1,Dance Party
1j1za8SLRop8GupCgIbX4h,La Rebelión,J Balvin,[],0.757,0.798,1,-3.674,1,0.0589,0.0654,0.0,0.0646,0.71,128.022,161973,4,2,Instrumental Calm
1j8jHKgAQ7QD52Wd5uuLNZ,Joanne (Where Do You Think You're Goin'?) - Piano Version,Lady Gaga,[],0.399,0.151,7,-10.333,1,0.0388,0.884,1.03e-06,0.277,0.228,117.293,279437,4,1,Dance Party
1jDIDgY5PFKMoXHAav9NwI,Sajna Asan Rahwan,Noor Jehan,['ghazal'],0.603,0.771,1,-7.269,1,0.145,0.842,0.85,0.565,0.868,89.587,191565,4,4,Rap / Spoken
1jLsirPDkUS2g4gnkYua58,Ignite,Alan Walker,[],0.681,0.864,8,-4.3,0,0.116,0.0208,3.98e-06,0.192,0.479,90.008,210288,4,2,Instrumental Calm
1jQi0IyQL0ZsUinjty43nk,The Way - Spanglish Version,Ariana Grande,[],0.712,0.889,5,-2.433,0,0.123,0.405,0.0,0.0864,0.857,82.51,226560,4,2,Instrumental Calm
1jY7v9jG7kuUOGT9vVR6vs,FOOLISH,Meghan Trainor,[],0.645,0.563,2,-5.155,0,0.0663,0.0285,0.0,0.15,0.555,107.885,199212,4,2,Instrumental Calm
1jo3TwNGCXfNdB5uba3ZVv,Killshot,Eminem,[],0.892,0.651,0,-8.645,0,0.378,0.0989,0.0,0.371,0.599,105.814,253580,4,2,Instrumental Calm
1k35Ts6sY5srXm7opwHmlM,Aisa Pyar Dee Natt Wich,Naseebo Lal,['sufi'],0.645,0.698,9,-6.363,0,0.0753,0.281,3.35e-05,0.343,0.603,169.957,424732,4,2,Instrumental Calm
1kW9cPHVFNV7maWINz3Ys3,O Ram Ji O Ram Ji,Naseebo Lal,['sufi'],0.706,0.85,9,-4.177,1,0.0417,0.117,0.000794,0.149,0.816,102.061,368997,4,2,Instrumental Calm
1kZp3YyyiAVrKpZZ6eJABg,Sadi Farmaish Te,Sher Miandad Khan,['qawwali'],0.562,0.847,7,-8.339,1,0.0516,0.243,0.026,0.0662,0.928,117.384,635420,4,0,Energetic Happy
1kszwIGRDCdTxOTKgkPNDm,More Ângna - Le jardin de mon coeur,Faiz Ali Faiz,['sufi'],0.402,0.648,5,-10.08,1,0.047,0.44,0.000101,0.0845,0.437,146.051,612947,4,0,Energetic Happy
1l75Vxwy8VnBG8Xup2D45g,Banai Mujh Benawa Ki Bigri,Nusrat Fateh Ali Khan,['qawwali'],0.341,0.719,6,-7.562,0,0.103,0.478,0.466,0.572,0.808,76.398,1304584,4,3,Acoustic Chill
1lBqTGQ0nX1JeA2m7T51ux,Machika - Remix,J Balvin,[],0.757,0.885,9,-2.234,1,0.257,0.0564,0.0,0.128,0.657,105.967,291413,4,2,Instrumental Calm
1lJ6Qne8g0kaogryA89VGr,Yeh Tera Chehra Yeh Teri Zulfein,Atta Ullah Khan Esakhelvi,['qawwali'],0.647,0.815,1,-8.976,1,0.133,0.6,0.0964,0.164,0.499,91.772,602723,4,2,Instrumental Calm
1lsBTdE6MGsKeZCD6llNu7,Done for Me (feat. Kehlani),Charlie Puth,[],0.856,0.632,6,-3.692,0,0.074,0.193,0.0,0.0688,0.697,112.009,180493,4,2,Instrumental Calm
1mC2UjWt25Oixtqu7C6suL,Don't Leave Me Alone (feat. Anne-Marie) - EDX's Indian Summer Remix,David Guetta,[],0.684,0.818,4,-4.477,0,0.128,0.0469,3.39e-06,0.119,0.336,123.938,210968,4,2,Instrumental Calm
1mTQNbDOzRTvFnFS4e3nbo,Uski Baten To Phool Hon Jaise - Radio Version,Jagjit Singh,['bollywood'],0.571,0.282,11,-16.811,0,0.0311,0.802,0.0081,0.122,0.458,80.757,232133,4,1,Dance Party
1mYcukuz7uow0wc7DmPXHU,Rozana,Shreya Ghoshal,['bollywood'],0.434,0.378,8,-8.7,1,0.029,0.766,0.000136,0.115,0.291,92.982,274202,4,1,Dance Party
1mYybDTkKhdRGCBfWcwszL,Daylight #2,Tangled Hair,['pop'],0.541,0.64,1,-8.16,0,0.0426,0.408,0.000805,0.133,0.504,88.685,205871,4,2,Instrumental Calm
1mieadljvg4fPBUNoY9RIF,Kato Path Giye Meshe,Chitra Singh,"['ghazal', 'bollywood']",0.627,0.411,2,-12.888,1,0.0304,0.869,1.75e-05,0.191,0.864,111.88,247893,4,1,Dance Party
1mnjGtWfQ1yncMihkz3YKs,Jaame Rehmat Pilla Gaey Khawaja,Amjad Sabri,['qawwali'],0.523,0.787,7,-12.863,1,0.0715,0.113,0.000999,0.258,0.865,116.591,487785,4,0,Energetic Happy
1mqsbtFZllAobc2YXagPqv,Giant (with Rag'n'Bone Man) - Weiss Remix,Calvin Harris,[],0.817,0.743,1,-5.97,0,0.0401,0.0111,0.0468,0.0986,0.139,122.018,234192,4,2,Instrumental Calm
1mvghSCONexEGEuSJVbnsT,Flames - David Guetta Remix,David Guetta,[],0.707,0.629,5,-6.065,0,0.0457,0.0388,0.149,0.0589,0.102,123.021,368150,4,2,Instrumental Calm
1n2XpTKlV99jL8QSVY2cvy,Sar Jhukaya Toh Pathar Sanam,Nusrat Fateh Ali Khan,['qawwali'],0.436,0.751,0,-7.898,0,0.182,0.401,0.000192,0.779,0.626,104.834,927085,4,3,Acoustic Chill
1n2y0nvq5IHyttJSO9ayXE,Le Le De De Ka Police Mein Kya Kaam,Abhijeet,['bollywood'],0.583,0.7,7,-11.26,1,0.137,0.666,0.0,0.0919,0.79,115.452,233827,4,2,Instrumental Calm
1nGoy0cEj0extAwXYNYTWd,Wouldn't Leave,Kanye West,[],0.556,0.432,3,-8.551,1,0.545,0.495,0.0,0.308,0.352,164.235,205547,4,2,Instrumental Calm
1nO248ho5ov8S4H674VlwO,Aami Tomer Songe,Shaan,['bollywood'],0.588,0.491,11,-2.05,1,0.0259,0.567,0.0,0.324,0.555,151.899,226666,3,2,Instrumental Calm
1nP0ib5KgNEOl26rUrrnxY,Mahe Ramzan Aayahai,Yusuf Azad Qawwal,['qawwali'],0.477,0.424,7,-11.344,0,0.235,0.908,0.0,0.626,0.809,75.486,377653,3,1,Dance Party
1ndptsbP6s7WV3fTnp1j74,I'm Not Alone - 2009 Remaster,Calvin Harris,[],0.613,0.961,6,-4.252,1,0.0312,0.0133,0.0212,0.213,0.166,128.012,216805,4,2,Instrumental Calm
1nueTG77MzNkJTKQ0ZdGzT,Don't Wanna Know (feat. Kendrick Lamar),Maroon 5,[],0.783,0.61,7,-6.124,1,0.0696,0.343,0.0,0.0983,0.418,100.047,214265,4,2,Instrumental Calm
1o6PDkI9aTr5PtsMIJida1,Sanu Ek Pal Chain,Nusrat Fateh Ali Khan,['qawwali'],0.521,0.628,1,-6.848,1,0.0379,0.385,0.00157,0.27,0.675,147.972,574621,4,0,Energetic Happy
1oEILcJX46cqn5DacYfPwo,Gori Mhare Nuve Bangle Mein Begi,Suresh Wadkar,['bollywood'],0.619,0.827,0,-8.184,0,0.0849,0.781,0.000315,0.422,0.894,104.701,295107,4,0,Energetic Happy
1oF1qq9Zifa7E9l0bFbwv7,Vande Mataram,Shaan,['bollywood'],0.704,0.659,7,-7.153,1,0.0328,0.203,0.0,0.0916,0.285,89.982,349970,4,2,Instrumental Calm
1oIRnyC5tWRuqWOVG7bmUn,Dhak Dhak Dil Mera Dharhke,Noor Jehan,['ghazal'],0.672,0.443,5,-13.066,1,0.15,0.715,0.000236,0.0865,0.84,90.717,174919,4,1,Dance Party
1oKs2gJ8SretIvpyTfXwuy,Mafiyaan,Sukriti Kakar,['bollywood'],0.7,0.657,4,-3.913,0,0.0807,0.579,0.0,0.27,0.615,104.164,214288,4,2,Instrumental Calm
1oUiit2mCf9Oamc8hVCd9i,Muhammad Na Hotey Toh Kuch Bhi Na Hota,Badar Ali Khan,['qawwali'],0.718,0.602,6,-7.981,1,0.172,0.00686,0.0,0.193,0.412,96.03,388345,4,2,Instrumental Calm
1oVHTsA2FqC1xAT7afmMYn,Hazaaron Khwahishen,Abida Parveen,['sufi'],0.506,0.341,5,-11.882,1,0.0374,0.548,1.17e-06,0.0779,0.212,118.099,535313,3,1,Dance Party
1of4UTQBURsu2grqSqfy5C,Main Tere Mann Ki Maina Hoti Tu Mere Mann Ka Tota,Alka Yagnik,['bollywood'],0.63,0.737,0,-10.263,0,0.0403,0.169,0.0,0.494,0.939,107.56,419667,4,2,Instrumental Calm
1oncROU5dzuvOsj3ni3ZEc,Joler Kanna,Anup Jalota,['bollywood'],0.571,0.788,7,-4.579,1,0.0396,0.424,1.32e-06,0.121,0.565,96.073,325632,4,2,Instrumental Calm
1ooerXTWHYO77xs2bZSBXK,Chak Jigar Ke,Jagjit Singh,['sufi'],0.768,0.496,11,-15.205,1,0.0309,0.0385,7.89e-05,0.122,0.846,122.062,417907,4,2,Instrumental Calm
1oqR8k5C9wAMnTWIqaU9u1,"Mangal Bhavan Amangal Haari (From ""Om"")",Anuradha Paudwal,['ghazal'],0.582,0.581,9,-6.039,1,0.0351,0.424,0.0,0.165,0.709,79.518,281443,4,2,Instrumental Calm
1p5jPjbjtRvMtugh8TgAzD,Belagaayithu Yelu,Anuradha Paudwal,['ghazal'],0.613,0.585,7,-10.372,1,0.0344,0.35,7.05e-06,0.133,0.805,89.985,265900,4,2,Instrumental Calm
1p7DC2sFe7aJdO1RZdO3tC,Betrayal - Skit,Juice WRLD,[],0.701,0.461,11,-18.63,1,0.469,0.812,5.69e-06,0.939,0.294,88.524,64194,5,1,Dance Party
1pE3fQMxWLfOIZV30cZj2L,Shala Jeeveyn Shaala Jeeveyn,Noor Jehan,['ghazal'],0.584,0.799,7,-11.717,1,0.0952,0.98,0.819,0.544,0.909,96.332,208800,4,4,Rap / Spoken
1pGoC50icUKEHqH1X4lggC,それなのにねぇなんで?,THE BEAT GARDEN,['pop'],0.708,0.838,0,-5.238,1,0.0353,0.127,0.0,0.258,0.574,117.017,244567,4,2,Instrumental Calm
1pRjlrQMZYo1K5i1RcLGs7,Nowhere Fast (feat. Kehlani) - Extended Version,Eminem,[],0.699,0.691,11,-5.813,1,0.31,0.267,0.0,0.283,0.618,78.874,278402,4,2,Instrumental Calm
1q25ce7ZZVTOgcqiE5qUV0,Gharyali Deyo Nikaal Ni,Abida Parveen,['sufi'],0.722,0.843,1,-5.932,1,0.0645,0.432,7.96e-05,0.364,0.967,96.792,456464,4,2,Instrumental Calm
1q3P8SlE4HML0CAGvGhm4R,"Zara Yaad Kar - From ""Zara Yaad Kar""",Rahat Fateh Ali Khan,['sufi'],0.597,0.306,0,-16.378,0,0.0534,0.811,0.0,0.0995,0.621,115.037,261016,4,1,Dance Party
1qGxXgmHt67aVZAGaUa6Dx,Ta'a Nensa,Jadal,['pop'],0.389,0.599,11,-6.769,1,0.0368,0.141,0.0102,0.116,0.24,123.621,374123,3,0,Energetic Happy
1qPGRVdcRYaCwxTvocChg7,Eh Jag Meet Na Dekhyo Koee,Jagjit Singh,['ghazal'],0.567,0.161,6,-16.488,1,0.0319,0.919,0.217,0.0725,0.235,112.138,317653,4,1,Dance Party
1qQGHpKthBGszAKEKsRlNN,"Main Woh Chaand (From ""Teraa Surroor"")",Darshan Raval,['bollywood'],0.581,0.451,5,-7.219,0,0.029,0.364,0.00172,0.141,0.206,92.006,322809,4,2,Instrumental Calm
1qQga7bgZAiseNn1bhPbsX,Come On To Me,Major Lazer,[],0.7,0.887,2,-2.133,1,0.05,0.0843,0.0,0.101,0.382,110.015,212493,4,2,Instrumental Calm
1qRtzLOEZtXc0YMBcQjxNr,"Oka Praanam...Oka Jeevitham (From ""Padmaavat"")",Rahul Vaidya,['bollywood'],0.578,0.638,2,-7.053,1,0.0316,0.378,0.0,0.121,0.0957,97.991,219345,4,2,Instrumental Calm
1qVj6P4eganQXev3ZnSkiE,Chuni Kesri,Shazia Manzoor,['ghazal'],0.812,0.479,6,-16.582,1,0.0621,0.374,0.000441,0.0834,0.943,104.105,249560,4,2,Instrumental Calm
1qWW2e1WftAvNG3osHJwfx,Dukh Laban Te Na Awe,Mehdi Hassan,['ghazal'],0.531,0.444,5,-15.269,0,0.0392,0.869,0.43,0.148,0.642,124.917,251293,4,4,Rap / Spoken
1qYnXFUVh4zhPJwmbmAETV,Zindagi Yun Hui Basar Tanha,Jagjit Singh,['sufi'],0.588,0.283,9,-16.084,0,0.0309,0.447,0.000227,0.277,0.399,84.045,342773,4,1,Dance Party
1qbghXCJ0fVE81cEOlibRE,"Robin Hood, Pt. 2",Safario,['pop'],0.785,0.526,6,-7.363,0,0.308,0.0013,0.000125,0.257,0.302,83.996,142872,4,2,Instrumental Calm
1qsHYUd2c1wFGcn7e63QmG,Yikes,Kanye West,[],0.683,0.776,1,-3.251,0,0.341,0.15,0.0,0.227,0.223,173.996,188773,4,2,Instrumental Calm
1quQGAaE7XbJ5gbE2YHfdu,Sayoni Mera Mahi Meray Paag Jagawan Aa Gaya,Naseebo Lal,['ghazal'],0.535,0.905,1,-3.861,1,0.0516,0.483,0.0177,0.207,0.74,116.604,249080,4,0,Energetic Happy
1qzuDwEjliL3VOWXXsTn16,Change,Taylor Swift,[],0.541,0.757,5,-4.212,1,0.0386,0.00434,0.0,0.112,0.207,96.0,280240,4,2,Instrumental Calm
1r6lMYU07a8mfniB5cvLXz,理想男友,兔子牙,['pop'],0.811,0.536,10,-8.429,1,0.0313,0.338,0.0,0.0985,0.779,115.081,206609,4,2,Instrumental Calm
1r6sFC5J0p9r3jcfIoSGDM,Taaron Ke Shehar,Neha Kakkar,['bollywood'],0.441,0.61,9,-5.182,0,0.0404,0.238,0.0,0.101,0.348,79.736,230082,4,2,Instrumental Calm
1rAZrYT0Ad4F1RiDaxYknE,Amor Argentina - Live In Buenos Aires,Coldplay,[],0.233,0.675,3,-8.374,1,0.0501,0.252,0.0181,0.854,0.317,134.173,316200,4,0,Energetic Happy
1rETLio3nMsMsG1Ro0dnWl,Mylime Sa Milujeme,Robo Grigorov,['pop'],0.601,0.562,9,-6.037,1,0.0268,0.309,9.96e-06,0.0898,0.313,135.899,222040,4,2,Instrumental Calm
1rJryRZWO1gzQCjdsoOn8F,Alif Allah Chambe Di Booti,Nusrat Fateh Ali Khan,['qawwali'],0.443,0.532,8,-8.738,0,0.047,0.862,0.000363,0.297,0.237,132.452,1818848,4,3,Acoustic Chill
1rRYQg5mlBRFrY3aDrHZYl,Ghar Mein Bhajan,Anup Jalota,['ghazal'],0.592,0.604,9,-12.054,1,0.0536,0.612,3.65e-06,0.058,0.709,77.939,328933,4,1,Dance Party
1rTrQbjBpWbPzE2NYpgCxX,Re Mann Aiso Kar Saniyasa,Anuradha Paudwal,['ghazal'],0.488,0.387,7,-9.869,1,0.0326,0.961,0.00171,0.11,0.376,79.644,425667,4,1,Dance Party
1rXYL6gRDjMp31yNk5udmT,"Aap Ki Ankhon Mein Kuch (From ""Ghar"")",Kishore Kumar,['bollywood'],0.53,0.564,3,-7.137,1,0.0323,0.22,0.00316,0.258,0.349,100.186,249173,4,2,Instrumental Calm
1rYT5bYLTgGfmI2SQ6wYHi,Dekhe Bhale Dost Humare Ye Jane Pehchane Log,Mehdi Hassan,['sufi'],0.356,0.459,6,-13.206,1,0.0445,0.824,0.112,0.151,0.45,150.881,654731,4,1,Dance Party
1rZ2hxF0WGbjKpv1Bot0fL,Akhiyan Vichon Hanju Dul Dul Jandey Ne,Naseebo Lal,['sufi'],0.695,0.826,3,-5.872,0,0.0687,0.437,4.78e-06,0.0567,0.844,88.0,361685,4,2,Instrumental Calm
1raJfrE4ArlwIGgFGZ0LEw,Jane Woh Kaise Log The,Hemant Kumar,['bollywood'],0.512,0.273,4,-8.322,1,0.0377,0.956,0.0,0.0829,0.492,92.875,259120,4,1,Dance Party
1reWqUNMwp5ciYLIufmWLI,Wow. - Instrumental,Post Malone,[],0.849,0.312,1,-10.535,1,0.0613,0.0411,0.895,0.103,0.494,99.997,149040,4,4,Rap / Spoken
1rfofaqEpACxVEHIZBJe6W,Havana,Camila Cabello,[],0.765,0.523,2,-4.333,1,0.03,0.184,3.56e-05,0.132,0.394,104.988,217307,4,2,Instrumental Calm
1runK0sYWCg2GzV3Klk066,GO,Atif Aslam,['sufi'],0.631,0.587,7,-7.813,1,0.0421,0.319,0.0,0.0692,0.373,81.989,348231,4,2,Instrumental Calm
1rv170ZsobLD7RP5mLGQW7,Pehli Wari Ehnan Akhian,Ghulam Ali,['ghazal'],0.491,0.327,2,-17.283,0,0.0854,0.953,0.77,0.242,0.807,75.043,473262,4,4,Rap / Spoken
1rxSy2sjO4T7l6q5aTLnDa,"Baamulaiza (From ""De Dana Dan"")",Mika Singh,['bollywood'],0.834,0.919,1,-5.452,1,0.093,0.183,0.0,0.048,0.959,104.03,290800,4,2,Instrumental Calm
1rylPpwuLqrEaWZCZGhWl9,Nebe,İsmail Coşar,['sufi'],0.413,0.0892,7,-13.657,1,0.0534,0.839,0.0,0.0612,0.293,115.35,622550,3,1,Dance Party
1s09qmP0tg5X5HcmsNxLaw,Jinnan Marzi Tu Le Aj Zor - Desi Munde Vilayti Kudiyan,Naseebo Lal,"['ghazal', 'sufi']",0.758,0.837,8,-8.259,1,0.0507,0.179,0.000119,0.246,0.729,126.003,323312,4,2,Instrumental Calm
1s8yTFmHbJr4VeniPd06jW,Beparwah,Naseebo Lal,"['ghazal', 'sufi']",0.685,0.753,11,-4.106,0,0.0395,0.542,0.0,0.149,0.366,110.982,202202,4,2,Instrumental Calm
1sCVVjzP2ftghb6SpJjTyO,Wekhoi Ni manmohna,Quari M. Saeed Chishti,['qawwali'],0.575,0.547,1,-13.178,1,0.041,0.303,0.0,0.124,0.964,96.577,668907,4,2,Instrumental Calm
1sUXRVXvkbcgof7QFgUA12,Light It Up - Remix,Major Lazer,[],0.747,0.877,9,-3.782,0,0.0664,0.0375,0.000833,0.233,0.752,107.991,166138,4,2,Instrumental Calm
1sV3BBYDKQYJyYoTidUWR7,OTW - BURNS Version,Khalid,[],0.782,0.827,4,-3.017,0,0.0587,0.0664,0.0599,0.0728,0.424,135.031,247138,4,2,Instrumental Calm
1skM2dabaNWkNFTo2BY9v4,Jai Jai Ambe,Anup Jalota,['bollywood'],0.636,0.54,6,-14.651,1,0.054,0.593,1.66e-06,0.125,0.887,93.606,323030,4,1,Dance Party
1snWlbcbgQpJfknoI30DWG,Darkside,Alan Walker,[],0.425,0.642,4,-5.06,0,0.0502,0.164,0.0,0.118,0.112,170.008,211867,4,2,Instrumental Calm
1snxgimWFgaE4RWcGVagry,Kas iš to,Radži,['pop'],0.757,0.852,9,-3.567,1,0.0518,0.00822,5.63e-05,0.33,0.952,126.002,190589,4,2,Instrumental Calm
1spvoOdn3qeRGPvrfFSvC8,แค่นั้นจริงๆ,Tattoo Colour,['pop'],0.8,0.41,7,-7.913,1,0.0657,0.629,0.0,0.315,0.666,111.838,239507,4,1,Dance Party
1stUBljsOPqMC7TwPt43BD,Inimitável,Nando Reis,['pop'],0.491,0.916,9,-5.239,1,0.034,0.0577,7.05e-06,0.196,0.933,146.836,235018,4,0,Energetic Happy
1szfckdGaRPT6XKDgfHzWo,Homa Mantra,Kshitij Tarey,['bollywood'],0.614,0.397,5,-14.264,1,0.0323,0.206,0.0,0.127,0.204,137.967,356813,4,1,Dance Party
1tENFAeyimTi42h62OTxUj,Mujhe Aaj Kuchh Na Kehna,Sudesh Bhosle,['bollywood'],0.495,0.834,6,-7.321,1,0.192,0.77,0.0,0.0731,0.815,111.639,319800,4,0,Energetic Happy
1tGm8uTqXXIRqkkSgKgRcZ,Idhar Zindagi Ka Jinazaa,Atta Ullah Khan Esakhelvi,['sufi'],0.304,0.809,9,-3.14,0,0.0579,0.627,1.32e-06,0.925,0.265,134.453,361773,4,0,Energetic Happy
1tNeKo8AV0cAM34kvi74it,Tere Hoke Rahengay - Reprise,Shweta Pandit,['bollywood'],0.639,0.538,3,-6.398,0,0.0296,0.399,0.0,0.14,0.614,116.04,269221,4,2,Instrumental Calm
1tNuMRxcaCOdtBB55PhArG,Freedom,David Guetta,[],0.456,0.802,7,-7.173,1,0.0962,0.00266,0.37,0.122,0.0616,116.497,235160,4,2,Instrumental Calm
1tWpgH8rErSXPOkQKFCag9,Cuando Tú Quieras,J Balvin,[],0.696,0.668,6,-5.063,1,0.199,0.361,0.0038,0.31,0.761,184.329,205120,4,2,Instrumental Calm
1tWv10H9AOGdjLbPusGoKd,Tere Ishq Nachiya,Sain Zahoor Ahmed,['qawwali'],0.504,0.632,4,-6.512,1,0.136,0.165,0.0,0.36,0.631,94.768,397730,4,0,Energetic Happy
1td9h89t8iuyQbgrV6RHc2,Yahan Se Chala Gaya Kotwal,Habib Painter Qawwal,['qawwali'],0.415,0.395,2,-14.872,1,0.115,0.99,0.000794,0.161,0.577,151.705,410813,4,1,Dance Party
1tfVpMI8G6EakZU4rEja4w,Sing Me to Sleep,Alan Walker,[],0.474,0.622,4,-6.381,0,0.061,0.0129,3.82e-06,0.327,0.158,176.062,187800,4,2,Instrumental Calm
1u1FN0GoNVKRE1m31a6rf1,Rab Saqi Tera Bala Kare,Badar Ali Khan,['qawwali'],0.459,0.683,10,-8.946,0,0.103,0.151,0.0,0.122,0.717,133.57,883440,4,0,Energetic Happy
1u6x6QYDKfl5YEmSEnYqEX,Dil Hai Ke Manta Nahin,Anuradha Paudwal,['ghazal'],0.483,0.487,8,-9.429,1,0.0306,0.942,0.00417,0.0902,0.62,117.735,370493,4,1,Dance Party
1uD9ztCvaTHFSRWqmMeTIs,Yaara (Full Version),Pankaj Udhas,['ghazal'],0.65,0.425,0,-13.77,1,0.0374,0.479,4.78e-06,0.114,0.684,93.017,409440,4,1,Dance Party
1uEFfLD71yQaEOKI6bj0j6,Bubble Butt,Major Lazer,[],0.765,0.771,7,-6.99,1,0.347,0.0115,0.00237,0.606,0.394,194.072,227813,4,2,Instrumental Calm
1uFYQULBzOPd7j4bIxfC1g,I Will Never Let You Go,Shweta Pandit,['bollywood'],0.692,0.634,3,-5.919,1,0.0368,0.524,0.000104,0.286,0.165,139.964,274051,4,2,Instrumental Calm
1uLiWPFcPbUal3hzWcyTef,Perle rare,Alexandre Désilets,"['pop', 'indie']",0.487,0.839,2,-6.568,1,0.0389,0.00438,0.0616,0.143,0.25,159.941,241667,4,2,Instrumental Calm
1uRBbjQ3uNFXCncWyNomHf,Only,Imagine Dragons,[],0.691,0.803,9,-5.029,1,0.0355,0.015,0.0,0.0862,0.424,104.997,180733,4,2,Instrumental Calm
1ue1YpnzUJVuPtzRhCyc8q,Utho Momino Neend Se Jaago,Chhote Majid Shola,['qawwali'],0.453,0.739,10,-8.831,1,0.063,0.44,0.0,0.137,0.929,145.02,779056,3,0,Energetic Happy
1uuUnsWpJwqBh5GRQ8uxla,Happier - Tiësto’s AFTR:HRS Remix,Ed Sheeran,[],0.684,0.823,0,-4.881,1,0.0296,0.00576,7.42e-06,0.201,0.384,117.993,216000,4,2,Instrumental Calm
1v24T2ug4TlssYZvI3aL4O,Lust for Life,Drake,[],0.507,0.438,6,-10.318,1,0.176,0.942,0.0313,0.108,0.109,87.4,176179,4,1,Dance Party
1v70brpg04lyDHSzfcX1s1,Yere Ba Gajanana,Anuradha Paudwal,['ghazal'],0.569,0.568,6,-4.992,1,0.0498,0.957,0.0178,0.623,0.807,86.371,363254,4,1,Dance Party
1v8mv9OzAcOOP2ezhFYvm5,Jaago Re Jaago,Anup Jalota,['ghazal'],0.414,0.683,8,-7.529,0,0.0469,0.65,0.0,0.0444,0.691,77.492,404945,4,0,Energetic Happy
1vBeIXlzbAieGoDqInav5j,Money Bag,Cardi B,[],0.947,0.788,10,-6.138,0,0.124,0.107,0.000691,0.108,0.454,129.977,229005,4,2,Instrumental Calm
1vBmaijoCBoqmwc3zs5n3s,Dus Bahane,Shaan,['bollywood'],0.833,0.917,7,-5.498,1,0.0597,0.175,1.92e-06,0.109,0.874,110.001,206947,4,2,Instrumental Calm
1vXp6ifT8y7gyMmWLREasX,"Baby, You Make Me Crazy - Friction Remix",Sam Smith,[],0.446,0.87,10,-4.633,0,0.0381,0.000405,0.11,0.24,0.333,174.033,216552,4,0,Energetic Happy
1vtugOaKFXB78piGH9YBXS,Mon Metechhe Mon Mayurir (LoFi),Asha Bhosle,['bollywood'],0.417,0.413,1,-11.703,1,0.0451,0.89,0.0,0.138,0.196,79.43,165047,4,1,Dance Party
1w3uizaPe1a6kKNx8CRq9N,Lie - Extended,Tom Boxer,['pop'],0.776,0.821,6,-2.131,0,0.111,0.0354,0.000222,0.0354,0.962,93.013,209194,4,2,Instrumental Calm
1w6P1aCHYd5eYFpwRVQw9q,Jah No Partial,Major Lazer,[],0.584,0.938,6,-4.93,0,0.0487,0.000501,0.369,0.24,0.399,139.993,252840,4,2,Instrumental Calm
1wAKSKBEsBgbI1bH8scQCb,Thuppaki Engal Tholile,Shankar-Ehsaan-Loy,['bollywood'],0.668,0.895,9,-5.964,1,0.047,0.234,0.000841,0.213,0.79,120.01,283507,4,2,Instrumental Calm
1wGSK11huEffPN8rxMxQaJ,Tu Hi Rab Tu Hi Dua,Rahat Fateh Ali Khan,"['sufi', 'qawwali']",0.649,0.807,10,-5.984,0,0.0732,0.37,0.0,0.119,0.741,86.075,423573,4,2,Instrumental Calm
1wGxfpGFpx2vCajaRilihV,Aankho Mein Raha,Talat Aziz,"['ghazal', 'bollywood']",0.317,0.477,6,-10.121,1,0.0392,0.236,0.00465,0.108,0.355,179.986,474667,4,0,Energetic Happy
1wIHiFFJj8ay0air9a2d3K,Rast Makamında Kamet,Mehmet Kemiksiz,['sufi'],0.48,0.232,2,-5.359,1,0.0628,0.83,0.0,0.45,0.392,102.221,77871,4,1,Dance Party
1wJiu7QrOanOA9TdK9QFS9,Promises (with Sam Smith) - Sonny Fodera Remix,Calvin Harris,[],0.772,0.849,3,-7.301,0,0.0478,0.0197,0.0324,0.0817,0.581,122.996,237285,4,2,Instrumental Calm
1wNtApQuNFSufTv17v9JKS,Baba,Adnan Sami,['bollywood'],0.63,0.686,0,-6.394,1,0.0806,0.648,0.00087,0.0963,0.475,79.988,370120,4,2,Instrumental Calm
1wS5jcDURl0Hl1oAGUwEOw,Kaliyan Zulfan Wala - with Zikr,Alhajj Muhammad Owais Raza Qadri,['sufi'],0.617,0.418,0,-5.155,0,0.0342,0.894,0.0,0.105,0.858,174.644,390847,4,1,Dance Party
1wWepawifZdMsBB28tz8dC,Farbenspiel Leben,Romy,['bollywood'],0.546,0.841,1,-3.74,1,0.0301,0.0878,0.0,0.165,0.639,84.998,219973,4,2,Instrumental Calm
1wa6QQsdSE3X2GbRljGpFk,Candles,Juice WRLD,[],0.715,0.582,7,-6.212,1,0.0761,0.348,0.0,0.2,0.357,157.005,183703,4,2,Instrumental Calm
1wp99LyOZdwG7H9u5TZWkJ,Mere Intezaar Karna,Nusrat Fateh Ali Khan,"['sufi', 'qawwali']",0.463,0.647,10,-10.171,1,0.0402,0.182,4.71e-06,0.303,0.833,110.353,594927,4,0,Energetic Happy
1wyaFeFCujN1McqORh8s4i,Thori Der Hor Thehr Ja,Nusrat Fateh Ali Khan,['qawwali'],0.456,0.763,6,-7.473,1,0.0896,0.664,0.0936,0.797,0.708,101.673,948770,4,3,Acoustic Chill
1xJ7RwalGdQr2TH4RynUYD,Asma Allah el Hosna,Groupe Bidawiya Lil Madih Wa Sama'a,['sufi'],0.41,0.42,1,-7.556,1,0.047,0.822,0.0,0.108,0.431,141.911,1235320,4,1,Dance Party
1xKZhcVUy8DwGzzxvIykvA,"Nilavupattu (From ""Kannukul Nilavu"")",Hariharan,['ghazal'],0.755,0.441,9,-12.867,1,0.124,0.473,2.54e-06,0.0756,0.593,147.937,361613,4,1,Dance Party
1xUZ6CgfpXspcQuEIOhf2v,Do It All for You,Alan Walker,[],0.684,0.657,1,-5.483,1,0.0433,0.126,1.26e-06,0.109,0.415,82.007,174560,4,2,Instrumental Calm
1xVZzT0ehl2TLCKC4tBOAw,Fada Bela,Angélica,['pop'],0.69,0.889,9,-7.389,1,0.0542,0.627,0.0,0.253,0.695,133.895,241200,4,2,Instrumental Calm
1xWH8zYtDeS9mW1JJG23VZ,R.E.M,Ariana Grande,[],0.831,0.485,10,-6.677,0,0.15,0.375,1.47e-05,0.118,0.622,80.022,245667,4,2,Instrumental Calm
1xYpVRspgaLxdJLOTQkTjg,STOP TRYING TO BE GOD,Travis Scott,[],0.588,0.567,4,-3.738,0,0.0628,0.221,0.0,0.135,0.113,150.009,338438,4,2,Instrumental Calm
1xbXyV3srPeE7dT9Qp1fhf,Kabhi Kaha Na Kisi Se,Aziz Mian,"['ghazal', 'qawwali']",0.539,0.833,4,-4.325,1,0.207,0.84,0.00446,0.088,0.706,152.134,1480229,3,3,Acoustic Chill
1xnIu7cK5iHPPPfp4IP3eU,Woh Ishq Jo Hamse Ho,Farida Khanum,['bollywood'],0.479,0.499,0,-12.279,1,0.0443,0.872,0.852,0.808,0.709,123.233,479260,4,4,Rap / Spoken
1xnbMu7FeNI5sp2FaRQdw0,Pyaar Ke Pal,KK,['bollywood'],0.599,0.136,4,-12.376,1,0.0308,0.846,2.46e-05,0.11,0.167,122.124,359373,3,1,Dance Party
1xrZZpvdwCJLG9mqP5fzlH,Aaya Prabhat,Anup Jalota,['ghazal'],0.65,0.623,6,-8.676,0,0.0277,0.621,0.0,0.324,0.742,112.931,219816,4,2,Instrumental Calm
1xt84wzx4lrcRxWh0MQXRZ,Naino Se Nain Mila Ke,Shamshad Begum,['bollywood'],0.525,0.266,6,-8.599,0,0.0962,0.951,0.292,0.149,0.532,69.721,209266,4,1,Dance Party
1xubyzjrVtcBv6id6vOE5f,Kora Kagaz Naam Tere,Shahid Ali Khan,['qawwali'],0.4,0.771,0,-8.513,1,0.0384,0.724,0.0369,0.334,0.954,167.625,795240,4,0,Energetic Happy
1y7xvi2mYQW14sjrdZ49nU,Admi Musafir Hai,Yusuf Azad Qawwal,['qawwali'],0.551,0.514,2,-12.924,1,0.128,0.968,0.738,0.193,0.553,99.603,392853,4,4,Rap / Spoken
1yGrA7NxPK6PxQymRimM2O,Naseeb Mere Likh Baba,Sher Miandad Khan,['qawwali'],0.741,0.746,5,-8.265,1,0.26,0.632,0.0,0.119,0.843,94.984,572033,4,2,Instrumental Calm
1yMEjYaX3hf3Bqm8MK1WEo,X. İsm-i Azam Duası (Sübhaneke Ya Allah),Mustafa Demirci,['sufi'],0.6,0.356,4,-13.523,1,0.443,0.548,0.0,0.15,0.673,100.038,402280,4,1,Dance Party
1yO5eja8Ke5h5KWLKkos5h,Hasdi De Dand Ginda - Chill Trap,Gurdas Maan,['sufi'],0.619,0.605,9,-12.76,1,0.106,0.00344,0.0,0.226,0.556,79.896,166500,4,2,Instrumental Calm
1yUSziR5DTtZgcxWcJLD2w,365 - KUURO Remix,Zedd,[],0.767,0.876,2,-3.072,1,0.0514,0.0114,8.91e-05,0.356,0.38,125.994,246176,4,2,Instrumental Calm
1yVMhjK5MOpQ9qAaytY22H,Enough,Spencer Crandall,['pop'],0.48,0.435,8,-7.874,1,0.0344,0.696,0.0,0.109,0.372,81.22,165153,4,1,Dance Party
1ynVxkQjPcDRlJwYkApoNy,Different World (feat. CORSAK),Alan Walker,[],0.607,0.76,7,-4.718,0,0.0367,0.0705,0.0,0.14,0.349,129.971,202902,4,2,Instrumental Calm
1yr8bvOuWtDsa6zYBi4lYZ,Bad Together,Dua Lipa,[],0.703,0.628,5,-6.349,0,0.0284,0.0076,0.0,0.471,0.425,103.983,238827,4,2,Instrumental Calm
1zZ8DfrLf4fQgARxIKOs20,This Feeling - Afrojack & Disto Remix,The Chainsmokers,[],0.607,0.942,10,-3.876,0,0.0857,0.000428,4.53e-05,0.111,0.164,150.074,207693,4,2,Instrumental Calm
1zhZzx2SmlsuAs1XxDpkWF,Jaag Uthen Dard Purane,Nusrat Fateh Ali Khan,['qawwali'],0.425,0.847,6,-5.051,1,0.0453,0.108,5.03e-05,0.381,0.785,166.026,589004,4,0,Energetic Happy
1zmYFqj23CBncKfelwJ25p,"Tenu Lehenga (From ""Satyameva Jayate 2"")",Zahrah S Khan,['bollywood'],0.828,0.938,8,-0.771,1,0.206,0.013,0.000123,0.118,0.509,99.947,247049,4,2,Instrumental Calm
1zqlzGPy6LjN5a1O2R3EPo,Paiyan Mundran,Nusrat Fateh Ali Khan,['qawwali'],0.463,0.616,5,-14.043,0,0.0477,0.387,0.0002,0.373,0.473,103.211,419947,4,0,Energetic Happy
1zsu7xa4cFQWgavn7zINIQ,Ehle Daer O Haram Reh Gaye,Dream Journey,['sufi'],0.43,0.303,1,-15.267,1,0.081,0.661,0.0,0.576,0.538,96.874,1002000,4,3,Acoustic Chill
202NGEMOK8km1aREPysUJe,Nuvvu Puttindadi,Sonu Nigam,['bollywood'],0.709,0.799,5,-3.261,1,0.0293,0.181,1.18e-05,0.108,0.576,139.967,375133,4,2,Instrumental Calm
20AmHTkwFXXeYHOpBsdGQv,Shri Tulja Shankar Shlok,Vinod Rathod,['bollywood'],0.323,0.157,4,-11.284,0,0.0303,0.862,0.0,0.201,0.0315,100.205,420216,4,1,Dance Party
20F8eXnmrzsAXaHENSHJRR,Love Lies,Khalid,[],0.7,0.647,6,-5.628,1,0.0453,0.127,0.0,0.13,0.334,143.94,198640,4,2,Instrumental Calm
20MuVazoNMv6xjKPnRFOxG,WAKE UP,Travis Scott,[],0.741,0.645,11,-5.116,0,0.0963,0.192,0.0,0.163,0.488,149.07,231964,4,2,Instrumental Calm
20WHGjyLZb0uCepNqdv7pJ,Easy On Me,Jason Chen,['pop'],0.563,0.217,0,-8.902,1,0.0304,0.929,0.0,0.136,0.567,142.076,221404,4,1,Dance Party
20btJsGuq9FdDYVlrXkljP,Shri Ram Ki Mahima,Kshitij Tarey,['sufi'],0.712,0.668,3,-6.188,1,0.042,0.638,0.0,0.111,0.878,92.11,300978,4,2,Instrumental Calm
20pXq8dsaFMUGUGXWkjZGl,Jinda Ishq Laga,Abida Parveen,['ghazal'],0.538,0.71,0,-8.618,1,0.0463,0.747,0.0067,0.32,0.821,101.353,427238,4,0,Energetic Happy
20yxrW4UtI0D6EMenlorLs,Jai Shri Ram - Bhojpuri,Golu Raja,['pop'],0.605,0.985,0,-0.49,0,0.337,0.214,0.0,0.508,0.745,159.829,205822,4,0,Energetic Happy
212WS4zPmNDiBEdoX06FVs,Bano Atmanirbhar,Monty Sharma,['bollywood'],0.766,0.669,2,-4.959,1,0.339,0.822,0.000133,0.181,0.813,160.107,148549,4,2,Instrumental Calm
214RyVhVfg00U2hnb26x78,Chadariya Jhini Re Jhini,Anup Jalota,['ghazal'],0.339,0.726,1,-6.649,1,0.0421,0.81,0.0191,0.0581,0.605,101.854,831878,4,0,Energetic Happy
216afVgCJWieLyqPDwziwq,Back To You - Joey Pecoraro Remix,Selena Gomez,[],0.685,0.658,6,-7.548,1,0.0326,0.365,0.133,0.333,0.529,102.028,226644,4,2,Instrumental Calm
21LbamEpL0IxNf86vsrrPP,O Jane Wale,Mohammed Rafi,['bollywood'],0.569,0.22,10,-15.567,1,0.218,0.995,0.703,0.111,0.474,108.65,193760,5,4,Rap / Spoken
21NiLFyb8GSRepnS6v2t74,Larsha Pekhawar - feat. Gul Panra & Fortitude Pukhtoon Core,Ali Zafar,['bollywood'],0.552,0.72,11,-10.991,0,0.382,0.333,0.0,0.102,0.538,119.915,208000,4,2,Instrumental Calm
21S5QXGLE8lPJNJuboZSd2,Ham Apni Sham Ko - Live Version,Nusrat Fateh Ali Khan,['qawwali'],0.347,0.635,5,-3.018,0,0.0326,0.891,0.0,0.295,0.573,112.08,529686,3,0,Energetic Happy
21Ssxd5XEvZPLak9dFfQFg,Hum Panjetani Hain,Sabri Brothers,['qawwali'],0.601,0.868,10,-7.213,0,0.0771,0.638,4.35e-06,0.314,0.924,158.534,587765,3,0,Energetic Happy
21XPE7mzINXNM5r9qztM32,Rang Laaga,Sajjad Ali,['sufi'],0.341,0.8,8,-8.051,0,0.114,0.237,0.00266,0.159,0.403,141.346,487014,4,0,Energetic Happy
21YakstZQ9Wm1GZBKOEfzP,Shahswar-e Karbala Kee Shahswari Ko Salam,Nusrat Fateh Ali Khan,['qawwali'],0.68,0.492,5,-9.539,1,0.364,0.826,9.46e-06,0.775,0.88,118.148,884878,4,3,Acoustic Chill
21aWm7KFi70DLGomjOUD9D,Rich Sex (feat. Lil Wayne),Nicki Minaj,[],0.877,0.634,9,-5.099,1,0.259,0.0521,0.0,0.0785,0.569,146.968,192600,4,2,Instrumental Calm
21k2j5WRkfVWiAcaZ8w0Ey,Koplein Fir Phoot Aayi,Mehdi Hassan,['sufi'],0.434,0.443,6,-14.787,1,0.0389,0.886,0.00258,0.123,0.614,131.739,438831,3,1,Dance Party
21s9J1pRlZc2znaqV10140,Zmane Main Mera Kaha Hain Thikana,Rais Anis Sabri,['qawwali'],0.554,0.858,8,-6.121,0,0.12,0.206,0.0,0.657,0.807,149.912,813689,4,0,Energetic Happy
2238GA9iggQeIb1hdevYes,Mashhoor Who Sakhi Hain,Sabri Brothers,['ghazal'],0.442,0.649,7,-14.629,1,0.204,0.778,4.13e-05,0.0979,0.623,94.782,1565440,4,3,Acoustic Chill
22UteqcAwjSuK4sAY5sRbc,"Dohre Mahiye, Pt. 1",Atta Ullah Khan Esakhelvi,['qawwali'],0.276,0.549,5,-6.873,0,0.0315,0.278,8.65e-06,0.178,0.431,147.345,1840596,4,3,Acoustic Chill
22VgYvJJmDOUIkTf9uMpRh,Woh Dil Leke Chupke,Ahmed Hussain,['ghazal'],0.808,0.416,10,-13.315,1,0.0456,0.507,7.55e-06,0.331,0.899,124.008,314573,3,1,Dance Party
22Vt9E25fsRcQdcUjNTUQr,Ho Ho Ho,Sia,[],0.716,0.742,0,-5.103,1,0.0407,0.0338,0.0,0.105,0.879,129.014,205627,4,2,Instrumental Calm
22WDzmBDeR9Fd2Tkx1PHcG,Data Pia Lilla Karam Aj Kar De,Nusrat Fateh Ali Khan,['qawwali'],0.528,0.821,3,-6.322,0,0.216,0.661,0.0057,0.142,0.842,111.329,859397,4,0,Energetic Happy
22WcFg5vG2onfZLPGn4HTM,Wich Pardesan - Rap Version,Nusrat Fateh Ali Khan,['qawwali'],0.531,0.9,6,-2.237,0,0.187,0.0457,0.0,0.444,0.637,86.681,276363,3,0,Energetic Happy
22ZglEWjnfvJ9Ovvuyac9I,Rowena,Barike,['pop'],0.612,0.732,9,-6.952,1,0.0261,0.423,0.000637,0.0994,0.941,98.266,230307,4,2,Instrumental Calm
22ek7sIyKHCurZNWNeYvQn,Dekho Arooj Walo,Shahid Ali Khan,['qawwali'],0.487,0.713,5,-8.447,0,0.0484,0.397,3.04e-06,0.0774,0.774,127.456,452717,4,0,Energetic Happy
22mgTbxFnRvYKod5hMrKtY,"Jab Pyar Mein (from ""Arman"")",Ahmed Rushdi,['ghazal'],0.479,0.409,10,-10.502,1,0.0361,0.694,0.0,0.103,0.493,96.646,216360,4,1,Dance Party
22nebdx3j16qQKRrm0mVe7,Sick Boy,The Chainsmokers,[],0.548,0.687,11,-6.371,0,0.15,0.106,0.0,0.131,0.362,180.017,193947,4,2,Instrumental Calm
22pqOeF5GQnVjh8BLUOsQI,Haq Ali Ali Maula,Nusrat Fateh Ali Khan,['sufi'],0.465,0.815,3,-8.362,0,0.0684,0.558,0.00227,0.856,0.891,107.492,1749173,4,3,Acoustic Chill
22r0AelGPQTKDAjtwKXSsf,Purano Sei Diner Katha,Hemant Kumar,['bollywood'],0.187,0.674,6,-5.671,0,0.0387,0.758,0.00149,0.28,0.31,154.823,207560,3,0,Energetic Happy
237yLMGfRoGXQvfBiAEVvY,Akhian Noon Chain Na Awe,Nusrat Fateh Ali Khan,['qawwali'],0.725,0.573,7,-7.137,0,0.0367,0.442,1.11e-05,0.13,0.535,93.097,396997,4,2,Instrumental Calm
23RbS7epqr1MW0PzTXQ2Yp,Normal - Recorded at Sound Stage Studios Nashville,Meghan Trainor,[],0.597,0.315,2,-11.414,0,0.0595,0.686,0.0,0.111,0.151,122.755,211880,4,1,Dance Party
23dvgHJHnYRcDAbyMaF9Y7,Main Jahaan Rahoon - Remix,Rahat Fateh Ali Khan,"['bollywood', 'qawwali']",0.647,0.943,10,-6.831,1,0.0413,0.00122,0.0,0.0765,0.704,119.991,309773,4,2,Instrumental Calm
23m6nQiaOT0X3khtJETMIy,Naiyo Jaana - Aman Sanjog Remix,Shirley Setia,['bollywood'],0.647,0.563,0,-6.637,1,0.0303,0.0481,0.0144,0.0869,0.456,95.001,264000,4,2,Instrumental Calm
23pAVm0L7JUxSYUtqgkwf5,"Kitthe Mehr Ali, Kitthe Teri Sana - Kafi in Punjabi (Live)",Abida Parveen,['ghazal'],0.398,0.263,3,-19.723,1,0.0581,0.91,0.0,0.315,0.667,127.818,291040,5,1,Dance Party
23yhYrVTKAaZvDqOWO8mUq,Ankh Uthi Mohabbat Ne Angrai Lee,Nusrat Fateh Ali Khan,['qawwali'],0.504,0.695,1,-5.526,1,0.0583,0.6,0.0,0.521,0.543,115.273,474544,4,0,Energetic Happy
24BNgrtp6Fag4M5BQPEgsV,End Of The Road,Juice WRLD,[],0.378,0.721,9,-5.855,1,0.09,0.0631,0.0,0.114,0.254,109.978,162981,5,0,Energetic Happy
24IVmX7pNacKKEh0o2f7Ln,"Mirza Jatt, Pt. 1",Alam Lohar,['sufi'],0.647,0.501,7,-8.66,1,0.044,0.708,0.771,0.275,0.506,133.915,192293,4,4,Rap / Spoken
24li0QizomWkRrbR0nUQcl,Mohini Tujhya Swaranchi,Sadhana Sargam,['bollywood'],0.434,0.62,7,-8.99,0,0.0398,0.552,0.000645,0.0887,0.896,83.838,362280,3,0,Energetic Happy
24ybwRAicS0EQ52woGDQxk,"Penguin O'Reilly, Pt. 1",Elijah Nisenboim,['sufi'],0.29,0.25,0,-15.688,1,0.0317,0.794,0.736,0.341,0.0375,74.856,469773,4,4,Rap / Spoken
257D9kMjHUUwGsUb2g6xkl,Anhad Naad,Sona Mohapatra,['bollywood'],0.647,0.716,7,-4.288,1,0.0334,0.644,0.000418,0.129,0.717,84.998,271765,4,2,Instrumental Calm
259UIgs2GNGUgjubokec3J,Wey Taar Likh De Babua,Noor Jehan,['ghazal'],0.562,0.549,5,-10.89,1,0.0609,0.94,0.0519,0.577,0.833,110.424,211868,4,1,Dance Party
25FW9y7b9DRQPlWJMCSCgO,Ve Allah Jaane,Naseebo Lal,['sufi'],0.688,0.85,5,-1.969,0,0.0312,0.11,0.0291,0.383,0.87,144.065,361947,4,2,Instrumental Calm
25NQjuvCqyLtZpyG0fmZxc,Data Saheb De Daware,Nusrat Fateh Ali Khan,['sufi'],0.522,0.572,0,-9.081,0,0.118,0.908,0.0105,0.433,0.693,114.531,883827,4,3,Acoustic Chill
25QIiy474IuIGBZyTf5Usv,Chan Kithan Guzari,Atta Ullah Khan Esakhelvi,['qawwali'],0.799,0.692,9,-8.342,1,0.0554,0.565,0.000218,0.0961,0.487,108.682,370267,4,2,Instrumental Calm
25efugjfHjLEU6CKVXxUJ0,Nefes - Yolcu,Murat Dağlı,['sufi'],0.226,0.0891,5,-21.797,0,0.0559,0.99,0.875,0.127,0.253,80.128,1004053,4,4,Rap / Spoken
25ftKZak1SNQYmXMkfMKLy,Teri Ote Panah Khuaiya,Atta Ullah Khan Esakhelvi,['qawwali'],0.534,0.589,9,-13.26,0,0.0413,0.796,0.0636,0.501,0.826,111.978,917721,4,3,Acoustic Chill
25hzDByizJNuGTRChXMkFj,365 - Ellis Remix,Zedd,[],0.77,0.798,2,-3.327,0,0.0492,0.165,1.35e-06,0.13,0.518,112.033,160179,4,2,Instrumental Calm
25keHf6EF2xg42vxGinwKr,Chori Ho Gai Raat Nain Ki Nindiya,Lata Mangeshkar,['bollywood'],0.553,0.368,6,-12.596,1,0.116,0.965,0.472,0.213,0.877,99.534,185887,4,4,Rap / Spoken
26094qbAVgTtNlTsqicj7x,Bhar Do Jholi Meri Ya Muhammad,Aziz Mian,['qawwali'],0.533,0.908,6,-8.406,1,0.306,0.695,1.16e-05,0.791,0.453,115.233,1812580,4,3,Acoustic Chill
265WwlrpO1PsLMAwJoQG1x,Lupita,Nelson Ned,['pop'],0.474,0.643,4,-7.348,0,0.0272,0.577,0.0,0.202,0.449,102.823,229467,4,0,Energetic Happy
26Fqtv4Aa7kyd1WWGHai6A,Privilege,The Weeknd,[],0.391,0.595,11,-7.094,0,0.0411,0.913,0.00557,0.145,0.379,93.78,170573,4,1,Dance Party
26GNhFQAM3AIW8VwyiTE9N,Shaam Hoti Hai To,Munni Begum,['ghazal'],0.437,0.317,5,-14.859,0,0.048,0.852,5.85e-05,0.123,0.361,100.696,367800,4,1,Dance Party
26VQvcUzPMLc1Jd8oDEbfl,This Ain't Techno,David Guetta,[],0.592,0.946,2,-4.863,1,0.0618,0.00051,0.397,0.329,0.1,125.964,219253,4,2,Instrumental Calm
26Wevrvcd7mz9FjlnM3Wh9,Albeli Re Ambe Maat,Anuradha Paudwal,['ghazal'],0.619,0.457,2,-7.655,1,0.0583,0.614,9.83e-06,0.156,0.772,84.979,386760,4,1,Dance Party
26fgFOEUhLzhpQWc7AQAm2,Sukoon,Ali Zafar,['bollywood'],0.506,0.269,10,-13.417,1,0.317,0.823,1.58e-06,0.103,0.197,138.176,294000,3,1,Dance Party
26mW8vw5XA2KG0GbzzQZY2,Dard,Asim Azhar,['sufi'],0.595,0.512,10,-5.637,0,0.0284,0.465,0.0,0.0966,0.29,140.053,230221,4,2,Instrumental Calm
26xAKslpfjuYekBNQ3fHIx,Ya Farid Ya Farid,Nusrat Fateh Ali Khan,['qawwali'],0.425,0.748,10,-9.917,1,0.0789,0.754,1.86e-06,0.74,0.885,91.639,798362,4,0,Energetic Happy
26zvlvqVGDc4ml5VYli9xE,Ram Preeti Ki Reeti Aap Neeke,Anuradha Paudwal,['bollywood'],0.595,0.537,6,-10.443,1,0.0433,0.61,0.0,0.402,0.771,79.175,260697,4,1,Dance Party
27356GVuMPFWiJSZCragoM,make up,Ariana Grande,[],0.671,0.714,7,-5.373,1,0.21,0.0844,1.48e-06,0.0568,0.477,105.137,140693,3,2,Instrumental Calm
27BqCMNnkqFqbzwuORMXHi,Ya Sahebul Jamal II,Sabri Brothers,['qawwali'],0.452,0.475,3,-9.657,1,0.121,0.777,0.0,0.399,0.703,99.513,885284,4,3,Acoustic Chill
27JXhsp5UbNAPjM7NluSOM,Khuda Ka Shukra Hai - Live In India/1984,Pankaj Udhas,['ghazal'],0.54,0.423,11,-13.686,0,0.0435,0.716,0.292,0.47,0.658,91.471,330293,4,1,Dance Party
27N9tqBYw2cznKAWn70PTg,Ishq Na Darda,Abida Parveen,['sufi'],0.498,0.473,8,-15.529,0,0.0499,0.776,0.0103,0.312,0.756,96.626,742333,4,1,Dance Party
27QlrcIfUUiTJDjKZeQYbO,Bhardo Daman,Aslam Sabri,['qawwali'],0.492,0.833,8,-4.305,1,0.156,0.386,0.0,0.132,0.784,105.232,1145941,4,0,Energetic Happy
27RoBWQxoodioORQj5Y3Ts,"Shuno Shuno Mahasay, Pt. 2",Manna Dey,['bollywood'],0.404,0.304,1,-12.646,1,0.0393,0.952,0.000127,0.57,0.467,122.311,194800,4,1,Dance Party
27VTdTiiX8CuRRWB8PApoR,"Wajah Tum Ho (From ""Wajah Tum Ho"")",Mithoon,['bollywood'],0.642,0.545,7,-8.37,0,0.0346,0.905,0.0105,0.119,0.335,138.027,294930,4,1,Dance Party
27a1mYSG5tYg7dmEjWBcmL,CAN'T SAY,Travis Scott,[],0.702,0.708,10,-5.366,0,0.0547,0.201,0.0,0.118,0.713,147.98,198408,4,2,Instrumental Calm
27i7Afdxq40V7qCqHnRTt6,Save Yourself,The Chainsmokers,[],0.618,0.871,4,-5.154,0,0.0385,0.000989,0.00921,0.0742,0.0907,146.033,210453,4,2,Instrumental Calm
280aF3U2uDbZZuTfvXNB6t,Mein Neel Karaiyan,Arif Lohar,['sufi'],0.706,0.922,1,-5.599,1,0.0487,0.121,0.0112,0.277,0.918,119.059,245094,4,2,Instrumental Calm
285pBltuF7vW8TeWk8hdRR,Lucid Dreams,Juice WRLD,[],0.556,0.574,6,-7.197,0,0.222,0.364,0.0,0.341,0.211,83.969,239836,4,2,Instrumental Calm
28AgwpssqCuIw0qgQpHjFA,Kam Nahin Meri Zindagi Ke Liye,Pankaj Udhas,['bollywood'],0.362,0.613,6,-9.963,1,0.043,0.578,5.42e-06,0.168,0.457,119.024,469013,4,0,Energetic Happy
28FGV3ORH14MYORd7s5dlU,Not Alike (feat. Royce Da 5'9),Eminem,[],0.904,0.756,10,-3.746,1,0.32,0.0692,0.0,0.339,0.342,140.005,288087,4,2,Instrumental Calm
28Lwq0GHty7XAIalAiyiQK,Seni Ben Severim Candan İçerü / Hüseyni İlahi,Mehmet Kemiksiz,['sufi'],0.586,0.506,1,-8.043,0,0.033,0.729,1.86e-05,0.166,0.652,126.045,221507,4,1,Dance Party
28WJb0ZNVvOL7AMVx1e9zP,Permanent - Sam Feldt Remix,Kygo,[],0.686,0.804,0,-6.488,1,0.0458,0.0172,0.0,0.295,0.362,125.012,210000,4,2,Instrumental Calm
28gYqO0X8oYIkm4PHQfzs6,In Rat Jagon Ka Ya Rab,Atta Ullah Khan Esakhelvi,['ghazal'],0.556,0.734,0,-8.037,1,0.0908,0.571,9.28e-06,0.19,0.724,111.477,500113,4,0,Energetic Happy
28h6ShIWza4epSFkNCkhMP,Lag Gayi Chot Karejwa Mein,K. L. Saigal,['ghazal'],0.436,0.231,6,-9.494,1,0.032,0.996,0.857,0.141,0.219,106.617,190451,5,4,Rap / Spoken
28jncqWy3X3sLFXvH3n79x,Mind Your Business,Hariharan,['ghazal'],0.56,0.86,5,-6.069,1,0.0988,0.169,0.0,0.146,0.592,119.986,224667,4,2,Instrumental Calm
28nrOocj11pS0UVH2VM6b5,Let You Be Right,Meghan Trainor,[],0.822,0.611,0,-5.448,1,0.17,0.0292,0.0,0.0628,0.567,105.052,176944,4,2,Instrumental Calm
28xJthXHe8i1skU9Q8MBhG,Maiya Tomar Hoiche Boro,Runa Laila,['ghazal'],0.539,0.458,10,-10.827,1,0.0698,0.709,0.00162,0.193,0.782,106.042,224291,4,1,Dance Party
299jkJ3J7MNgW8UO4etZsJ,Sorry Sorry,Sachin-Jigar,['bollywood'],0.789,0.797,0,-8.557,1,0.0478,0.0561,0.0186,0.129,0.692,126.996,197427,4,2,Instrumental Calm
29KS7kBSU77PrYGB6RVR5O,Bayen Habeit,Marshmello,[],0.791,0.761,5,-5.76,0,0.0392,0.231,0.000626,0.367,0.797,111.663,139294,4,2,Instrumental Calm
29LBE8uz4KJiz3GHchMymj,One Last Song,Sam Smith,[],0.469,0.519,1,-6.478,1,0.0327,0.375,0.0,0.315,0.429,103.254,195333,1,2,Instrumental Calm
29M6jMqcVDQ51ysUpLyh2K,Khiladi 786 Mashup,Himesh Reshammiya,['bollywood'],0.694,0.759,5,-5.3,1,0.0356,0.0665,0.000151,0.503,0.617,129.962,178484,4,2,Instrumental Calm
29RcGKZCbQyp5BalaD2sQa,Nit Khair Manga Sohneya,Rahat Fateh Ali Khan,['qawwali'],0.429,0.829,5,-5.839,1,0.0473,0.0965,0.0,0.0833,0.957,112.618,488430,4,0,Energetic Happy
29TUsmgNleSNV7pDAuMpiD,Clap Your Hands,Sia,[],0.699,0.87,0,-4.925,1,0.0546,0.000532,0.0219,0.359,0.778,120.033,238467,4,2,Instrumental Calm
29VrI9XSWTXcCdeDk4vrDI,Argala Stotra,Anuradha Paudwal,['ghazal'],0.772,0.538,10,-5.76,0,0.0317,0.409,0.0,0.0906,0.51,119.978,1107115,3,2,Instrumental Calm
29ZkcBbCtcIC4iIbLbopUs,Door Hai Manzil Rahen Mushkil,Begum Akhtar,['ghazal'],0.387,0.373,3,-12.694,1,0.0396,0.91,0.0591,0.36,0.336,120.347,402080,4,1,Dance Party
29atoY8dEk1boryqEL1Iel,Laal Alaap - Remix,Rahat Fateh Ali Khan,['qawwali'],0.646,0.672,7,-14.43,1,0.0506,0.0238,0.0509,0.053,0.502,99.973,330360,4,2,Instrumental Calm
29f11nLUcMYQ2Ndbnb7N0o,Dancing With A Stranger (With Normani) - Acoustic,Sam Smith,[],0.623,0.276,5,-8.893,0,0.0287,0.89,0.0,0.146,0.308,99.623,187621,4,1,Dance Party
29iW0YosgeL9dCeKupA3dL,Bashar Hazaron Huye Par Husain Sa Na Hua,Shankar Shambhu Qawwal,['qawwali'],0.321,0.516,1,-9.723,0,0.052,0.912,0.0,0.702,0.728,72.247,182827,3,0,Energetic Happy
29lmOh1rJkzwDXCBVjogxC,Us,Denis Kalytovskyi,['pop'],0.455,0.424,8,-7.285,0,0.0425,0.299,0.0,0.103,0.44,66.906,181318,4,2,Instrumental Calm
29uWfSrklmIxzRIqFFK9jj,Self,Khalid,[],0.618,0.693,1,-7.889,0,0.333,0.44,0.759,0.101,0.439,143.98,229960,4,4,Rap / Spoken
29v8pcX1P3E2XIWj5lARUV,Chandan Sa Badan Chanchal Chitwan - Female Vocals,Lata Mangeshkar,['bollywood'],0.401,0.424,7,-10.1,0,0.0404,0.942,0.00087,0.666,0.583,175.966,202667,4,1,Dance Party
2A0c3guvDCyXonmXV5krqg,Kali Kali Zulfon Ke,Nusrat Fateh Ali Khan,['qawwali'],0.454,0.683,3,-12.898,0,0.0476,0.591,0.411,0.756,0.896,156.059,375560,3,0,Energetic Happy
2AADkJKsiJMeR22ycn7B3T,Kaanch Hi Baans Ke Bahangiya,Anuradha Paudwal,['ghazal'],0.581,0.385,8,-6.491,1,0.0275,0.844,0.0,0.139,0.554,107.259,329811,4,1,Dance Party
2AAzsdPqRhRMU1Ykmp6gzA,You Can Cry - THRDL!FE Remix,Marshmello,[],0.719,0.845,4,-6.212,0,0.0704,0.0235,0.0815,0.0794,0.382,123.998,221627,4,2,Instrumental Calm
2AKBInO2eHINF9MdHEixkz,Shiv Ki Bhakti Shiv Ki Shakti,Anup Jalota,['ghazal'],0.509,0.632,1,-7.454,0,0.0347,0.726,0.0,0.0886,0.647,169.85,382867,4,0,Energetic Happy
2AN0xPeqNYx5oarND2ar7U,Hare Hare Hare Dada (Madwa),Sharda Sinha,['bollywood'],0.428,0.61,1,-8.305,1,0.0698,0.788,0.00315,0.745,0.769,172.476,407417,4,0,Energetic Happy
2AVDEZJKknfUOIEipw63D6,Battle (feat. Faouzia),David Guetta,[],0.516,0.691,10,-4.975,1,0.0431,0.0518,0.0,0.238,0.384,160.086,163867,4,2,Instrumental Calm
2AWhMNiapSSnxP3TB1dt4a,I'm That Bitch (feat. Saweetie),David Guetta,[],0.826,0.834,1,-5.856,0,0.104,0.012,0.0133,0.12,0.902,122.992,194627,4,2,Instrumental Calm
2AaF78iCWISMWYog5RnSi5,Preach,John Legend,[],0.508,0.729,11,-5.712,0,0.0443,0.0681,0.0,0.1,0.412,91.906,236880,4,2,Instrumental Calm
2AeIdbt2jGpSn9KbAauddK,Yaar Sajan Firaq,Tina Sani,['sufi'],0.589,0.443,6,-16.933,1,0.034,0.627,0.00837,0.0939,0.822,90.406,350707,4,1,Dance Party
2AqsH52G1VCKK8pzxTZgvV,Jeene Ke Liye - Male Vocals,Kumar Sanu,['bollywood'],0.401,0.536,7,-12.333,1,0.0485,0.513,0.203,0.487,0.535,94.248,372160,4,1,Dance Party
2AwzKMXGvV3cAqlAxHlaB8,Poora Nap Tay Poora Tol,Sain Zahoor Ahmed,['qawwali'],0.384,0.838,8,-7.814,1,0.0668,0.41,0.0975,0.203,0.663,80.911,459597,4,0,Energetic Happy
2AyXlksnckcjrYNi3XJtdS,Fısıltı,Diler Ebeperi,['sufi'],0.32,0.39,10,-8.838,1,0.0381,0.928,0.00368,0.151,0.232,167.674,586440,4,1,Dance Party
2B1fuWoWaYnCXbjYp1gXg5,Boomerang,Imagine Dragons,[],0.429,0.559,2,-7.493,1,0.152,0.139,0.00928,0.121,0.347,100.073,187800,4,2,Instrumental Calm
2B4N0zQ5FKnOpFkTH8Uq2u,"Saavariya (Marriage Version) - From ""Aum Mangalam Singlem""",Sachin-Jigar,['bollywood'],0.618,0.649,2,-10.481,1,0.0408,0.154,0.0487,0.158,0.287,87.017,83448,4,2,Instrumental Calm
2B5k0sz9v15jZRxTkVI6e6,Ghoonghat Chuk O Sajna (with Commentary),Wadali Brothers,['ghazal'],0.461,0.526,8,-9.418,1,0.0465,0.719,0.0,0.119,0.85,117.491,388813,4,1,Dance Party
2B9rafHNGPpnaAtqTcbrFL,All About That Bass,Meghan Trainor,[],0.811,0.879,9,-3.724,1,0.0514,0.0476,1.91e-06,0.109,0.962,134.064,188754,4,2,Instrumental Calm
2BNQpd87nSv475zdww9K0Z,ALL THE WAYS,Meghan Trainor,[],0.623,0.65,11,-3.786,0,0.032,0.0188,0.0,0.0687,0.366,112.072,175223,4,2,Instrumental Calm
2BO1hdQXTiewJC9lqiZ4nt,Om Jaygangadhar Jay Har,Anup Jalota,['ghazal'],0.782,0.651,5,-7.469,1,0.045,0.422,0.0,0.0962,0.818,123.983,747195,4,2,Instrumental Calm
2BPMxhgMBLZSsxHoRunRvB,Men Thal Wich,Reshma,['ghazal'],0.356,0.318,6,-12.425,1,0.0447,0.981,0.0531,0.662,0.279,73.924,389493,4,1,Dance Party
2BQOaYxtCQaWqemBNbRm5a,Bhijli Kemone,Asha Bhosle,['bollywood'],0.547,0.394,6,-11.431,0,0.0436,0.979,0.275,0.144,0.551,100.064,242413,4,1,Dance Party
2BSbCCbaSCzkOEZa6N5901,Flaws And Sins,Juice WRLD,[],0.709,0.662,8,-4.55,1,0.0766,0.00966,0.0,0.108,0.439,150.046,218349,4,2,Instrumental Calm
2BWvakW34ftGPv0nbMxyl7,"Humko Humise Chura Lo (From ""Mohabbatein"")",Jatin-Lalit,['bollywood'],0.312,0.511,6,-13.673,0,0.0797,0.476,0.000541,0.173,0.637,76.403,473025,4,0,Energetic Happy
2BaKbJpFhSTFJo1kqsZ8Lw,Kapra Doriye da Patna Te Loor Aayi Haan,Atta Ullah Khan Esakhelvi,['qawwali'],0.368,0.665,8,-11.227,1,0.31,0.777,0.289,0.524,0.548,185.574,684016,3,3,Acoustic Chill
2BbglpaBvENmR9ANhMJ5P4,"Badan Pe Sitare (From ""Prince"") - Jhankar Beats",Sonu Nigam,['bollywood'],0.697,0.976,0,-4.523,1,0.213,0.519,0.0,0.319,0.373,102.021,184794,4,2,Instrumental Calm
2BzWi6sbjqRcHhAOWKDkkJ,Yüzde Israr Etme,Mehmet Kemiksiz,['sufi'],0.406,0.433,7,-9.388,1,0.0294,0.78,9.24e-06,0.106,0.665,145.863,181917,3,1,Dance Party
2C1JXGgLGDpZXwOXz8MRjR,Awhan Ja Aashiq - 1,Sanam Marvi,['ghazal'],0.494,0.978,10,-3.049,1,0.166,0.308,0.000734,0.625,0.712,118.483,363950,4,0,Energetic Happy
2C2hAmwoqORmIyjvOGFMD9,Karo Nigaawan Laal Qalandar,Abida Parveen,['sufi'],0.738,0.942,8,-3.489,1,0.0735,0.213,3.18e-06,0.328,0.882,140.02,436428,4,2,Instrumental Calm
2C8u3NIrmHjc0ynobd1E1F,Stay With Me Heartache,Wet Wet Wet,['pop'],0.696,0.834,0,-8.798,1,0.036,0.121,0.0,0.192,0.886,133.634,241853,4,2,Instrumental Calm
2CCxZxnGFdEZi3AUT19FvQ,Om Namo Bhagvate Vasudeaya,Anup Jalota,['ghazal'],0.407,0.417,2,-10.095,1,0.0286,0.554,0.0,0.459,0.242,131.818,503171,4,1,Dance Party
2CFJATFqjy1tosV1vX2SfM,"Dragoste, va rog!",Cleopatra Stratan,['pop'],0.683,0.548,6,-7.257,0,0.209,0.379,0.0,0.0985,0.492,86.994,193103,4,2,Instrumental Calm
2CKZNQyyh05oS7O8peeE5u,Arab De Mahi De Dar Te Ja Ke,Badar Miandad Khan,['qawwali'],0.588,0.847,3,-5.618,0,0.0532,0.631,0.00152,0.101,0.849,132.674,858898,4,0,Energetic Happy
2CTN6UuO2dNEVZXR0DJVk2,Only Want You,Rita Ora,[],0.654,0.528,6,-6.224,0,0.0412,0.0599,7.14e-05,0.0975,0.376,82.014,180760,4,2,Instrumental Calm
2CeiHAepW0aX9Riy4HvbX4,First Time High,Rita Ora,[],0.679,0.595,4,-5.991,1,0.0697,0.605,0.0,0.0966,0.511,102.932,182227,4,2,Instrumental Calm
2CgppmiXGC5HoAnczoW3Pe,"Gun Guna Rahe Hai Bhanvare (From ""Aradhana"") - LoFi Flip",Asha Bhosle,['bollywood'],0.499,0.499,6,-9.895,1,0.0673,0.75,9.46e-06,0.0964,0.191,89.009,113286,4,1,Dance Party
2CmcaAzbqKxqtpIj8rnMdZ,Tere hundian,Faiz Ali Faiz,['qawwali'],0.571,0.61,5,-9.333,1,0.0922,0.573,0.000515,0.497,0.881,125.343,939120,3,3,Acoustic Chill
2CtGOr0WwIlzuowQtsOyFY,Doodh so snaan karo manmohan,Shubha Mudgal,['sufi'],0.36,0.358,10,-16.319,0,0.0542,0.657,2.08e-05,0.0605,0.368,79.304,495733,4,1,Dance Party
2CzSHeDlMaDjb6S11DRc3z,"Mohay kaisa jobanwa ka chor mila re (From ""Nagin"")",Zubaida Khanum,['ghazal'],0.357,0.503,5,-10.722,0,0.103,0.747,1.46e-05,0.683,0.675,156.983,188761,3,0,Energetic Happy
2D3z17LBMJ2HEHeBFFjTLi,Reggaeton,J Balvin,[],0.747,0.74,4,-4.325,0,0.191,0.0165,9.94e-05,0.101,0.552,176.059,158800,4,2,Instrumental Calm
2DMdhjcEmBR4C5oRCE51l5,"Mast Kalander (From ""Mast Kalander"")",Mika Singh,['bollywood'],0.746,0.81,0,-5.337,0,0.0499,0.381,1.4e-06,0.118,0.554,110.976,270524,4,2,Instrumental Calm
2DQTzYKtvBskvFEOIy0wBd,Vaaje Vaj Gaye Vaj Gaye,Naseebo Lal,['sufi'],0.732,0.952,8,-5.079,1,0.155,0.288,9.34e-06,0.307,0.722,126.054,327230,4,2,Instrumental Calm
2DV1qwJibcwjj9IyhjZ0Bs,Green Light,Lorde,[],0.594,0.721,2,-7.812,1,0.0957,0.0209,8.55e-06,0.0887,0.253,128.942,234520,4,2,Instrumental Calm
2DkHUo7PVzmnM170guRVBr,Mera Mujh Mein Kichh Nahin,Anuradha Paudwal,['ghazal'],0.487,0.365,5,-12.093,1,0.0333,0.976,0.00134,0.112,0.484,94.619,402813,4,1,Dance Party
2Dkon4cPF7ITyOq7xvYV6r,Moye Moye,Daler Mehndi,['bollywood'],0.712,0.806,6,-8.071,1,0.0355,0.0208,1.24e-05,0.106,0.908,96.375,214602,4,2,Instrumental Calm
2EEjiKbE4pAjX49TrBzw1X,Vibras,J Balvin,[],0.53,0.189,6,-7.934,0,0.0824,0.551,0.084,0.122,0.119,209.08,66227,5,1,Dance Party
2EJcp1oiateHday69RvKqs,Mohabbat,Abrar Ul Haq,['sufi'],0.534,0.644,5,-5.834,1,0.0396,0.12,1.99e-05,0.225,0.367,102.951,130160,4,2,Instrumental Calm
2EQhLXoEn4535B2JeDkq4m,Tera Mera Pyar Sajnan,Noor Jehan,['ghazal'],0.488,0.498,9,-10.243,0,0.0724,0.869,0.0,0.655,0.808,105.027,197394,4,1,Dance Party
2ETZt8uFAudjdMOVPHwlVm,Main Aur Tu,Gajendra Verma,['bollywood'],0.661,0.431,9,-8.433,1,0.266,0.318,1.15e-06,0.0859,0.545,191.754,197090,4,2,Instrumental Calm
2EhJijFUs0WUmNClDBpYJq,Make It Back,Juice WRLD,[],0.75,0.387,1,-10.123,0,0.487,0.122,0.0,0.0993,0.739,143.019,102560,4,2,Instrumental Calm
2EuxhFm1B9wLifSxx1qM4Z,Kissa Hum Likhenge,Anuradha Paudwal,['ghazal'],0.775,0.523,6,-6.297,0,0.0274,0.627,1.22e-05,0.105,0.821,104.01,294395,4,2,Instrumental Calm
2F8gEOJO10bAwJY50tYVcQ,Niyat-E-Shauq Bhar,Noor Jehan,['ghazal'],0.234,0.363,7,-12.289,1,0.0324,0.793,0.00733,0.133,0.519,90.963,306733,4,1,Dance Party
2FErtQYPSDATh2DrLLtyRJ,Dekh Ke Yeh - Hi-Class Jhankar Beats,Asha Bhosle,['bollywood'],0.523,0.851,7,-9.292,0,0.191,0.374,0.128,0.185,0.843,71.966,102317,4,0,Energetic Happy
2FLANRlgekky63CEfEIAAc,Dhuniya Gabhoru,Zubeen Garg,['pop'],0.586,0.699,0,-1.309,1,0.0443,0.376,0.0,0.118,0.8,124.21,295990,3,2,Instrumental Calm
2FV8F4HHAvmkifsgvo6oA8,Shab-e-Wahda Awwal Woh Ate Nahin - Complete Original Version,Nusrat Fateh Ali Khan,['qawwali'],0.55,0.496,3,-8.785,0,0.114,0.89,0.0212,0.329,0.755,139.398,921400,3,3,Acoustic Chill
2FWB4OyyO4Z8iOYUNHWCQi,Khaki,Muhammad Samie,['qawwali'],0.622,0.329,10,-12.583,0,0.0694,0.697,8.51e-06,0.107,0.469,135.821,541104,3,1,Dance Party
2FY7b99s15jUprqC0M5NCT,Natural,Imagine Dragons,[],0.704,0.611,2,-6.112,1,0.0409,0.217,0.0,0.0812,0.22,100.0,189467,4,2,Instrumental Calm
2FivHzMNNbRjHQdwf3ItYW,Din Mein Kab Socha Karte,Nusrat Fateh Ali Khan,['qawwali'],0.516,0.698,10,-8.033,0,0.0638,0.0292,4.31e-05,0.111,0.382,161.732,459957,4,2,Instrumental Calm
2FkQbpFk34QN97I3OHmfaA,Happier - Stripped,Marshmello,[],0.629,0.308,5,-10.382,1,0.0339,0.744,0.000821,0.198,0.153,94.147,250507,4,1,Dance Party
2FnGeHfmXSPtimZPjnI34n,Dil Marjaane Nu Ki Hoya Sajna,Nusrat Fateh Ali Khan,['qawwali'],0.477,0.564,5,-10.999,1,0.0575,0.216,0.0,0.136,0.656,150.458,468755,4,0,Energetic Happy
2FoSFSX2W1p8ri1Wj1Wavn,Why Did You Do That?,Lady Gaga,[],0.792,0.548,11,-5.484,0,0.0582,0.0304,9.94e-06,0.339,0.445,116.008,184960,4,2,Instrumental Calm
2Fs5Tk06RWbDIBOPtOxTUD,Girls Like You (feat. Cardi B) - CRAY Remix,Maroon 5,[],0.793,0.563,9,-9.203,0,0.0676,0.134,0.0001,0.0877,0.363,99.971,237594,4,2,Instrumental Calm
2Fxmhks0bxGSBdJ92vM42m,bad guy,Billie Eilish,[],0.708,0.418,0,-10.998,1,0.368,0.308,0.093,0.1,0.578,131.926,194088,4,2,Instrumental Calm
2G2TC2wniSuq1QJUS3fIqd,The Time Difference,Epitone Project,['pop'],0.566,0.31,6,-12.3,1,0.0338,0.877,0.765,0.373,0.614,154.072,229627,4,4,Rap / Spoken
2G7V7zsVDxg1yRsu7Ew9RJ,In My Feelings,Drake,[],0.835,0.626,1,-5.833,1,0.125,0.0589,6e-05,0.396,0.35,91.03,217925,4,2,Instrumental Calm
2G7rlTdmIBhEXL1sMtaMUP,Mein Sadkey,Javed Bashir,['qawwali'],0.421,0.741,10,-6.389,0,0.0382,0.436,0.00034,0.338,0.555,103.288,197773,4,0,Energetic Happy
2GB3gvhP406lXOcS5mIzWF,Bhangre De Taal,Master Saleem,['sufi'],0.68,0.873,6,-6.178,1,0.0513,0.0138,0.0075,0.173,0.884,173.703,262280,4,2,Instrumental Calm
2GGMabyHXnJmjY6CXhhB2e,Money,Cardi B,[],0.95,0.59,8,-6.508,0,0.29,0.00534,0.0,0.11,0.219,130.003,183527,4,2,Instrumental Calm
2GR4SBWPssc9JN4C0fQKEg,Ankh Uthi Mohabbat Ne,Nusrat Fateh Ali Khan,['qawwali'],0.482,0.562,1,-9.913,1,0.0663,0.616,0.0,0.571,0.445,116.466,1163282,4,3,Acoustic Chill
2GelJAONleRBBNLbsI2gDN,Dum Dum Maar Bum Bum,Anuradha Paudwal,['ghazal'],0.612,0.655,1,-9.559,1,0.099,0.726,0.0,0.483,0.926,142.03,367954,4,0,Energetic Happy
2GgbJQP6j117QzbeB3jZzA,Jiyara Tarse,Noor Jehan,['ghazal'],0.328,0.461,3,-14.273,1,0.0526,0.9,0.599,0.691,0.63,161.217,232827,4,4,Rap / Spoken
2Gi9WSizh57p3kYua8NYYe,Asan Hor Bhala Rab Kolon,Nusrat Fateh Ali Khan,['sufi'],0.494,0.871,8,-4.882,1,0.0659,0.436,4e-05,0.268,0.796,120.893,1684347,4,3,Acoustic Chill
2GlsXuQV0YOOwPy3XKFIS9,Waving Through A Window - from Dear Evan Hansen,Katy Perry,[],0.599,0.556,0,-7.732,1,0.0869,0.461,0.0,0.132,0.46,145.427,235987,4,2,Instrumental Calm
2GoLbyGzBYqDBq65hWs5ml,Alone - CID Remix,Halsey,[],0.711,0.798,2,-4.115,0,0.0577,0.0223,1.71e-05,0.185,0.641,124.967,226562,4,2,Instrumental Calm
2Gy4jUcTYeFsz4TmavpKYd,Para que te quedes (feat. J Balvin),David Guetta,[],0.863,0.584,11,-4.785,0,0.279,0.122,0.0,0.0707,0.698,94.0,178080,4,2,Instrumental Calm
2HBHSHkuSl7ytkFiEgsYcC,O Gece Sendin Gelen,İbrahim Sadri,['sufi'],0.362,0.401,4,-13.08,0,0.111,0.922,0.000251,0.135,0.652,86.368,348761,4,1,Dance Party
2HJbpjAtXSFn2Jm4GULHOt,Saawan Ki Bheegi,Nusrat Fateh Ali Khan,['qawwali'],0.621,0.992,1,-6.621,1,0.0627,0.00709,0.00554,0.162,0.687,128.007,210667,4,2,Instrumental Calm
2HO0uCyq8jOveEzvmo4JEu,Fly,Marshmello,[],0.63,0.9,4,-3.955,1,0.0387,0.000639,0.852,0.203,0.155,134.988,193778,4,4,Rap / Spoken
2HOxdH9nbLqlptG2ZAckEh,"Eeran Nilavu - From ""Uncle""",Shreya Ghoshal,['bollywood'],0.694,0.312,0,-8.71,0,0.0378,0.818,0.0,0.117,0.289,139.817,231589,4,1,Dance Party
2HRRAmyON8t2UFXKBjslUz,Wiladat e Rasool Allah,Rahat Fateh Ali Khan,['sufi'],0.417,0.807,6,-8.826,1,0.12,0.141,0.000328,0.239,0.833,100.714,911935,4,0,Energetic Happy
2HRlW0LsxS0pjX9kIh1GIX,Amna De Lal,Rahat Fateh Ali Khan,['qawwali'],0.457,0.65,6,-10.035,1,0.0884,0.0223,0.000799,0.118,0.828,115.707,880901,4,0,Energetic Happy
2Hjb8vSjqEHC94nyazN05x,Nuestra canción (Bolero),Aldemaro Romero,"['pop', 'classical']",0.441,0.0795,10,-15.416,1,0.0328,0.952,1.27e-05,0.216,0.194,95.57,185940,4,1,Dance Party
2Hln82pJlGpCkWN8bOOnCP,"Hath Mera Chhad (From ""Chahat"")",Noor Jehan,['ghazal'],0.599,0.83,8,-1.783,1,0.0405,0.7,0.000356,0.0335,0.748,124.544,302954,4,2,Instrumental Calm
2HttUGS7HyCGNXMXcsfo64,Sarvmangal Mangalye (Stotre),Anuradha Paudwal,['bollywood'],0.681,0.549,8,-8.97,1,0.0381,0.829,0.0,0.104,0.537,141.944,144093,4,1,Dance Party
2HwBbSWDDdCyGvDqrc8SL4,Aa Mil Yaar,Satinder Sartaaj,['sufi'],0.355,0.792,6,-4.257,1,0.117,0.506,0.0,0.244,0.681,148.164,562625,1,0,Energetic Happy
2I354xzm85K1s15zbmG3Qd,Veysel Karani,Ahmed Şahin,['sufi'],0.193,0.0733,7,-27.435,0,0.0371,0.884,0.884,0.104,0.183,103.697,220133,4,4,Rap / Spoken
2I6rZc6F489TZ1L8HdOyXt,Rapture,Charlotte Martin,['rock'],0.62,0.653,0,-8.485,1,0.0358,0.761,0.00568,0.101,0.579,159.947,321000,4,2,Instrumental Calm
2IGpGP5UfyBtOiXUsAKwi6,Piya Re Piya Re,Nusrat Fateh Ali Khan,['qawwali'],0.708,0.474,7,-14.007,1,0.0819,0.0719,0.0,0.112,0.424,91.946,464427,4,2,Instrumental Calm
2IN92BKFb7VfJlgQqInVFf,Uzun Ince Bir Yoldayim - piano live,Latif Bolat,['sufi'],0.288,0.219,2,-11.972,0,0.0303,0.954,0.311,0.102,0.0662,81.705,382653,4,1,Dance Party
2IPdztve5OEIuvWfe8z8Zx,Allah Hi Allah Kiya Karo,Sabri Brothers,['qawwali'],0.347,0.653,2,-14.114,1,0.117,0.914,0.182,0.0882,0.538,106.682,980254,4,3,Acoustic Chill
2ImegcJfmRAUExdSm4tzqG,Je Toon Akhian De Samne Nahin Rehna,Nusrat Fateh Ali Khan,['qawwali'],0.404,0.728,1,-12.82,1,0.071,0.221,0.0,0.408,0.771,110.385,587907,4,0,Energetic Happy
2IpSRJgtilVbPjx2t33TZM,Mohe Panghat Pe,Mehdi Hassan,"['bollywood', 'sufi']",0.274,0.801,5,-4.894,1,0.0369,0.753,0.0,0.198,0.546,104.795,402440,3,0,Energetic Happy
2IssBpPtHcViZL5vYQNHhA,Like To Be You (feat. Julia Michaels),Shawn Mendes,[],0.737,0.451,2,-9.405,1,0.229,0.812,0.0,0.108,0.664,153.766,159400,4,1,Dance Party
2J1gw6UiLjF1UqPraTW45e,Kehte Ho Ishq Ka Afsana Chahiye,Nusrat Fateh Ali Khan,['sufi'],0.413,0.548,10,-8.436,0,0.101,0.759,0.0041,0.677,0.596,74.758,1503902,4,3,Acoustic Chill
2Jh3UqxnHJMyzMzku4uOtE,Feeling,Juice WRLD,[],0.712,0.515,10,-6.004,0,0.0857,0.234,0.0,0.205,0.563,160.0,201920,4,2,Instrumental Calm
2JwhqNrXXgQ44tETXhizF9,Mera Dil Meri Jan,Mehnaz,['ghazal'],0.294,0.48,8,-10.884,0,0.0431,0.724,0.00399,0.104,0.7,80.026,352877,4,1,Dance Party
2JzeacJltqobGNjoL3fdNb,Teri Khatir Main Duniya Te,Atta Ullah Khan Esakhelvi,['qawwali'],0.702,0.811,5,-5.715,0,0.0587,0.336,0.0199,0.355,0.912,93.412,375470,4,2,Instrumental Calm
2K0MJ3xeJe3jvAx4JR1aQx,Goriya Chali Pee Ke Des,Nusrat Fateh Ali Khan,['qawwali'],0.59,0.516,5,-7.308,1,0.0295,0.7,8.11e-06,0.419,0.56,121.065,453872,1,1,Dance Party
2K6VUFsSkcW6KFrxmBLe79,Maikoon Chola Sawa De,Atta Ullah Khan Esakhelvi,['qawwali'],0.393,0.69,4,-7.644,0,0.0389,0.276,1.02e-05,0.363,0.807,98.416,426948,4,0,Energetic Happy
2KIDDS5kbyqglkqx6bqVsr,Miljama daleko,Lana Jurcevic,['pop'],0.513,0.779,6,-5.321,0,0.0488,0.0365,1.88e-05,0.158,0.571,166.013,213368,4,2,Instrumental Calm
2KNA7Ea4qfMcaKAPgcbwTa,SUHANA SAFAR AUR YEH MAUSAM,Mukesh,['bollywood'],0.491,0.308,7,-13.842,0,0.15,0.639,0.0121,0.139,0.614,150.612,229507,3,1,Dance Party
2KpXfSLzbfrBR4RbVatrLA,Vem Que Tem,1Kilo,['pop'],0.466,0.686,10,-6.237,0,0.321,0.536,0.0,0.156,0.325,77.191,178342,3,0,Energetic Happy
2KsDSrE8o5kgLk4hvLlqLo,Saif-ul-muluk 2,Atta Ullah Khan Esakhelvi,['sufi'],0.508,0.405,7,-14.835,1,0.0392,0.579,3.36e-05,0.112,0.605,104.112,894993,4,1,Dance Party
2KwhvDmd1pfAUl52QUETDo,Gayatri Mantra (Om Bhur Bhuvah Swaha),Suresh Wadkar,['bollywood'],0.439,0.239,7,-10.885,1,0.0321,0.898,3.67e-06,0.0871,0.206,91.004,461610,4,1,Dance Party
2L11LSPH1wPfTgNTw7zWng,Gae Dinoon Ka,Habib Wali Muhammad,['ghazal'],0.455,0.491,1,-14.463,1,0.0372,0.937,0.00565,0.146,0.803,82.374,327813,4,1,Dance Party
2L8KwNHISpWklLn9hIF4NV,Dilli (Lofi),Rabbi Shergill,['bollywood'],0.701,0.54,9,-12.764,1,0.0472,0.266,0.426,0.45,0.413,141.961,253861,4,4,Rap / Spoken
2LIm5BREqmjQiVf4ulIQTV,Last Christmas,Ariana Grande,[],0.503,0.8,2,-2.763,1,0.0391,0.125,0.0,0.109,0.789,205.95,203653,4,0,Energetic Happy
2LV1dgsxw8Dz2MJWQtTkfA,Yeh Dharti Chand Sitare,Anuradha Paudwal,['ghazal'],0.386,0.572,2,-9.216,0,0.0546,0.588,0.0,0.0927,0.695,149.403,658627,4,0,Energetic Happy
2LsrK9EdBNTyfpL6JUAyaV,Dobri Ljudi,Milo Hrnic,['pop'],0.777,0.667,9,-4.283,1,0.04,0.194,0.0,0.0811,0.802,117.055,192147,4,2,Instrumental Calm
2Lug9xvw66OPLBraou8qJJ,"Ik Yaad Purani (From ""Ik Yaad Purani"")",Tulsi Kumar,['bollywood'],0.664,0.47,3,-7.96,0,0.0279,0.852,0.00107,0.0954,0.324,129.985,263935,4,1,Dance Party
2M3Iwc1L3X4KYid3cb4YoU,To Rabba Ki Kariye,Sukhwinder Singh,['bollywood'],0.682,0.8,10,-5.598,0,0.161,0.13,0.0,0.0969,0.695,96.26,233219,4,2,Instrumental Calm
2M9DRvhorbm60uF6ygEaiv,Soul Survivor,Rita Ora,[],0.427,0.383,7,-7.725,0,0.0326,0.591,0.0,0.0982,0.289,97.26,209160,4,1,Dance Party
2MFcZ3n5BqRdvtEEoQU1nN,Cô bạn học,Mộng Thi,['pop'],0.601,0.415,11,-9.106,1,0.0312,0.75,5.76e-06,0.089,0.342,82.091,231120,4,1,Dance Party
2MNyGHoumcCIsvWw5Cbum4,Mere Huq Me Bhi Kardo Nabi Se Dua Baba Tajulwara,Rais Anis Sabri,['qawwali'],0.695,0.86,8,-4.917,0,0.037,0.74,0.000257,0.22,0.926,124.57,556173,3,0,Energetic Happy
2MPWS9GvwnZ41qKtOHI2LS,Sun Charkhe Di Mithi Mithi Ghook,Nusrat Fateh Ali Khan,['qawwali'],0.421,0.82,0,-7.683,1,0.0963,0.075,1.85e-05,0.37,0.7,146.687,396997,4,0,Energetic Happy
2MUsCvUqnkKoGTnGMGnpQx,晴伝説,Shonan No Kaze,"['pop', 'reggae']",0.59,0.915,4,-3.834,1,0.0844,0.142,0.0,0.344,0.285,94.994,347453,4,2,Instrumental Calm
2MVbxJakr375BJZFVf9pJc,Tere Main Ishq Nachaaiyan,Nusrat Fateh Ali Khan,['qawwali'],0.497,0.483,1,-11.222,1,0.127,0.767,0.0,0.293,0.675,104.176,1866248,4,3,Acoustic Chill
2MaCrdAwTTqJBwS1YdGmrf,Yaad Na Kar,Rais Anis Sabri,['qawwali'],0.837,0.839,6,-6.7,0,0.0655,0.309,0.0,0.178,0.389,117.951,295613,4,2,Instrumental Calm
2Mk0ojdJvnkuQb3UauyyXN,Nemam Za Kavu,Tomislav Ivčić,['pop'],0.533,0.824,2,-8.087,1,0.184,0.00665,3.16e-05,0.143,0.7,195.721,181680,4,2,Instrumental Calm
2Moj5UvfrfiToDJaFK5Ziw,Elli Kan,Nancy Ajram,['pop'],0.713,0.852,6,-7.431,1,0.0509,0.329,0.000761,0.261,0.812,130.044,286348,4,2,Instrumental Calm
2NYCEIiTmGvAV5rnIxjc6x,When Can I,Buzzy Lee,['pop'],0.72,0.515,5,-7.684,1,0.0401,0.244,3.28e-06,0.0848,0.479,98.016,189920,4,2,Instrumental Calm
2NcFoIbREbGpHcSVgAigUX,No Place Like Home,John Legend,[],0.629,0.799,0,-6.014,1,0.173,0.221,5.35e-06,0.107,0.329,81.082,237013,4,2,Instrumental Calm
2O1FwU85kgG0SJGJhszkB0,Say My Name (feat. Bebe Rexha & J Balvin) - JP Candela & ATK1 Remix,David Guetta,[],0.739,0.991,4,-2.825,0,0.0738,0.00012,0.0723,0.0386,0.511,126.006,200833,4,2,Instrumental Calm
2OAhXiZGgWAVP2FxbtJAN8,Shadi Rachi Hai Waris Ki,Amjad Sabri,['sufi'],0.525,0.563,10,-12.633,0,0.278,0.642,0.0,0.593,0.579,107.866,1020101,4,3,Acoustic Chill
2OFy27BZtYzUUhMKaLU78Q,Ishq Ke Rang Mein Rang Jaaein,Alhajj Muhammad Owais Raza Qadri,['sufi'],0.494,0.538,8,-5.726,0,0.0735,0.818,0.0,0.234,0.804,174.328,430893,3,1,Dance Party
2OfgfbRCjckkuIjBM2mqdG,Ek Din Mahi De Ghar,Nusrat Fateh Ali Khan,['qawwali'],0.534,0.755,3,-7.98,1,0.149,0.739,0.00822,0.365,0.849,113.88,777133,4,0,Energetic Happy
2OkukyRbJREc64iMGOXGq1,Shab Shab-E-Man,Faramarz Assef,['pop'],0.692,0.909,5,-7.417,1,0.0441,0.174,0.000903,0.0511,0.869,128.727,360827,4,2,Instrumental Calm
2OqPxMofUQEqpZiejNgLEa,Sevib qolgan,Dildora Niyozova,['pop'],0.532,0.953,9,-2.632,0,0.184,0.0455,0.0,0.369,0.817,111.648,295001,4,0,Energetic Happy
2OvWtXoomcCL1CLgVDioSK,Onde Ninna,Sonu Nigam,['bollywood'],0.823,0.625,8,-9.908,1,0.0899,0.285,0.0,0.161,0.962,103.983,223587,4,2,Instrumental Calm
2OwibQUc2UG9T0NuPJpwOR,Ali Ali Maula Ali,Nusrat Fateh Ali Khan,['sufi'],0.506,0.748,3,-8.521,0,0.0792,0.477,0.000257,0.328,0.845,101.759,1736387,4,3,Acoustic Chill
2OxgeHU5XQeRPEgD6ecRxS,"Nee Gnyapaka - From ""99""",Sonu Nigam,['bollywood'],0.456,0.27,7,-10.033,1,0.031,0.888,0.000403,0.216,0.342,115.034,244174,4,1,Dance Party
2P1KJSZkomiKGnvGhWqOTa,Menu Chad Ke Kalli Nu Tur Chaliya,Nusrat Fateh Ali Khan,['qawwali'],0.444,0.804,5,-6.279,0,0.118,0.212,0.0,0.474,0.738,107.297,886988,4,0,Energetic Happy
2P6MFQH0mqQnZF9BPSarTs,Fasle Gul Hai Sharab Pee Lejiye,Nusrat Fateh Ali Khan,['sufi'],0.467,0.839,5,-4.805,1,0.0663,0.726,0.00483,0.411,0.681,99.149,993181,4,0,Energetic Happy
2PLlda7InQTE1M1MyEiKme,Mehndi Lawan Aaiyan,Noor Jehan,['ghazal'],0.377,0.692,6,-7.922,1,0.106,0.803,0.00853,0.0859,0.861,173.055,227027,4,0,Energetic Happy
2PZ1avQiUo2k2iRX54Thay,Hicaz Saz Semaisi,Süleyman Yardım,['sufi'],0.286,0.248,4,-10.344,0,0.034,0.776,0.448,0.116,0.329,104.859,310493,4,4,Rap / Spoken
2PfdVMfn9vlV64KE3TCKQQ,Bas Karjee Hun Bas Karjee,Wadali Brothers,['qawwali'],0.569,0.748,3,-5.354,0,0.0673,0.696,0.0,0.11,0.433,90.022,540513,4,2,Instrumental Calm
2PnPNjzb6KwVw5wXXmYktr,Jahelneri Hamar - Live,Christine Pepelyan,['pop'],0.653,0.812,6,-3.792,0,0.0564,0.243,0.0,0.24,0.535,133.977,211962,4,2,Instrumental Calm
2Pt3lIdz6ztSzhfvLjsDY7,Main To Deewana Khwaja Ka,Yusuf Azad,['qawwali'],0.389,0.878,9,-2.837,1,0.0797,0.752,0.0,0.429,0.704,145.562,393021,3,0,Energetic Happy
2Q5b4P5LOz5ZoHMZog7BUy,Dil Da Kee Kariyie,Naseebo Lal,['ghazal'],0.714,0.67,7,-7.156,0,0.0359,0.199,1.08e-05,0.0927,0.749,143.97,312962,4,2,Instrumental Calm
2Q71s10OuNVAPjR5gWJrYo,Girls Like You (feat. Cardi B) - St. Vincent Remix,Maroon 5,[],0.818,0.434,5,-7.329,1,0.0845,0.102,4.38e-05,0.138,0.334,124.988,211612,4,2,Instrumental Calm
2Q9Wt17zulThdWbbPDTj3U,Parayan Maranna,Hariharan,['ghazal'],0.447,0.566,2,-5.62,1,0.0296,0.504,1.52e-05,0.091,0.257,77.889,401401,4,1,Dance Party
2QEiEzGafy58BV4h5FuCUK,Tu Verdad,J Balvin,[],0.777,0.64,11,-6.656,0,0.0568,0.174,1.33e-05,0.179,0.583,115.928,205120,4,2,Instrumental Calm
2QM6q2L4bZHW2evhAjxOrS,By Christmas Eve,John Legend,[],0.538,0.376,11,-7.167,1,0.0669,0.947,0.0,0.101,0.579,103.647,231987,4,1,Dance Party
2QUuK6z4EoDQfto8h1kJ2I,"Kya Dekhte Ho - From ""Qurbani""",Asha Bhosle,['bollywood'],0.354,0.487,4,-5.959,0,0.0291,0.823,0.000226,0.163,0.532,145.061,276133,3,1,Dance Party
2QZ7WLBE8h2y1Y5Fb8RYbH,In My Blood,Shawn Mendes,[],0.622,0.712,5,-7.321,1,0.066,0.0573,0.0,0.13,0.487,140.025,211360,4,2,Instrumental Calm
2QZHErkS5eT1V9p2KQV440,Man Kunto Maula,Nusrat Fateh Ali Khan,['sufi'],0.422,0.533,0,-14.436,1,0.0696,0.749,0.792,0.748,0.667,99.83,547640,4,4,Rap / Spoken
2QjQQ4nn9dlJlph16FOUtE,Gali Vichon Kaun Langya,Nusrat Fateh Ali Khan,['qawwali'],0.487,0.693,8,-7.294,1,0.151,0.857,0.0678,0.28,0.785,119.06,817653,4,0,Energetic Happy
2Qsx6cQr6GJn4wmbgRLaFF,Do Dil Bichhad Ke - Female Vocals,Anuradha Paudwal,['ghazal'],0.552,0.48,10,-9.922,1,0.032,0.84,6.24e-06,0.215,0.642,119.379,251520,4,1,Dance Party
2QwEVBkeh2w68yqGNoneo7,Mat bahek pyar bhari in rahon mein,Yusuf Azad,['qawwali'],0.42,0.467,6,-14.85,1,0.103,0.781,0.0,0.439,0.812,161.497,303333,3,1,Dance Party
2R1SAwD9ghptx1fA9kg1q9,Side Effects,The Chainsmokers,[],0.662,0.741,8,-5.256,1,0.0317,0.0013,0.0,0.566,0.532,110.032,173840,4,2,Instrumental Calm
2R6zGfQIfTQfQrVQ672952,Afrika (remix): Afrika,KFT,['pop'],0.69,0.613,0,-13.47,1,0.0489,0.24,0.0453,0.137,0.854,146.415,284867,4,2,Instrumental Calm
2R7U0jlSyLf5VqnfS6fTae,Ek Thi Ladki Meri Saheli,Asha Bhosle,['bollywood'],0.636,0.295,7,-11.313,1,0.0893,0.987,0.0,0.121,0.797,102.414,206467,3,1,Dance Party
2R84oIS7l3xuOqTVsATVLo,Mohabbaton Ke Siva,Ghulam Ali,['bollywood'],0.496,0.743,6,-8.38,1,0.0436,0.533,0.000635,0.0362,0.542,79.594,452740,4,0,Energetic Happy
2R8egasMCOrIiA4Sy7NXkb,Om Jabakusum Sankasha,Hemant Kumar,['bollywood'],0.447,0.0942,1,-14.333,0,0.157,0.992,0.0174,0.171,0.525,163.603,200809,3,1,Dance Party
2RSHsoi04658QL5xgQVov3,Bad Liar,Imagine Dragons,[],0.383,0.637,3,-6.993,1,0.0703,0.0722,0.0,0.368,0.0827,177.913,260773,4,0,Energetic Happy
2Rc83WiglpVXJBoL48VDY8,Une île,Maurane,['pop'],0.489,0.229,5,-12.36,1,0.0321,0.924,1.45e-06,0.13,0.162,110.059,239560,4,1,Dance Party
2RipE6S87SbG9F9ClCn6wM,Chandi Ka Badan Sone Ki Nazar,Asha Bhosle,['bollywood'],0.615,0.408,11,-12.985,0,0.234,0.978,0.495,0.203,0.87,100.699,410000,3,4,Rap / Spoken
2RvG0Q0cfYVHPJqZBClAia,Chandni Raat Chamakrayo Chanda,Anuradha Paudwal,['bollywood'],0.5,0.405,7,-11.487,1,0.0341,0.963,0.0698,0.146,0.566,84.163,423000,4,1,Dance Party
2RxeN9621mdWYpJWZbRBd6,Tere Naal Mainu,Noor Jehan,"['ghazal', 'bollywood']",0.708,0.88,9,-3.218,1,0.126,0.769,0.0187,0.248,0.936,99.056,278922,4,2,Instrumental Calm
2S0PSTnv7mgsVUFqKWQC8e,"Kabhi Jo Baadal Barse (From ""Jackpot"")",Arijit Singh,['bollywood'],0.452,0.449,0,-6.702,0,0.0293,0.261,0.0,0.143,0.215,149.802,254300,4,2,Instrumental Calm
2S16BrTV9517pMVdv89rni,Rog Jaane - Rahat Version,Rahat Fateh Ali Khan,['qawwali'],0.498,0.678,7,-8.246,1,0.264,0.6,0.0,0.0681,0.679,80.889,252937,4,0,Energetic Happy
2S27SBEp55GmAkxdMozBhX,Kids in Love - Alok Remix,Kygo,[],0.671,0.854,0,-5.95,1,0.0325,0.0406,0.000278,0.0952,0.233,121.995,249147,4,2,Instrumental Calm
2S3vMSLVGZk4qTLPkzJEIY,Le bigotte,Bruno Lauzi,['pop'],0.448,0.53,9,-9.017,1,0.0791,0.753,2.26e-05,0.203,0.677,144.75,182373,3,1,Dance Party
2S6SrPklpyIBFZKXmn0WuM,Kar De Karam ya Ganj-E-Shakar,Quari M. Saeed Chishti,['qawwali'],0.466,0.61,3,-13.671,0,0.0424,0.315,4.56e-05,0.106,0.963,121.004,669173,4,0,Energetic Happy
2S9iXF8Ub8cMwFdT4GedEc,夕陽晚風裡,于櫻櫻,['pop'],0.344,0.214,8,-15.645,0,0.039,0.986,0.0112,0.364,0.333,145.137,151649,4,1,Dance Party
2SJDAVi7AiEGtUyNACEqol,Teri Mehfil Mein,Lata Mangeshkar,['bollywood'],0.536,0.292,7,-13.663,1,0.0922,0.972,0.0,0.539,0.389,126.846,304599,4,1,Dance Party
2SL6oP2YAEQbqsrkOzRGO4,Venom - Music From The Motion Picture,Eminem,[],0.749,0.794,0,-5.063,1,0.064,0.0193,0.0,0.543,0.46,135.959,269554,4,2,Instrumental Calm
2SMJjeHlRdHasFj1LSswUm,Sun Charkhe Di Mithi Mithi Ghook,Nusrat Fateh Ali Khan,"['sufi', 'qawwali']",0.414,0.826,0,-7.658,1,0.0997,0.0736,3.6e-05,0.369,0.685,146.24,397009,4,0,Energetic Happy
2SiEOkWSYj8EpMtmsCSH3M,Sukh Mahi Naal Le Gaya,Nusrat Fateh Ali Khan,['qawwali'],0.325,0.638,11,-6.652,1,0.0445,0.315,0.0,0.118,0.631,170.026,398313,4,0,Energetic Happy
2Smtsb5NnY86tCrHldFnmu,Ji Karda Ae Inhan Nachan,Naseebo Lal,['ghazal'],0.657,0.916,1,-4.182,1,0.13,0.195,0.00728,0.116,0.849,158.028,439611,4,2,Instrumental Calm
2SuKjwPDuZ7g6PFcBeGX3X,Mine,Bebe Rexha,[],0.603,0.494,5,-7.397,0,0.199,0.568,0.0,0.109,0.47,174.063,171267,4,2,Instrumental Calm
2SwL2kI8S4V594ngrVo4LR,Dil Ke Aiwan Mein,Faiz Ahmed Faiz,['ghazal'],0.556,0.0962,1,-22.225,1,0.952,0.884,0.0,0.148,0.283,189.948,92600,3,1,Dance Party
2Sy2oGjP5RYB4cLVoDU0Gz,Delicate - Seeb Remix,Taylor Swift,[],0.68,0.821,0,-3.77,1,0.041,0.0956,0.00315,0.0826,0.571,105.986,173266,4,2,Instrumental Calm
2SzzUwtfQCJHUBjzr8fJcq,Yarhvin Wala Peer,Sher Miandad Khan,['qawwali'],0.549,0.62,5,-9.774,0,0.0867,0.0239,0.0,0.36,0.807,115.19,646517,4,2,Instrumental Calm
2T00YGYmGsuSnhdLNfJVQ3,Jitna Diya Sarkar Ne,Sabri Brothers,['qawwali'],0.547,0.766,6,-8.442,1,0.13,0.696,1.05e-05,0.0999,0.931,81.966,723302,4,0,Energetic Happy
2TGFDtCfrrsIwJ0iB41t2g,Neeyat-e-Shauq Bhar Na Jaye,Abida Parveen,['sufi'],0.336,0.557,7,-6.864,1,0.133,0.797,0.000144,0.546,0.552,77.319,349841,4,0,Energetic Happy
2TJKqcn0fv2lzfl7lSMwQw,Chal Begin Chal Go Chandra,Sudesh Bhosle,['bollywood'],0.635,0.34,6,-11.407,1,0.377,0.649,0.0,0.297,0.923,79.577,66691,4,1,Dance Party
2TM1kbfABK5c2SXy9DzFTO,Meri Zeest Pur Mussarrat - Complete Original Version,Nusrat Fateh Ali Khan,['qawwali'],0.468,0.628,3,-7.641,1,0.0519,0.288,0.000485,0.345,0.689,148.234,774745,3,0,Energetic Happy
2TOwuUBfJ2mkF450yOMIFg,The Way I Am - Slushii Remix,Charlie Puth,[],0.613,0.876,1,-2.377,1,0.0502,0.111,4.41e-06,0.057,0.587,128.164,225000,4,2,Instrumental Calm
2TPVKpzxVrlRid5ZnTdoGE,This Could Be The Night,David Cassidy,['pop'],0.585,0.427,0,-7.866,1,0.0502,0.102,8.72e-05,0.383,0.404,76.485,183933,4,2,Instrumental Calm
2TWSilrWcTrgVKcP8kfEfg,Unstoppable (Remix - feat. Santo Gold & Lil Wayne),Drake,[],0.777,0.914,10,-2.766,1,0.319,0.176,0.0,0.718,0.828,150.061,209957,4,2,Instrumental Calm
2TeZdGfPZmtmpbJgajMins,"Ga Mere Sang (From ""Gunahon Ka Faisla"")",Pankaj Udhas,"['ghazal', 'bollywood']",0.373,0.762,8,-3.888,1,0.0568,0.852,0.157,0.0817,0.66,109.018,430819,4,0,Energetic Happy
2TgDmP9DZ5mFdPwGKl5t91,Bırakma Beni,İbrahim Sadri,['sufi'],0.319,0.538,9,-7.484,0,0.103,0.507,2.03e-05,0.109,0.31,66.455,364892,3,0,Energetic Happy
2ThQG55nqxU3KxqRqesu2n,Jaag Ke Kati,Jagjit Singh,['bollywood'],0.588,0.445,0,-13.473,1,0.037,0.797,0.00748,0.308,0.428,144.162,383560,4,1,Dance Party
2Tt5plsRljbA936tXOlLnC,Blow That Smoke - E Kelly Remix,Major Lazer,[],0.752,0.576,8,-10.029,1,0.0488,0.0681,0.0153,0.0494,0.852,101.972,224331,4,2,Instrumental Calm
2U2jLzCRHY293ZxXcQB5Ki,Ki Ballte Je Ki Baliam,Kavita Krishnamurthy,['bollywood'],0.658,0.521,8,-9.949,1,0.0548,0.311,2.2e-06,0.156,0.662,98.786,302693,4,2,Instrumental Calm
2U5W2dMtxQdA97txkMBiuQ,Oho Chenne,Hariharan,['ghazal'],0.601,0.492,11,-10.838,1,0.0283,0.639,6.81e-05,0.0579,0.411,93.986,310000,4,1,Dance Party
2UO9twmvj9xIXOL5x9YhWg,Tu Kuja Man Kuja - Remix,Nusrat Fateh Ali Khan,['qawwali'],0.382,0.686,0,-6.355,0,0.0434,0.272,0.0,0.271,0.588,106.253,742977,4,0,Energetic Happy
2UU4lhl14Lx3jAyR6oMHNX,Keu Jaane Naa,Arijit Singh,['bollywood'],0.515,0.554,5,-7.179,1,0.036,0.138,0.0,0.0783,0.172,91.96,279769,4,2,Instrumental Calm
2UVagRMrYmMieW5BlpijPa,Chhap Tilak,Sabri Brothers,"['ghazal', 'qawwali']",0.391,0.741,8,-7.847,1,0.0906,0.876,0.00393,0.668,0.597,94.429,502596,4,0,Energetic Happy
2UXP498x86EGjiRHyhfPM8,Introduction (Instructions),Anandmurti Gurumaa,['sufi'],0.449,0.159,4,-14.15,0,0.0674,0.854,3.81e-05,0.11,0.495,172.126,551680,3,1,Dance Party
2UpYN0pAXWNtVXvCjSdGpJ,Ho Ji Hari,Anup Jalota,['bollywood'],0.551,0.489,6,-9.787,1,0.0294,0.488,0.0,0.0902,0.546,131.932,420455,4,1,Dance Party
2UqOuoPrIR5NnHoyPz2V2S,Sweet Leaf,Mogwai,['pop'],0.21,0.533,7,-14.189,1,0.0565,0.0214,0.0431,0.645,0.201,71.666,355093,4,0,Energetic Happy
2UuoMehdY6yckYstWsrwOO,Kamariya Lachke Re,Anuradha Paudwal,['ghazal'],0.472,0.824,6,-7.936,1,0.0886,0.727,3.35e-05,0.0976,0.686,101.282,361880,3,0,Energetic Happy
2UyMCYSqzvsxM3fyL0vTX7,Jhoole Jhoole Lal,Nusrat Fateh Ali Khan,['qawwali'],0.699,0.918,0,-4.138,1,0.0313,0.0112,0.0289,0.157,0.562,127.989,213750,4,2,Instrumental Calm
2V27wn7CInMTJpcIr2VotE,Mast Nazron Se,Nusrat Fateh Ali Khan,['qawwali'],0.421,0.494,1,-15.735,1,0.0989,0.226,0.0,0.345,0.259,110.756,524027,4,1,Dance Party
2V9XIToj0TuQ9OLwxarKaO,Tomake Chuye Dilam - Female Version,Shreya Ghoshal,['bollywood'],0.468,0.293,7,-10.363,1,0.0321,0.953,0.0167,0.0935,0.273,127.927,347125,3,1,Dance Party
2VRKksJALr0TQVRQ14VIMo,Добрий вечір тобі,ROXOLANA,['pop'],0.685,0.454,6,-9.609,0,0.0439,0.025,2.38e-06,0.126,0.155,95.984,145625,4,2,Instrumental Calm
2VZ5Si5wl9O1a5aTkmhxlz,Jahan Tera Naqshe Qadam Dekhte Hain - Live,Dream Journey,['qawwali'],0.482,0.445,0,-12.819,0,0.0327,0.875,0.0719,0.575,0.81,140.854,764000,4,1,Dance Party
2VcCh0tFv0o4qRLbNMFU04,Ye Khushi Ajeeb Khushi Hai,Ahmed Rushdi,['ghazal'],0.438,0.433,0,-11.073,0,0.0438,0.816,1.82e-05,0.112,0.661,117.324,196307,4,1,Dance Party
2VsYmNid6I2y7qCv6eFtVh,Lat Uljhi Suljha Ja Re,Noor Jehan,['ghazal'],0.436,0.385,9,-12.441,1,0.0335,0.818,6.21e-05,0.321,0.658,86.834,316787,4,1,Dance Party
2VxeLyX666F8uXCJ0dZF8B,Shallow,Lady Gaga,[],0.572,0.385,7,-6.362,1,0.0308,0.371,0.0,0.231,0.323,95.799,215733,4,1,Dance Party
2W4oPeZMb0Hw28ry1PKCae,Kuch Ladkiyan,Sajjad Ali,['sufi'],0.771,0.582,5,-9.852,0,0.0343,0.0451,0.000245,0.039,0.922,129.577,311000,4,2,Instrumental Calm
2WP8G2pdddDmnh1xbfKBOI,Finesse,Drake,[],0.807,0.32,0,-8.152,0,0.0582,0.133,0.000328,0.101,0.298,94.99,182080,4,2,Instrumental Calm
2WXwSSiVXT0qdNpRtC0S20,Multifocus,Apparat,['pop'],0.393,0.651,1,-16.884,1,0.0958,0.00799,0.869,0.0996,0.0573,87.487,270067,5,4,Rap / Spoken
2WbMfqqgVJqAZA0Q5n2vka,Tere Dar Te Aan Khaloti,Atta Ullah Khan Esakhelvi,['qawwali'],0.47,0.679,6,-5.939,1,0.0462,0.48,0.0,0.155,0.544,79.461,792841,4,0,Energetic Happy
2WcsonCAyZZsaaQbxhvBzS,Data Ke Ghulamon Ko,Nusrat Fateh Ali Khan,"['sufi', 'qawwali']",0.506,0.569,10,-9.745,0,0.112,0.545,3.57e-06,0.335,0.767,125.515,720827,4,0,Energetic Happy
2X2EooC0yEQ3r8UyW0gckt,Tu Apni Aakhonka Paani,Anup Jalota,['ghazal'],0.602,0.484,11,-11.993,0,0.0655,0.576,0.0,0.264,0.739,96.15,373547,4,1,Dance Party
2XBHk7k8KJjO9q8wDZrSsL,Tiny Bombs - Live,Superchunk,['pop'],0.299,0.643,9,-10.558,1,0.0581,0.101,0.0088,0.789,0.404,108.796,326240,4,0,Energetic Happy
2XGzXV0iLJucd0lVyeST2x,Wangan Tutiyan,Noor Jehan,['bollywood'],0.744,0.793,8,-6.52,1,0.0946,0.295,0.000388,0.331,0.967,118.482,256887,4,2,Instrumental Calm
2XTZdpE9WjNNWlOZ1iPLRv,"Mitti Ki Moorat, Pt. 1",Aziz Mian,['qawwali'],0.589,0.435,1,-14.061,1,0.283,0.816,0.000106,0.0799,0.633,123.83,1820760,4,3,Acoustic Chill
2XTquzYQAdT1Hk78bOUwsv,Greatest,Eminem,[],0.809,0.737,1,-5.186,1,0.108,0.0441,0.0,0.341,0.367,80.025,226938,4,2,Instrumental Calm
2XV4gynYIh6xOGe3Tnt2lq,Dil Deta Hai Ro Ro Duhai - Pankaj Version; Jhankar,Pankaj Udhas,['ghazal'],0.419,0.68,0,-11.877,1,0.0625,0.696,1.45e-05,0.262,0.631,77.241,400272,4,0,Energetic Happy
2XVilv6s9GETnw9PG4T9Mz,El Préstamo,Maluma,[],0.74,0.74,5,-3.647,0,0.0686,0.205,0.0,0.107,0.717,93.95,219600,4,2,Instrumental Calm
2XWjPtKdi5sucFYtVav07d,365,Zedd,[],0.745,0.693,2,-5.479,0,0.034,0.339,0.0,0.123,0.248,98.039,181900,4,2,Instrumental Calm
2XhROJTJirnmROB7XTxLJL,Tu Avin Bandra,Rabbi Shergill,['sufi'],0.54,0.46,9,-10.935,1,0.0245,0.151,0.208,0.117,0.302,79.984,275570,4,2,Instrumental Calm
2XiUoaxlGSnU9L6DVjk2Gy,Tumhare Khat Mein,Ghulam Ali,"['ghazal', 'bollywood']",0.521,0.344,8,-17.411,0,0.0501,0.792,0.000271,0.534,0.717,111.838,459800,4,1,Dance Party
2XoFQr47NTBQx73DCUiMq1,Jhalliya,Javed Bashir,['qawwali'],0.597,0.826,1,-5.829,1,0.0429,0.299,0.0,0.0922,0.75,102.972,431000,4,2,Instrumental Calm
2XqCuPW4cdlCRMEfRfWzEl,Soorat Teri,Nusrat Fateh Ali Khan,['qawwali'],0.422,0.808,6,-8.428,1,0.145,0.302,0.0,0.258,0.822,106.015,420960,4,0,Energetic Happy
2Y3qF1IBp09wNtnlXYOjOz,Ron Wala Kamm,Rahat Fateh Ali Khan,['qawwali'],0.419,0.349,4,-9.512,1,0.0332,0.926,1.51e-05,0.126,0.442,119.876,252726,4,1,Dance Party
2Y6I8OVTgvz1Yuch4oQJcO,Say My Name (feat. Bebe Rexha & J Balvin) - Afrojack & Chasner Remix,David Guetta,[],0.406,0.91,10,-3.916,0,0.0594,0.0052,0.00236,0.0783,0.239,127.974,251446,4,0,Energetic Happy
2YLYj3H91rrrU5TMt2yGyn,Meray Log,Noori,['sufi'],0.597,0.534,1,-9.937,1,0.0264,0.0805,0.0171,0.168,0.504,117.049,271700,4,2,Instrumental Calm
2YSi7TDMnNCDzlN8VMH4kt,En Mí,J Balvin,[],0.819,0.55,5,-7.807,1,0.0695,0.183,7.14e-06,0.32,0.853,108.98,195587,4,2,Instrumental Calm
2YUvrUJ0sznPVUI48W8Aeh,California Gurls - feat. Snoop Dogg,Katy Perry,[],0.798,0.737,0,-4.384,1,0.0555,0.00429,0.0,0.17,0.429,125.038,235107,4,2,Instrumental Calm
2Yl4OmDby9iitgNWZPwxkd,Be Careful,Cardi B,[],0.82,0.568,6,-8.23,0,0.411,0.0256,0.0,0.0952,0.535,152.279,210787,4,2,Instrumental Calm
2Ym796Wfm98NXCsE5YWPj0,Es Duniya De Mehfil,Alam Lohar,['sufi'],0.403,0.261,3,-14.652,1,0.0508,0.877,0.0,0.184,0.749,92.523,176280,3,1,Dance Party
2YsDitWypzPbqTBAcnjvdH,Payoji Maine (Live),Anup Jalota,['ghazal'],0.47,0.638,1,-10.665,1,0.0547,0.528,0.000197,0.0884,0.744,92.255,475820,4,0,Energetic Happy
2Yu7oHsuYh4iaTIkI8Ore8,Drippy,No Age,['pop'],0.296,0.981,7,-5.406,1,0.297,0.00131,4.04e-05,0.678,0.0376,88.833,158587,4,0,Energetic Happy
2YxHdSNZuYPFIgnAni21G7,Who Dil Hi Kya Tere,Aziz Mian,['sufi'],0.527,0.672,1,-9.373,0,0.285,0.622,1.26e-06,0.8,0.664,112.499,939442,4,3,Acoustic Chill
2YyVBV0klw0T6EvSVkCpuW,Back To You - Riton & Kah-Lo Remix,Selena Gomez,[],0.747,0.751,6,-5.053,1,0.0342,0.0283,3.71e-05,0.498,0.772,113.001,178347,4,2,Instrumental Calm
2Z02xiWidMmZFLxLFULcq7,Huşu,Tuna Özdemir,['sufi'],0.285,0.231,11,-9.729,0,0.0397,0.991,0.727,0.113,0.21,97.184,254053,4,4,Rap / Spoken
2Z4HRrQdb3pTtEIolTbD3i,"Jana Kahaan - From ""Ek Ank""",Papon,['bollywood'],0.639,0.425,10,-11.205,1,0.0316,0.778,0.0139,0.0957,0.4,135.997,285000,4,1,Dance Party
2ZEqEHPOhJdkI9pCCW9pBD,Kids in Love - Don Diablo Remix,Kygo,[],0.653,0.911,9,-2.979,0,0.0645,0.0623,5.22e-05,0.301,0.335,125.959,195714,4,2,Instrumental Calm
2ZFN9XIaJmVwrEaM6bk7fk,Saaz Yeh Keena Saaz Yeh Kya Jaane,Farida Khanum,['sufi'],0.251,0.665,8,-9.947,1,0.0526,0.707,0.000741,0.0713,0.46,97.194,529480,3,0,Energetic Happy
2ZJGuUxGn2bqMvOKiiSG1x,Me Rehúso,Danny Ocean,['pop'],0.743,0.804,1,-6.327,1,0.0676,0.0231,0.0,0.0494,0.425,104.822,205715,4,2,Instrumental Calm
2ZQsI5afElrpSqN63u6Teh,Ae Ri Main Kaise Ghar Thumri,Farida Khanum,['sufi'],0.389,0.603,2,-11.434,1,0.0824,0.747,0.621,0.637,0.622,150.866,615652,4,4,Rap / Spoken
2ZTyzfbapwilqOfGtsUS2k,Zabt E Gham Ka Sila,Hariharan,['ghazal'],0.422,0.41,7,-13.452,1,0.043,0.824,0.0447,0.297,0.31,139.851,381987,4,1,Dance Party
2ZUxZdQosRZqOE4AIRc7tC,"Sona Lai Ja Re - From ""Mera Gaon Mera Desh""",Lata Mangeshkar,['bollywood'],0.384,0.921,3,-1.306,0,0.119,0.804,0.000211,0.212,0.768,91.921,242267,4,0,Energetic Happy
2ZVaxd4dCMadQ0EVv2sXhl,"Kelwa Ke Paat Par (From ""Chhathi Maiya"")",Sharda Sinha,['bollywood'],0.417,0.546,3,-9.904,1,0.0782,0.594,2.2e-05,0.0832,0.893,171.396,516876,4,0,Energetic Happy
2Zi67B7KXLZjOtxKpFjSPY,ニブンノイチ - SUPER OMOTENASHI BEATS vol.1 ver,BACK-ON,['pop'],0.575,0.98,6,-2.943,1,0.0912,0.2,0.0,0.796,0.481,124.985,74893,4,0,Energetic Happy
2ZkqC1bg2PTyjL1HvbFJCc,Meyyana Inbam,Sukhwinder Singh,['bollywood'],0.67,0.883,5,-4.789,1,0.0657,0.0123,0.0381,0.29,0.483,139.99,293453,4,2,Instrumental Calm
2Zr4bgARgvIaayZf443t7B,Genius - Lil Wayne Remix,Sia,[],0.658,0.783,11,-3.381,0,0.194,0.0143,0.000181,0.0543,0.745,159.049,162920,4,2,Instrumental Calm
2ZrHbO88rM6Ijeg0aJmSzl,Patient,Charlie Puth,[],0.675,0.604,1,-6.266,1,0.193,0.752,0.0,0.111,0.456,168.034,190533,4,2,Instrumental Calm
2ZvbIm3Elpo9VChQ2a39Yd,Wafaon Ke Badle Jaffa Kar Rahe Hain,Rahat Fateh Ali Khan,['qawwali'],0.47,0.518,0,-12.628,0,0.0606,0.738,1.8e-05,0.513,0.678,102.2,756019,4,3,Acoustic Chill
2ZynwT2SY9TLcq8QilP3j3,Rupasi Mananku Namaste,Kumar Sanu,['bollywood'],0.699,0.85,11,-1.852,1,0.0519,0.711,0.0,0.161,0.762,124.353,297803,4,2,Instrumental Calm
2a0seEUwZhReSFCOebWsUM,Fer Jaa Tu Fer Jaa - Islamic,Rais Anis Sabri,['qawwali'],0.691,0.666,1,-7.348,1,0.0402,0.482,0.0,0.292,0.96,94.217,922829,4,2,Instrumental Calm
2a3NAdGNYy9CGoczjMH7My,Yeh Mera Man,Ash King,['bollywood'],0.744,0.686,7,-5.846,1,0.0708,0.359,0.0,0.388,0.67,80.035,234214,4,2,Instrumental Calm
2aFrqyEgZgNEGLRGUowGU1,Khata,Irfan Khan,['pop'],0.748,0.639,0,-8.245,1,0.0451,0.181,1.14e-06,0.14,0.809,120.022,245435,4,2,Instrumental Calm
2aJrT059YKbzJHsWVWefu5,Ar Koto Kandabi,Krishna Beuraa,['sufi'],0.717,0.399,10,-14.155,1,0.0534,0.657,1.18e-06,0.154,0.507,104.991,311022,4,1,Dance Party
2adX1gABVqTLK4IUhttQCD,Larri Adda,Sajjad Ali,['sufi'],0.824,0.429,7,-18.857,1,0.0887,0.178,0.000167,0.0538,0.639,103.719,258827,4,2,Instrumental Calm
2asQGxevCcycYArY6RzBwz,Ucha Shimla,Shahid Ali Khan,['qawwali'],0.645,0.877,4,-8.666,0,0.0517,0.0392,0.000993,0.0305,0.819,131.584,390174,4,2,Instrumental Calm
2b03BOgFYaYsZl59O2Dyy4,"Tumbe Te Zumba (From ""Chandigarh Kare Aashiqui"")",Sukhwinder Singh,['bollywood'],0.917,0.612,1,-6.486,1,0.0452,0.188,1.21e-05,0.0542,0.662,119.969,170248,4,2,Instrumental Calm
2b80sCsAwCpdWWMdcQYf7s,All of Me (Tiësto's Birthday Treatment Remix) - Radio Edit,John Legend,[],0.606,0.72,5,-6.253,0,0.0283,0.000151,0.00165,0.0745,0.179,127.986,251613,4,2,Instrumental Calm
2bJZCUnAI9Se6MmtQy8Fcv,Deewana Tera,Sonu Nigam,['bollywood'],0.682,0.55,2,-11.072,1,0.0804,0.454,2.37e-05,0.0693,0.839,104.975,360760,4,2,Instrumental Calm
2bLVTVWBNlrGFt2GNhiMcN,Peeney Aan Te Apne Lai,Shaukat Ali,['sufi'],0.606,0.188,10,-19.275,1,0.0343,0.793,0.0,0.0573,0.56,116.432,294440,4,1,Dance Party
2bPjuhWChNS95dPYfILDYf,Ironic - 2015 Remaster,Alanis Morissette,['pop'],0.406,0.582,11,-8.305,1,0.0508,0.218,0.0,0.159,0.366,114.427,230000,5,0,Energetic Happy
2bQhVQbV7VBzSOPo8mbkUR,Beach House,The Chainsmokers,[],0.4,0.838,0,-4.491,1,0.0526,0.174,0.0,0.341,0.533,179.945,206120,4,0,Energetic Happy
2bWgEYN5clwkL2sL62Xa9y,Main Hansini,Mehdi Hassan,['sufi'],0.498,0.44,10,-11.158,0,0.0385,0.814,0.227,0.12,0.507,128.896,331535,4,1,Dance Party
2bZfZaywoap51aFvRMWETm,Zindagi Main Toh Sabhi Pyar Kia Karte Hain,Mehdi Hassan,"['ghazal', 'bollywood']",0.238,0.57,1,-5.774,1,0.0461,0.754,1.64e-05,0.306,0.648,173.998,192589,3,0,Energetic Happy
2baKBKQsKDK5HPWHF8ZOxB,Main Bhi Aik Sharif Thi,Nahid Akhtar,['ghazal'],0.37,0.554,0,-10.483,1,0.0632,0.79,0.0,0.393,0.852,155.732,189385,3,0,Energetic Happy
2bhUuihxnwHia4kXN0Tx6m,Give Love on Christmas Day - Recorded at Spotify Studios NYC - Spotify Singles - Christmas,John Legend,[],0.614,0.218,0,-9.643,1,0.0343,0.924,0.0,0.111,0.357,140.013,225576,4,1,Dance Party
2bsKSs2nGffv1Zzvylt781,Ne Zaman Anarsam Seni,Fatih Koca,['sufi'],0.473,0.438,7,-6.526,0,0.0302,0.84,3.07e-06,0.234,0.417,105.998,283091,4,1,Dance Party
2bsuu5JohKeKFDHMZzTrko,Allah Jal E Shaan,Rahat Fateh Ali Khan,['sufi'],0.51,0.654,1,-15.897,1,0.0568,0.0374,0.0143,0.344,0.93,112.984,863341,4,0,Energetic Happy
2bzitsPcImYC6DZWvvLCQi,"Zero - From the Original Motion Picture ""Ralph Breaks The Internet""",Imagine Dragons,[],0.634,0.662,6,-7.543,1,0.0325,0.000479,0.00142,0.111,0.244,90.011,210933,4,2,Instrumental Calm
2bzlyaQtwIgajzG4iGeupG,Paani Mein Meen Pyasi,Jagjit Singh,['sufi'],0.604,0.516,6,-6.906,1,0.0313,0.697,0.0,0.0638,0.574,127.918,341813,4,1,Dance Party
2c7GlMNmF7pbohjykutmLP,"Thunderclouds (with Sia, Diplo & Labrinth)",Sia,[],0.691,0.716,7,-5.985,1,0.0351,0.0085,9.06e-06,0.263,0.507,112.035,187027,4,2,Instrumental Calm
2cBHVh2zGu59k2xkfpUTTS,Nit Khair Manga Sohneya,Rahat Fateh Ali Khan,['sufi'],0.414,0.64,5,-11.776,1,0.0461,0.0792,0.0,0.0701,0.951,112.643,497084,4,0,Energetic Happy
2cFYdC0GmmwXaUh6uxm7Gi,Giving Up On (Alan Dixon Remix),Ekkah,['pop'],0.698,0.687,1,-8.559,1,0.046,0.000821,0.116,0.0351,0.618,118.017,452567,4,2,Instrumental Calm
2cJvmm5fsyGPc9VW8UjSNV,Zindagi Hussain Hai,Zain Zohaib,['qawwali'],0.528,0.267,9,-8.198,1,0.0639,0.777,0.0,0.113,0.212,135.974,246382,3,1,Dance Party
2cPWYLXWDjRzjwFRtC8HrU,"Lewade Menun Goreyan (from""Doli Te Hathkari"")",Noor Jehan,['ghazal'],0.555,0.558,8,-8.928,1,0.0562,0.916,0.156,0.381,0.847,114.795,319840,4,1,Dance Party
2cQQi5I5FzD9Hrggo5FIVM,Hazir Hain Hazir Hain,Sabri Brothers,['ghazal'],0.54,0.655,5,-11.737,0,0.109,0.702,8.85e-05,0.386,0.438,114.982,1187773,4,3,Acoustic Chill
2cXQqigG0jZeMhPi3xbw2C,Haniyaan Wey,Tahira Syed,['ghazal'],0.665,0.414,0,-14.459,1,0.0319,0.406,1.72e-06,0.504,0.94,105.451,376760,4,1,Dance Party
2cYqizR4lgvp4Qu6IQ3qGN,BUTTERFLY EFFECT,Travis Scott,[],0.763,0.628,11,-5.85,1,0.05,0.0531,0.0,0.114,0.193,140.958,190557,4,2,Instrumental Calm
2ccORudHGilopSVhOeW1Ba,Dil Pe Ik Turfa Qayamat,Farida Khanum,['sufi'],0.357,0.495,2,-8.242,0,0.0296,0.839,0.0,0.0734,0.411,103.642,241667,4,1,Dance Party
2d2htXr6qY7601JhMh3i3k,Hai Yeh Kaisa Jahan,Master Saleem,['sufi'],0.7,0.838,4,-5.032,1,0.0389,0.75,5.13e-06,0.367,0.843,139.917,164962,4,2,Instrumental Calm
2dIwkntjCDc5B8SEWYO3k5,Nach Le Its Folkish - Remix(Remix By Dj Akbar Sami),Himesh Reshammiya,['bollywood'],0.656,0.993,0,-7.032,1,0.0582,0.0041,0.000127,0.313,0.803,146.015,298107,4,2,Instrumental Calm
2dMUJy0El3BcQUy9gP9gt0,2 Souls on Fire (feat. Quavo),Bebe Rexha,[],0.713,0.592,4,-4.621,0,0.0272,0.181,0.0,0.338,0.619,106.013,170297,4,2,Instrumental Calm
2dPdvGrvWNRIm6SPe5rupZ,Rang,Subhan Ahmed Nizami Qawwal,['qawwali'],0.364,0.387,10,-13.7,0,0.0557,0.967,0.0,0.181,0.452,106.895,314980,4,1,Dance Party
2dTJTWbvJhfimItBIyHwti,Waqt E Dua Hai,Amjad Sabri,['qawwali'],0.426,0.749,7,-12.706,1,0.0528,0.08,0.0165,0.381,0.639,99.25,906240,4,0,Energetic Happy
2djI8dpUurg8y00sOCNUoK,Muhayyersünbüle Taksim,Refik Hakan Talu,['sufi'],0.549,0.185,0,-20.795,1,0.075,0.988,0.958,0.0762,0.319,136.988,132341,4,4,Rap / Spoken
2dpaYNEQHiRxtZbfNsse99,Happier,Marshmello,[],0.687,0.792,5,-2.749,1,0.0452,0.191,0.0,0.167,0.671,100.015,214290,4,2,Instrumental Calm
2dvR7XLeTnzBqirGzYU5Fz,"Raula (From ""Jab Harry Met Sejal"")",Pritam,['bollywood'],0.752,0.965,0,-5.309,1,0.0532,0.123,7.4e-05,0.233,0.9,120.979,256364,4,2,Instrumental Calm
2e1QaqoQcBxd7ydwq3vBpD,Rabbaway,Rahat Fateh Ali Khan,['sufi'],0.562,0.577,11,-5.235,0,0.0377,0.179,0.0,0.127,0.39,139.908,363807,4,2,Instrumental Calm
2eC714GlOCGYAwH1D5XubY,Yeh Daulat Bhi Le Lo (Live),Jagjit Singh,['sufi'],0.737,0.653,3,-11.112,1,0.035,0.842,0.00659,0.254,0.961,119.057,69573,4,1,Dance Party
2eUoHecq2nqOtc5cgdEiyp,Dream Boy,Alisha Chinai,['bollywood'],0.633,0.712,6,-7.097,0,0.0369,0.502,0.0,0.349,0.83,136.134,342160,4,2,Instrumental Calm
2eXVTQd5Udi5PJLaxN3wGx,If I Ain't Got You - Kanye West Radio Mix #1,Alicia Keys,[],0.539,0.462,1,-10.945,0,0.277,0.266,0.00376,0.049,0.587,148.818,227733,3,2,Instrumental Calm
2ed0bBlqHpSCKU0yloBJ1C,Yaad Na Aayi Tumhein,Ali Haider,['sufi'],0.621,0.555,8,-5.263,0,0.0312,0.723,0.0,0.13,0.672,108.268,374858,4,1,Dance Party
2ey3R2DvFAZzIfkwX0E2TI,Bhatka Bhatka Phirta Hoon,Ghulam Ali,['sufi'],0.519,0.434,6,-18.067,1,0.0425,0.705,0.0183,0.167,0.729,81.305,429610,4,1,Dance Party
2ezQ7Qe2itIl6HvCbyqZXX,Never Let You Go - Jack Wins Remix,Kygo,[],0.667,0.841,10,-6.98,1,0.104,0.0075,1.45e-05,0.7,0.441,124.968,209467,4,2,Instrumental Calm
2fDengLsACQXgHiJSQaqYm,Bewafa Log Marvinde Nai,Sher Miandad Khan,['qawwali'],0.421,0.807,8,-7.886,1,0.0401,0.113,1.83e-05,0.4,0.921,153.981,402891,4,0,Energetic Happy
2fIoRFwmtGVVKyYGVj2SNb,"Tumi Kobi Ami Tomar Kobita (From ""Saajan)",Alka Yagnik,['bollywood'],0.6,0.422,11,-12.014,0,0.0679,0.643,0.0,0.2,0.588,116.945,377667,4,1,Dance Party
2fLyikLZmHxW4XdToFpDdN,Under Pressure,Shawn Mendes,[],0.667,0.478,2,-5.345,1,0.0316,0.2,0.0,0.0927,0.337,113.502,233029,4,2,Instrumental Calm
2fbJ5Msx8KoDKpyufH5YsU,I'll Never Love Again - Extended Version,Lady Gaga,[],0.406,0.359,7,-6.145,1,0.0293,0.685,3.67e-06,0.122,0.202,109.246,328893,4,1,Dance Party
2fbeYYHQacAsJDLegZghm5,Mast Nazron Se Allah Bachaye,Nusrat Fateh Ali Khan,['qawwali'],0.479,0.565,1,-7.933,1,0.0769,0.808,0.0,0.942,0.499,108.2,930582,4,3,Acoustic Chill
2frGF8AwGVIRiQkUyuAgxH,Kali Kali Zulfon Ke Phande Na Dalo,Khalid Khan Qawal,['qawwali'],0.624,0.723,10,-4.53,0,0.0501,0.273,0.0,0.113,0.528,135.906,411690,3,2,Instrumental Calm
2g8NH5ynCsnJVmpLdPCRKE,Kono Kotha Kar Mone,Kumar Sanu,['bollywood'],0.683,0.788,4,-7.284,0,0.0377,0.152,9.26e-06,0.0978,0.76,139.966,234938,4,2,Instrumental Calm
2g9Q3jj3km06xE0C1GUSch,Aaja Re Saajna,Asha Bhosle,['bollywood'],0.389,0.0986,7,-19.421,0,0.0945,0.956,0.00065,0.253,0.255,88.948,213759,3,1,Dance Party
2gBZ63uUKXpY1pKQiDocyi,Udasiyon Ka Shama Mehfilon Mein,Gul Bahar Bano,['ghazal'],0.419,0.606,8,-6.958,1,0.0323,0.753,0.00901,0.172,0.343,132.186,349682,3,1,Dance Party
2gFD9WMGhg2givtH7oka84,Kehna Ghalat Ghalat,Nusrat Fateh Ali Khan,"['sufi', 'qawwali']",0.478,0.616,3,-6.865,1,0.0942,0.39,4.98e-05,0.773,0.45,134.793,1603695,4,3,Acoustic Chill
2gJfHLsGKHZsNNttEKpOHx,Ankh Uthi Mohabbat Ne,Nusrat Fateh Ali Khan,['sufi'],0.482,0.562,1,-9.913,1,0.0663,0.616,0.0,0.571,0.445,116.466,1163282,4,3,Acoustic Chill
2grbXnlKIX6BCtPVdbTp8A,Rishton Ke Saare Manzar,Arijit Singh,['bollywood'],0.505,0.526,11,-11.167,1,0.0491,0.577,0.000994,0.117,0.318,153.902,317414,4,1,Dance Party
2gsNpSn7VvvJuSrIDfRoYy,Kamikaze,Eminem,[],0.78,0.808,2,-5.175,1,0.484,0.112,0.0,0.329,0.642,79.982,216029,4,2,Instrumental Calm
2gxqozTaq2NYylvS8jd57G,Into It,Camila Cabello,[],0.569,0.649,11,-8.175,1,0.482,0.451,0.0,0.128,0.441,108.77,175653,4,2,Instrumental Calm
2h8ix8mXzv6BwNlKWETrlr,Sun Charkhe Di Mithi Mithi Ghook,Nusrat Fateh Ali Khan,['qawwali'],0.466,0.832,5,-7.625,1,0.121,0.0825,2.22e-05,0.375,0.737,72.212,396852,4,0,Energetic Happy
2hKqAaMrmXrdQCdEvrPYEt,"Pehli Baar Mohabbat (From ""Kaminey"")",Mohit Chauhan,['bollywood'],0.524,0.478,9,-10.826,0,0.0277,0.411,0.0013,0.101,0.576,160.02,321283,4,1,Dance Party
2hbdN27EoU46TxTYK1zYj1,Bol Mitti Deya Baweya,Noor Jehan,['bollywood'],0.31,0.426,5,-12.124,0,0.0405,0.955,0.509,0.821,0.641,170.134,219716,4,4,Rap / Spoken
2hcohLIysMxofYziluXCoX,Ignant Shit (feat. Lil Wayne),Drake,[],0.591,0.846,7,-3.687,1,0.276,0.186,0.0,0.463,0.121,94.795,302492,4,2,Instrumental Calm
2hloaUoRonYssMuqLCBLTX,bloodline,Ariana Grande,[],0.758,0.665,2,-5.188,0,0.0774,0.0815,0.000157,0.216,0.643,151.976,216893,4,2,Instrumental Calm
2hniGasDRRDXtE4W5UiVER,Jogi - The Fusion,Javed Bashir,['qawwali'],0.752,0.65,3,-10.016,1,0.205,0.391,0.0,0.096,0.781,79.988,267000,4,2,Instrumental Calm
2hpjjSJQJJOqtp3DWNLbVb,"Girls (feat. Cardi B, Bebe Rexha & Charli XCX) - Martin Jensen Remix",Rita Ora,[],0.687,0.77,11,-4.833,1,0.0516,0.0679,0.0,0.0907,0.289,93.999,260426,4,2,Instrumental Calm
2i5hqHcvAgMV3uDEErtJn9,Chand Samne Hai Eid Ka,Sabri Brothers,['qawwali'],0.537,0.867,5,-9.503,0,0.318,0.0769,0.0,0.3,0.47,163.272,274625,4,0,Energetic Happy
2iBiyieTZulnQAahts9FQo,Mein Ithey Tu Uthey,Arif Lohar,['ghazal'],0.666,0.965,7,-1.282,1,0.0433,0.464,0.00495,0.409,0.845,82.114,877481,4,0,Energetic Happy
2iGF8anM34qL05bwiYQ2p5,Jinne Tukre Hone Dil De,Naseebo Lal,['sufi'],0.683,0.802,11,-3.987,0,0.0358,0.688,0.000172,0.106,0.912,135.183,283667,4,2,Instrumental Calm
2iGydzY4RsIvuJE4NmriQ0,Hari Nam Gaate,Sonu Nigam,['bollywood'],0.56,0.445,9,-9.862,1,0.061,0.806,6.2e-05,0.322,0.558,96.553,363021,4,1,Dance Party
2iKLir1if1uq3sMs8meCo6,Ek Ajeebsa Khalipan,Hariharan,['ghazal'],0.278,0.503,8,-8.205,1,0.0317,0.686,5.18e-06,0.078,0.287,180.332,466704,4,1,Dance Party
2iMadDAmksxlztGxLE9CH9,Naina Ne Rehna Mere,Rahat Fateh Ali Khan,['qawwali'],0.695,0.897,0,-3.201,0,0.0398,0.664,4.17e-05,0.183,0.74,126.027,196806,4,2,Instrumental Calm
2iWPJSACGSHNREsOnUAbVM,Baba Ji Sada Hajj Hogaya,Nusrat Fateh Ali Khan,['qawwali'],0.589,0.874,6,-4.833,1,0.0858,0.0306,0.0,0.738,0.87,109.77,649511,4,0,Energetic Happy
2iWsZ43a9YWWOfvTj21B4v,Hariyala Banna Kachi Kaliyan Mat Todo,Sapna Awasthi,['bollywood'],0.643,0.576,10,-9.856,1,0.0815,0.503,0.0,0.0728,0.911,95.936,425613,4,2,Instrumental Calm
2iejTMy9XZ8Gaae0aQ2yl0,If I Ain't Got You - Radio Edit,Alicia Keys,[],0.616,0.446,7,-9.154,1,0.109,0.569,8.33e-06,0.105,0.197,118.539,231667,3,1,Dance Party
2ijb6kRRcjEuNz6dqaSPVF,Yaar Pardesi,Atta Ullah Khan Esakhelvi,['qawwali'],0.33,0.567,1,-7.308,0,0.0434,0.654,9.65e-06,0.893,0.391,85.665,403027,4,0,Energetic Happy
2inaNEYrf72ZyutJmQQYtQ,Raba Asi Ki Kariye,Naseebo Lal,['ghazal'],0.688,0.92,6,-1.632,1,0.036,0.327,0.00177,0.0673,0.691,116.982,442867,4,2,Instrumental Calm
2j5hsQvApottzvTn4pFJWF,What Lovers Do (feat. SZA),Maroon 5,[],0.799,0.597,5,-5.131,0,0.0611,0.0788,5.66e-06,0.1,0.419,110.001,199849,4,2,Instrumental Calm
2jB9QaPJyVdz2Q0Va8rrnU,I Got You,Bebe Rexha,[],0.606,0.887,9,-4.782,0,0.052,0.0498,3.47e-06,0.0958,0.349,97.972,191787,4,2,Instrumental Calm
2javmUmBhakppLoK8XV2NQ,Kyon Daren Zindagi,Jagjit Singh,['ghazal'],0.551,0.326,6,-14.99,0,0.0268,0.351,1.21e-05,0.108,0.441,175.957,354143,4,1,Dance Party
2jcYaEKejiLKuZ3RiX26Sv,Get Free,Major Lazer,[],0.612,0.657,11,-6.971,0,0.0454,0.103,0.124,0.131,0.767,87.94,289973,4,2,Instrumental Calm
2jd7dLmXkKZVNCHjAIIy2A,Sone Di Tawetri,Noor Jehan,['bollywood'],0.514,0.516,5,-11.83,0,0.0583,0.587,0.000201,0.574,0.842,101.745,330573,4,1,Dance Party
2jieA5lxorSJr9Y3d272te,Namaz Sureleri,İsmail Coşar,['sufi'],0.281,0.108,0,-13.279,1,0.0392,0.953,0.00777,0.0925,0.0685,65.215,167340,4,1,Dance Party
2jkieB6dmuAwmO0BKMBOG6,Don't Leave Me Alone (feat. Anne-Marie) - David Guetta Remix,David Guetta,[],0.785,0.673,0,-7.865,1,0.0541,0.00253,0.843,0.0593,0.651,123.998,298493,4,4,Rap / Spoken
2jt2WxXMCD4zjACthkJQVE,The Ringer,Eminem,[],0.939,0.551,1,-9.126,1,0.291,0.0311,0.0,0.192,0.42,118.552,337941,4,2,Instrumental Calm
2k2wbpYLNBmaI6o06KWOgN,"Chura Ke Dil Mera (From ""Main Khiladi Tu Anari"")",Kumar Sanu,['bollywood'],0.613,0.696,8,-9.486,0,0.0504,0.136,0.00222,0.053,0.874,122.056,474653,4,2,Instrumental Calm
2kAIpGWnlFLQh48iut6Zzq,Free Spirit,Khalid,[],0.627,0.446,2,-9.477,0,0.0332,0.308,0.00077,0.111,0.11,139.994,182080,4,2,Instrumental Calm
2kO9Kr5WVQfdiJdE72EH2b,Tune Maa Baap Ki,Abdul Habib Ajmeri,['qawwali'],0.459,0.781,6,-5.814,1,0.118,0.382,0.0,0.0861,0.596,97.633,938240,3,0,Energetic Happy
2kcWOhqPHV0m6sihIdIRDT,Astronaut - Aide-Memoire,Badshah,['bollywood'],0.797,0.773,11,-8.699,0,0.13,0.489,0.0,0.101,0.669,102.941,292427,4,2,Instrumental Calm
2kgMkYvGgCohSbL4EmJGRN,Aley Nabi (Amir Khusro),Warsi Brothers,['qawwali'],0.479,0.671,11,-12.363,1,0.222,0.715,1.85e-06,0.0911,0.823,84.95,948560,4,3,Acoustic Chill
2kxrZR76dfLTborJjLJoHT,FREEDOM,Maxi Trusso,['pop'],0.551,0.427,7,-10.588,1,0.0617,0.824,0.00186,0.135,0.419,90.939,432527,4,1,Dance Party
2l25FKj5cTlz0OWU2Su4As,Je Prem Kanthe Dei Mala,Aarti Mukherji,['bollywood'],0.422,0.278,1,-12.968,1,0.0363,0.964,2.36e-06,0.445,0.38,82.183,209770,4,1,Dance Party
2l38kroI2nOYMevx7n6RBb,Likha Hai Yeh - Super Jhankar Beats,Hariharan,['ghazal'],0.472,0.9,8,-8.748,1,0.077,0.586,8.17e-06,0.343,0.819,124.097,294811,4,0,Energetic Happy
2lDzCQYBfTsRJmsKdIO1QQ,Janda Hoya Dil Lae Gaya,Nusrat Fateh Ali Khan,['sufi'],0.558,0.409,1,-12.35,1,0.23,0.806,0.0,0.603,0.578,112.865,664800,4,3,Acoustic Chill
2lOuvydCaSk8asn1HxBO9r,Be The One,Dua Lipa,[],0.661,0.651,7,-3.771,0,0.0499,0.117,1.32e-05,0.056,0.368,87.46,202915,4,2,Instrumental Calm
2lTrkk2hZTCypKejin9VUB,Kabhi Kaha Na Kisie Se,Noor Jehan,['bollywood'],0.564,0.27,1,-15.306,0,0.0354,0.823,5.45e-05,0.108,0.622,121.34,266280,4,1,Dance Party
2lYTJK94hb0fd1LQtb6Dhk,Don't Leave Me Alone (feat. Anne-Marie),David Guetta,[],0.659,0.738,4,-5.072,0,0.0477,0.118,0.0,0.115,0.481,127.95,183750,4,2,Instrumental Calm
2ldt64uxsm8wCeYpOA9p07,Piya Nahin Aaye,Amanat Ali Khan,['sufi'],0.42,0.54,3,-11.28,0,0.0382,0.9,0.0182,0.363,0.54,99.081,196787,4,1,Dance Party
2lfqNaJ8NrfU2cOL7UiZxd,Dama Dam Mast Qalandar,Wadali Brothers,"['ghazal', 'sufi', 'qawwali']",0.52,0.878,1,-4.264,1,0.187,0.749,0.0,0.356,0.632,110.948,1148853,4,3,Acoustic Chill
2lrjneuNh3s94boHxOUqsD,Jadon Takni Aan Mukh - Mardan Hath Maidan,Naseebo Lal,['sufi'],0.688,0.919,10,-4.127,1,0.0995,0.458,0.000148,0.825,0.94,125.069,309631,4,0,Energetic Happy
2ludbmtPoyCPe2K08fAlFl,Helium (Sia vs. David Guetta & Afrojack),Sia,[],0.542,0.587,4,-6.145,1,0.035,0.0977,0.0,0.2,0.243,136.915,237372,4,2,Instrumental Calm
2mDiy58KkKRCHuIkKbYunE,"Mujhe Tum Se Sirf Tum Se (From ""Saima"")",Mehnaz,['ghazal'],0.344,0.473,7,-9.84,0,0.0317,0.955,0.000449,0.11,0.563,155.63,313623,4,1,Dance Party
2mXZaM383zTC712CBeo0uy,Particula - Mixed,Major Lazer,[],0.479,0.795,8,-5.583,1,0.143,0.0267,0.00128,0.482,0.45,199.917,86427,4,0,Energetic Happy
2maxr0ym48p9GDJ4fMyU4e,Sab Se Oonchi Prem Sagai - Mahamantra - Hare Krishna (Live),Jagjit Singh,"['ghazal', 'sufi']",0.277,0.824,5,-5.019,1,0.0734,0.562,0.0,0.668,0.754,95.996,455010,4,0,Energetic Happy
2mnOKD9rKsSW6hMn1WYUP1,Ikko Dil Si Data De,Sher Miandad Khan,['qawwali'],0.637,0.589,5,-9.599,0,0.0438,0.344,3.12e-06,0.218,0.957,117.368,540118,4,2,Instrumental Calm
2mqBOzbyawGWhFIyCj14D9,Jag Tere Charanon Men Aayo,Mohammed Rafi,['bollywood'],0.329,0.528,7,-9.3,0,0.0505,0.771,0.0,0.426,0.47,80.969,259867,4,1,Dance Party
2mxCW2vFjq1wgyiGkcS1yh,Tarzan My Tarzan,Alisha Chinai,['bollywood'],0.576,0.409,2,-11.799,1,0.031,0.651,0.00192,0.0483,0.681,86.334,461960,4,1,Dance Party
2nO1utsf1zSsZU68m9g5g3,Mujhe Khat Likhna,Peenaz Masani,['ghazal'],0.468,0.364,11,-11.119,0,0.031,0.859,0.0,0.429,0.466,105.589,263467,4,1,Dance Party
2nTQvDIxi1pGfMgS5B6HZF,"Tapki Jaye - From ""Aanch""",Richa Sharma,['bollywood'],0.544,0.796,5,-9.385,0,0.174,0.528,0.0,0.335,0.904,114.121,319467,4,0,Energetic Happy
2nYC0bWDBhKnnHiGI3WSg8,"Har Har Gange, Har Har Gange",Anuradha Paudwal,['bollywood'],0.557,0.651,5,-5.714,0,0.0302,0.885,0.0,0.0856,0.711,149.118,451535,4,1,Dance Party
2njUxZ4151DWIrfIK3loFj,COPYCAT - Sofi Tukker Remix,Billie Eilish,[],0.682,0.955,4,-5.02,0,0.0591,0.0585,3.18e-05,0.226,0.451,124.999,198684,4,2,Instrumental Calm
2nkoWsTZa8LKPNGdjI5uxj,West Coast,Imagine Dragons,[],0.672,0.715,0,-6.18,1,0.0268,0.581,2.08e-06,0.101,0.677,104.989,217173,4,2,Instrumental Calm
2nnQe0ogsG9ANQwXKiBIKv,Subah Subah Le Shiv Ka Naam Kar Le Bande Ye Shubh Kaam,Hariharan,['ghazal'],0.361,0.317,3,-14.466,1,0.0338,0.975,2.12e-06,0.111,0.269,104.211,376600,4,1,Dance Party
2nsd9WGH1D6DHHfcXGPvVM,Lights,Band of Horses,['pop'],0.438,0.858,11,-4.062,1,0.0347,2.26e-05,0.000111,0.0792,0.55,132.021,215760,4,0,Energetic Happy
2oAg2JvSnWLHUORorkLdEQ,İrkem,Oruç Güvenç ve Tümata,['sufi'],0.521,0.325,2,-9.276,1,0.0447,0.818,0.0,0.18,0.96,134.35,133027,4,1,Dance Party
2oFrWb5GXKXt5se7FC0ZuQ,"Jalte Hain Arman Mera (From ""Anarkali"")",Noor Jehan,['ghazal'],0.326,0.448,10,-10.213,0,0.0477,0.972,0.00338,0.19,0.319,96.942,161560,4,1,Dance Party
2oJwIEr920aKluHZLVt6Am,More Angna Mohinodin,Amjad Sabri,['sufi'],0.474,0.954,6,-1.082,1,0.174,0.37,0.000461,0.178,0.737,114.283,637558,4,0,Energetic Happy
2oMzYX9zvYclmodmd47APS,Acemaşiran Makamı,Oruç Güvenç ve Tümata,['sufi'],0.342,0.189,7,-13.108,1,0.0524,0.883,0.00321,0.365,0.602,178.822,3128745,3,3,Acoustic Chill
2oOLyelokIg3G7Tqu1v4mO,Chori Kahin Khule Na,Farida Khanum,['ghazal'],0.275,0.643,5,-6.585,0,0.0336,0.848,1.93e-05,0.309,0.322,137.269,454000,4,0,Energetic Happy
2oaKoKA8bvgWfBi9M8wEVJ,Abhi Na Jao Chhod Kar,Asha Bhosle,['bollywood'],0.569,0.31,3,-13.287,1,0.0371,0.79,0.0,0.341,0.587,97.244,258387,3,1,Dance Party
2ojyVbzOLV1mltkoZF4q9C,Patang Baaz Sajna,Fariha Pervez,['sufi'],0.758,0.635,0,-12.994,1,0.0915,0.103,0.00676,0.0925,0.958,125.581,312135,4,2,Instrumental Calm
2olaejqMeZqhhAa3PcEaA7,Kandiyan Vich Rol Chodiya,Atta Ullah Khan Esakhelvi,['qawwali'],0.642,0.723,11,-10.824,0,0.0477,0.554,1.9e-05,0.309,0.733,110.514,515427,4,2,Instrumental Calm
2ovixgHwm4m59peeeC0ZPq,Mukunda Madhava Gopala,Hariharan,['ghazal'],0.475,0.493,1,-9.329,1,0.0587,0.689,0.0,0.104,0.551,139.92,365514,4,1,Dance Party
2p4KzBHYAMII5z52c5ZCyZ,Har Khushi Ho Wahan,Lata Mangeshkar,['bollywood'],0.29,0.354,11,-12.669,1,0.0366,0.988,9.9e-05,0.203,0.464,148.927,209000,4,1,Dance Party
2pJIg2dppNiyRFI9qUK047,Jeena Bhi Kya Koi Jeena Hai (Jhankar Beats),Bappi Lahiri,['bollywood'],0.752,0.673,9,-8.778,1,0.039,0.00324,0.0297,0.0423,0.855,118.005,199327,4,2,Instrumental Calm
2pLmTxqYs6StWstXox1jrj,Na Maar Naina De Teer,Nusrat Fateh Ali Khan,['qawwali'],0.327,0.568,1,-8.529,1,0.0515,0.849,0.000269,0.479,0.556,87.529,1566627,4,3,Acoustic Chill
2pZHtjimRAjgWym5hWvItw,Us Mahiye De Kol,Faiz Ali Faiz,['qawwali'],0.403,0.567,5,-11.904,0,0.058,0.443,0.0018,0.829,0.81,81.303,739370,4,3,Acoustic Chill
2plHPWiDRPO2tKi4oU283Q,Kash Yeh Dua Meri,Amjad Sabri,"['sufi', 'qawwali']",0.451,0.771,4,-2.924,1,0.0554,0.158,0.0,0.074,0.786,136.497,719360,3,0,Energetic Happy
2poOAWEj1CStqTVPgIHZ8s,Try Me,The Weeknd,[],0.508,0.665,8,-5.748,0,0.0694,0.629,0.00124,0.142,0.124,91.997,221107,4,2,Instrumental Calm
2ppc9keEMbYRPGPLlyL1VU,Banu De Mehndi,Atta Ullah Khan Esakhelvi,['qawwali'],0.391,0.865,10,-3.351,1,0.0462,0.285,0.0,0.474,0.725,104.346,283227,4,0,Energetic Happy
2pr2Vr6s0Ofox5pz9PKCyz,"Gulabi Ankhen - From ""The Train""",Mohammed Rafi,['bollywood'],0.579,0.797,9,-5.049,1,0.0698,0.679,5.22e-06,0.36,0.744,108.052,198267,4,0,Energetic Happy
2pwzf1HOfLq0PxfgtM6SOI,"Kadi Dhoop Kadi Chhan (From ""Number One"")",Salma Agha,['ghazal'],0.615,0.583,5,-7.742,1,0.0448,0.797,5.93e-06,0.139,0.732,99.181,189747,4,1,Dance Party
2q4Lxk4MskxCtKjCZaL7IN,Jaan Hai Meri,Amaal Mallik,['bollywood'],0.536,0.623,7,-7.856,1,0.0743,0.693,2.04e-06,0.137,0.398,79.915,274947,4,1,Dance Party
2q8WO601qIwLwV4DgXDCiO,God Put A Smile Upon Your Face - Live In Buenos Aires,Coldplay,[],0.345,0.967,1,-4.687,0,0.0837,0.000615,0.000117,0.89,0.366,137.917,274053,4,0,Energetic Happy
2qB9NJCWyEvqDlX8ii7j4Z,Man Vivek Sanyam,Hariharan,['ghazal'],0.444,0.384,1,-12.439,1,0.0375,0.677,0.0,0.158,0.916,96.147,443507,4,1,Dance Party
2qKjOqLJTBjjsyVR9YPCLp,Piyar Kiya Hai,Mehdi Hassan,['ghazal'],0.428,0.274,11,-11.107,1,0.0386,0.995,0.808,0.163,0.348,142.503,191720,4,4,Rap / Spoken
2qPPbeyNNaSjfHRG8njFRo,Saraki Jaye,Hariharan,['ghazal'],0.408,0.261,6,-16.106,1,0.0355,0.844,6.31e-06,0.0725,0.39,124.023,322772,4,1,Dance Party
2qT1uLXPVPzGgFOx4jtEuo,no tears left to cry,Ariana Grande,[],0.699,0.713,9,-5.507,0,0.0594,0.04,3.11e-06,0.294,0.354,121.993,205920,4,2,Instrumental Calm
2qZxTOYQVk57fUHihZj4Oo,Jab Dil Hi Toot Gaya,K. L. Saigal,['ghazal'],0.302,0.393,10,-8.103,0,0.0359,0.953,0.0446,0.162,0.703,209.328,197253,3,1,Dance Party
2qcG0nZ6S3zZV0UrkY5nFo,Drip (feat. Migos),Cardi B,[],0.968,0.589,11,-7.808,1,0.255,0.0511,0.0,0.0731,0.268,129.993,262308,4,2,Instrumental Calm
2qdhIjNdEZfrEfUDHxxpjr,One Kiss (with Dua Lipa) - Jauz Remix,Calvin Harris,[],0.741,0.784,0,-5.379,1,0.0699,0.0192,4.12e-05,0.852,0.551,123.998,252846,4,2,Instrumental Calm
2qiPYLhR1FTfIsJ0rCoNMe,Sangtan Ralmil Ke,Sher Miandad Khan,['qawwali'],0.504,0.96,5,-3.326,0,0.0633,0.437,0.0,0.835,0.96,103.598,601522,4,0,Energetic Happy
2qnApeQbso0E3qz6ESBANA,Om Jai Jagdish Hare,Anuradha Paudwal,['ghazal'],0.639,0.787,5,-3.258,1,0.0367,0.267,0.0,0.265,0.908,90.037,310687,4,2,Instrumental Calm
2qqFgR22eDiTcCTQUaSshU,"Bitter Betrayals (From ""T-Series Solos"")",Sonu Nigam,['bollywood'],0.48,0.504,8,-8.944,1,0.0376,0.839,0.0,0.105,0.123,123.82,259349,4,1,Dance Party
2qrc8IAuzYFG1JVEDM6Pbf,Ek Nazm,Gulzar,['bollywood'],0.684,0.565,6,-13.785,1,0.0513,0.0767,0.0643,0.23,0.394,129.966,319570,4,2,Instrumental Calm
2qsQ8eVDPmobZpvDxQCVQu,Barbie Tingz,Nicki Minaj,[],0.917,0.689,6,-6.225,1,0.264,0.0849,0.0,0.603,0.443,102.414,191700,4,2,Instrumental Calm
2qwWONRF2GYGbZCc97CxOF,Woh Hata Rahe Hain Pardah,Nusrat Fateh Ali Khan,['qawwali'],0.416,0.894,1,-7.157,0,0.0689,0.327,5.54e-05,0.858,0.76,108.055,474907,4,0,Energetic Happy
2qxXVVZ08KcaUWwxcfx2Ym,Tujh Ko Dekha To Ye Mehsoos Hua,Mehdi Hassan,['ghazal'],0.595,0.416,5,-10.554,1,0.0286,0.958,2.31e-05,0.338,0.621,88.853,227500,3,1,Dance Party
2r0J7PRddQffYIBcnDw0V3,Ae Dil Mujhe Aisi Jagah Le Chal,Talat Mahmood,['ghazal'],0.438,0.326,10,-12.92,1,0.0516,0.789,0.0373,0.16,0.758,126.155,207707,3,1,Dance Party
2r83dnQ5g2gwF87Tph6AF9,Mushk,Ali Zafar,['bollywood'],0.447,0.712,11,-6.981,0,0.277,0.692,0.0,0.0735,0.503,82.628,262001,4,0,Energetic Happy
2rADAKTM0H4FvNwv691M2Z,Aaya Na Tu,Arjun Kanungo,['bollywood'],0.657,0.539,11,-7.213,0,0.0466,0.825,5.85e-06,0.121,0.369,110.041,210000,4,1,Dance Party
2rPE9A1vEgShuZxxzR2tZH,"thank u, next",Ariana Grande,[],0.724,0.647,1,-5.642,1,0.0658,0.28,0.0,0.102,0.435,106.96,207333,4,2,Instrumental Calm
2rYyq0b3XWwmWl0k727OVG,Nuh Ready Nuh Ready,Calvin Harris,[],0.754,0.779,1,-3.288,0,0.0387,0.063,2.81e-05,0.0758,0.41,116.003,184172,4,2,Instrumental Calm
2rbDhOo9Fh61Bbu23T2qCk,Always Remember Us This Way,Lady Gaga,[],0.553,0.502,0,-5.972,1,0.0409,0.299,0.0,0.764,0.296,129.976,210200,4,2,Instrumental Calm
2rgsHUiriNG52XEpHLrUtG,Meri Ankhon Mein Ashkon Ka,Aziz Mian,['qawwali'],0.445,0.834,1,-8.525,0,0.198,0.782,0.0101,0.643,0.581,96.052,881932,4,3,Acoustic Chill
2ri34LahnLeyZjU98wVCtW,Raat Bhar Dil Main Terey Khwab,Javed Bashir,['qawwali'],0.68,0.258,1,-17.888,1,0.0329,0.648,0.00232,0.114,0.409,111.994,340045,3,1,Dance Party
2rvJM5i45l5AlqfpVotpHE,Sacha Rah Muhammad Wala,Arif Feroz Khan Qawwal,['qawwali'],0.538,0.853,3,-6.789,0,0.0807,0.401,0.0002,0.634,0.454,132.935,1804826,4,3,Acoustic Chill
2ry53n0NXbB4ZUJM1SP8Vc,IDGAF (feat. Saweetie),Dua Lipa,[],0.847,0.59,7,-6.3,1,0.133,0.059,0.0,0.0822,0.595,97.014,238940,4,2,Instrumental Calm
2s2Ld1Xm7t88gSVvohNbPL,Yellow - Live In Buenos Aires,Coldplay,[],0.322,0.873,4,-5.818,1,0.0639,0.000343,0.000698,0.362,0.144,91.033,350467,4,0,Energetic Happy
2s32Vaj5AzoCvHheDRG2xG,Des Hoyaa Pardes,Jagjit Singh,['sufi'],0.237,0.298,5,-19.466,1,0.0613,0.0347,0.0,0.318,0.335,85.981,442709,4,1,Dance Party
2sE0RYUkQWQSDxt196Roju,До встречи,Восток,['pop'],0.707,0.951,9,-4.752,0,0.0329,0.359,5.23e-05,0.0671,0.832,109.996,210864,4,2,Instrumental Calm
2sFj8pRaZ8MpGXOVtWWuap,Chand Ke Paas Jo Sitara,Lata Mangeshkar,['bollywood'],0.615,0.478,3,-8.754,1,0.0531,0.62,0.0,0.312,0.827,135.377,282280,3,1,Dance Party
2sMHEhoPxrTpZdAm2zG62z,"Duniya badal gayi (From ""Babul'')",Shamshad Begum,['ghazal'],0.36,0.284,8,-8.708,1,0.0332,0.791,0.00644,0.0802,0.57,140.354,207539,3,1,Dance Party
2sMYwagfkYyNTA7s63Mnn0,Mes paukščiai,Naktinės Personos,['pop'],0.549,0.756,9,-13.166,1,0.0299,0.016,0.577,0.387,0.382,125.805,273319,4,4,Rap / Spoken
2sPRKE0SVNqAjlJAiX6m3A,Sanon Teriyan Loran Ranjhan Hun Te Aaja,Atta Ullah Khan Esakhelvi,['qawwali'],0.772,0.767,6,-6.77,1,0.0461,0.629,3.13e-05,0.106,0.894,136.06,447413,4,2,Instrumental Calm
2sU9EjevkrU9OkPZudvFNN,Believer (feat. Lil Wayne),Imagine Dragons,[],0.487,0.838,10,-4.319,0,0.255,0.058,0.0,0.0645,0.762,93.701,219705,3,0,Energetic Happy
2sVcBPFPnlkusvnFDV75da,Ela É Sincera,Expresso 86,['pop'],0.63,0.789,4,-3.686,0,0.0305,0.00635,0.0,0.156,0.848,125.098,189871,4,2,Instrumental Calm
2scOpCkXHdjx5Pba0T1S68,Tell Me You Love Me - Spanish Version,Demi Lovato,[],0.549,0.606,6,-5.404,1,0.0318,0.0205,0.0,0.167,0.261,82.023,238040,4,2,Instrumental Calm
2t3cTFrBz73i9hM9vFHz59,Sudigaalilo,Hariharan,['ghazal'],0.689,0.681,9,-6.291,0,0.0504,0.623,0.000156,0.19,0.41,127.945,308217,4,2,Instrumental Calm
2t4UBovnAPhvmEsOcc5cW7,Baji Jivachi Lavun Ala,Suresh Wadkar,['bollywood'],0.389,0.754,10,-9.009,1,0.176,0.65,0.000551,0.182,0.786,183.919,397267,3,0,Energetic Happy
2tBeXxhLpL5U0JvJCQpfTV,Har Pal Tere Khayalon Mein,Javed Ali,['bollywood'],0.552,0.66,8,-7.725,0,0.0368,0.0247,2.47e-05,0.096,0.399,120.017,266587,4,2,Instrumental Calm
2tGOVD98I4BfyCJneTdu3w,Invention IV: Silenzio (Or Sadak in Search of the Waters of Oblivion),Coupler,['pop'],0.442,0.678,2,-18.315,0,0.0548,0.226,0.921,0.101,0.0221,110.313,1030680,4,4,Rap / Spoken
2tJSuMTatSI4EwbcmmxJ6e,Prabhu Padare,Anup Jalota,['ghazal'],0.393,0.501,1,-12.742,1,0.0433,0.954,0.0671,0.103,0.476,155.459,377507,1,1,Dance Party
2tgX7OrF9AM1JSbRTL85Ms,Hungama Hai Kyon,Ghulam Ali,"['bollywood', 'sufi']",0.6,0.448,1,-14.302,1,0.055,0.774,0.0226,0.703,0.73,109.936,981173,4,3,Acoustic Chill
2tlEU92x6YbiGhsjEfX5Cf,Avalige Manasillave - Reprise,Hariharan,['ghazal'],0.436,0.691,2,-7.442,0,0.247,0.341,0.0003,0.376,0.608,172.035,273136,4,0,Energetic Happy
2tuZ58TvKlk0u7tjmZBXbL,Atharvashirsha,Suresh Wadkar,['bollywood'],0.429,0.0698,6,-13.048,1,0.0354,0.802,0.0,0.189,0.218,113.539,432274,4,1,Dance Party
2tx9xdjsbmQ9VIL6r0g6QH,Sunder Hai Rang Shyam,Anup Jalota,['ghazal'],0.446,0.934,6,-2.099,1,0.0858,0.591,0.000365,0.29,0.919,80.23,238987,4,0,Energetic Happy
2u6dedaqZJeVFvqCTA0Qdm,Velvet Rope,Rita Ora,[],0.54,0.557,4,-4.858,1,0.0515,0.472,0.0,0.308,0.426,88.954,235387,4,2,Instrumental Calm
2uB89ptG1nfJ0PBj3eLUCV,Zindagi Jab Se Sharabi Ho Gai,Atta Ullah Khan Esakhelvi,['qawwali'],0.337,0.692,8,-5.965,1,0.113,0.474,1.01e-06,0.0827,0.712,174.619,408172,3,0,Energetic Happy
2uNUSz2qsNkRlDQqy3CSRh,Ishq Subhan Allah,Alisha Chinai,['bollywood'],0.759,0.964,10,-5.138,0,0.0962,0.319,1.19e-05,0.363,0.91,95.002,251286,4,2,Instrumental Calm
2ujKy5FifGfmhAwQ0dKNxC,Tell Me You Love Me - Spanglish Version,Demi Lovato,[],0.542,0.574,6,-5.942,1,0.041,0.0134,0.0,0.127,0.217,82.092,237773,4,2,Instrumental Calm
2uwTXeloYXeG6x9dpDuYfK,Bismillah,Elijah Nisenboim,['sufi'],0.749,0.15,3,-15.935,0,0.0423,0.907,0.919,0.113,0.0384,117.976,837226,4,4,Rap / Spoken
2v2BHD4Wxn4I3Ft1ZAZ9Oz,Ae Khatme Rasul Qonain Mein Tum Sa Koi Nahin,Nusrat Fateh Ali Khan,['qawwali'],0.487,0.864,5,-4.175,1,0.0876,0.578,0.00181,0.973,0.577,112.019,1373078,4,3,Acoustic Chill
2vBHJl3DpA03M9n8AIMnSN,Tied Up - Mixed,Major Lazer,[],0.754,0.644,1,-7.117,0,0.0814,0.0136,9.06e-06,0.237,0.607,90.035,85747,4,2,Instrumental Calm
2vOeUgaEvsZArCRp3kdLoR,Jab Se Usne Shaher Ko Chhoda,Ghulam Ali,"['ghazal', 'sufi']",0.353,0.456,5,-10.885,0,0.0348,0.775,0.0198,0.315,0.491,169.013,469987,4,1,Dance Party
2vPfgTHaaIqtNpn5FSXJeN,Mein Uttey Te Tu Thalley,Naseebo Lal,['sufi'],0.783,0.941,1,-1.06,1,0.0346,0.446,0.0,0.0633,0.966,106.054,272271,4,2,Instrumental Calm
2vdBo4ALPYbHRUPKgtE5iC,ghostin,Ariana Grande,[],0.287,0.364,9,-8.295,1,0.0306,0.418,1.8e-05,0.185,0.11,103.777,271467,4,1,Dance Party
2vmOTyAfEoguzQ7SnXpjCY,"Thendral Varum (From ""Friends"")",Hariharan,['ghazal'],0.671,0.52,4,-11.07,1,0.218,0.314,1.59e-06,0.0825,0.778,150.006,356310,4,2,Instrumental Calm
2vpnnprt3cUl9U8XeOiWh0,Allah Muhammad Char Yaar,Nusrat Fateh Ali Khan,['sufi'],0.445,0.616,2,-12.135,1,0.0685,0.475,0.0,0.863,0.733,109.109,907993,4,3,Acoustic Chill
2vsuel3g4zaLYSOY0mOMbi,Bad Luck,Khalid,[],0.432,0.52,1,-5.515,0,0.0548,0.277,0.371,0.138,0.303,164.047,231653,4,2,Instrumental Calm
2vt4uC35tqrRzNMsuWBVwv,"Malavalli Maavana Magane - From ""Odeya""",Kailash Kher,['sufi'],0.718,0.914,11,-4.243,1,0.346,0.0885,0.0,0.22,0.704,169.986,237355,4,2,Instrumental Calm
2vxvnZkEKqaOofnvBedVX1,Kelu Ranga Kelu,Shweta Pandit,['bollywood'],0.674,0.64,7,-8.306,0,0.0922,0.141,2.05e-05,0.125,0.449,135.025,248667,4,2,Instrumental Calm
2w0poWshjtaNE3iylXApHz,Kurti Vich Dang - Allah Rakha,Naseebo Lal,['ghazal'],0.45,0.945,10,-4.716,0,0.18,0.17,0.00772,0.207,0.826,97.333,289845,3,0,Energetic Happy
2w4RzSF3QiihtRFQpXSKZA,Yeh Shab-e-Firaq,Parvez Mehdi,['ghazal'],0.555,0.546,3,-9.583,1,0.0377,0.904,0.0558,0.156,0.603,123.913,417399,3,1,Dance Party
2wYU1wsKsblkETz8qKbq7k,"Kya Sach Hai Kya Jhoot Hai (From ""Tyaag Patra"")",Jagjit Singh,"['ghazal', 'sufi']",0.414,0.528,7,-10.958,1,0.0382,0.898,0.0163,0.376,0.67,128.768,400067,3,1,Dance Party
2wbYxg5dga0wNbwbFsf26r,Bindy Oey Bindy,Noor Jehan,['ghazal'],0.605,0.786,5,-9.637,1,0.0515,0.716,0.000661,0.424,0.901,118.62,253213,4,0,Energetic Happy
2wi8pAa1ceXtFmdwJ91zVa,Kare Badra,Habib Wali Muhammad,['ghazal'],0.6,0.441,5,-12.791,1,0.056,0.949,0.000169,0.117,0.798,79.569,330413,4,1,Dance Party
2wppB7078ECY6qsRhIyAYV,Ho Ya Ho Ganaraya,Anup Jalota,['ghazal'],0.606,0.679,6,-11.804,1,0.0889,0.383,0.0,0.106,0.65,107.009,310573,4,2,Instrumental Calm
2wwSiBpTD5pPKaQsJ3T9Vu,Just (ABGT366),Lane 8,['pop'],0.701,0.527,9,-16.563,0,0.0344,0.308,0.94,0.109,0.273,122.962,198042,4,4,Rap / Spoken
2xAIe10skM4MzbzqSrRYAE,Angrai Peh Angrai Lehti Hai,Nusrat Fateh Ali Khan,['sufi'],0.44,0.628,0,-6.982,0,0.0777,0.729,0.0,0.285,0.557,115.053,926245,4,0,Energetic Happy
2xEntaV4jyRBLWNvymVyFk,Balo Batiyan Ve,Atta Ullah Khan Esakhelvi,['qawwali'],0.366,0.48,10,-9.786,0,0.0463,0.982,0.0275,0.296,0.478,170.428,364747,3,1,Dance Party
2xLMifQCjDGFmkHkpNLD9h,SICKO MODE,Travis Scott,[],0.834,0.73,8,-3.714,1,0.222,0.00513,0.0,0.124,0.446,155.008,312820,4,2,Instrumental Calm
2xiieEDYaAjE43d5W9rbe8,Mere Intezaar Karna,Nusrat Fateh Ali Khan,['qawwali'],0.463,0.647,10,-10.171,1,0.04,0.181,4.82e-06,0.303,0.835,110.35,594927,4,0,Energetic Happy
2y5nVgj5Fg1wEC2wBL8Mvm,Dam Mast Qalander,Nusrat Fateh Ali Khan,['qawwali'],0.424,0.869,3,-4.411,0,0.0376,0.331,0.00227,0.428,0.917,152.322,383805,4,0,Energetic Happy
2yECCjGoBa7i9HnXaPHr6q,Ranga Bandhano,Shankar Shambhu Qawwal,['qawwali'],0.428,0.442,0,-10.089,0,0.0533,0.579,0.0,0.0537,0.784,104.947,304562,4,1,Dance Party
2yLY7AgmAmhEnbEmxcYuZk,Dil Humne De Diya,Lata Mangeshkar,['bollywood'],0.475,0.67,9,-9.159,1,0.0742,0.871,0.00412,0.142,0.76,96.572,205573,4,0,Energetic Happy
2yLy4mD9TIHOzHKn3gOhuw,She Will Be Loved,Maroon 5,[],0.699,0.665,0,-7.585,0,0.03,0.0535,0.0,0.143,0.571,102.034,258133,4,2,Instrumental Calm
2yNzsfEvWBQQqwtpjAHmYq,Kadi Aa Mil Ranjhan Ve,Naseebo Lal,['sufi'],0.642,0.813,3,-5.477,1,0.0468,0.182,4e-05,0.0965,0.936,138.039,265979,4,2,Instrumental Calm
2ySKZHHUDJporigVg4ok82,Fox On The Run,Touch Of Joy,['pop'],0.553,0.86,2,-8.801,1,0.0465,0.00144,0.0141,0.103,0.961,128.988,208093,4,2,Instrumental Calm
2ycL1Xjcx7wgS2aBRyIeQZ,Raja Jaani Tumhari Khair Nahin,Mohammed Aziz,['bollywood'],0.327,0.785,0,-7.402,0,0.305,0.793,3.68e-06,0.337,0.796,193.265,377960,3,0,Energetic Happy
2yg9UN4eo5eMVJ7OB4RWj3,Survival,Drake,[],0.607,0.596,9,-9.09,0,0.358,0.133,0.0,0.123,0.149,77.324,136187,4,2,Instrumental Calm
2yv0Fs3wFE5Kc00U52hFKb,Ishq Hularey,Zain Zohaib,['qawwali'],0.534,0.648,10,-7.745,0,0.194,0.197,1.03e-06,0.143,0.756,170.062,318720,3,2,Instrumental Calm
2yy9ZSpLqwccVks8Esxox3,"Khune Thi Khune Thi - From ""Aum Mangalam Singlem""",Sachin-Jigar,['bollywood'],0.682,0.563,11,-10.423,1,0.0294,0.403,0.000502,0.24,0.52,115.95,341379,4,2,Instrumental Calm
2yyhsrFD2EtWDOGW6bLPJG,"Gori Tu Latth Maar (From ""Toilet - Ek Prem Katha"")",Sonu Nigam,['bollywood'],0.451,0.674,2,-11.011,1,0.0967,0.052,1.74e-05,0.0531,0.367,116.999,238790,4,2,Instrumental Calm
2z33Arq4XKHDZi7MHTCV3Q,Love On The Brain,Rihanna,[],0.509,0.637,4,-4.83,0,0.0471,0.0717,1.08e-05,0.0709,0.378,172.006,224229,3,2,Instrumental Calm
2z6NyYnswMFV3cq3Hyd52O,Mainu Chadh Ke Kali Nu,Nusrat Fateh Ali Khan,['qawwali'],0.443,0.81,8,-6.239,1,0.107,0.212,0.0,0.472,0.753,109.183,887263,4,0,Energetic Happy
2zUTvge7SjvAgsw57UGMmv,Bhoola Hai Agar,Rahat Fateh Ali Khan,['qawwali'],0.714,0.633,8,-15.721,1,0.0511,0.358,7.2e-05,0.502,0.91,124.113,620016,4,2,Instrumental Calm
2zUk6jnsKbePS2NwdtXA68,Pray - MK Remix,Sam Smith,[],0.791,0.802,11,-6.946,0,0.0429,0.0029,0.0237,0.0374,0.664,123.985,382042,4,2,Instrumental Calm
2zWVaccsjyLP7E5yWoHj6n,Yaad Karo Tum,Shahid Ali Khan,['qawwali'],0.603,0.729,11,-6.679,0,0.127,0.723,0.011,0.125,0.959,191.922,261447,1,0,Energetic Happy
2znZ1hcKEk17mQVvrlvMOn,Balma,Javed Bashir,['qawwali'],0.473,0.556,5,-8.384,1,0.0553,0.757,0.000437,0.0817,0.576,79.631,395668,4,1,Dance Party
2zp7bRYXXDUg7tZpSMPTxb,"Sorry, I...",AAA,['pop'],0.645,0.756,11,-5.919,1,0.116,0.00694,0.0,0.154,0.411,128.002,219147,4,2,Instrumental Calm
2zwYt5ptzqnkQpJGQ4mVoa,Chadariya Jhini Re Jhini,Anup Jalota,['bollywood'],0.416,0.702,2,-9.091,1,0.0386,0.691,0.000246,0.106,0.885,156.36,683604,4,0,Energetic Happy
2zybCqB8d5Ug7K9FV7wO9H,Suno Suno Ban Ke Prani,Shanta Apte,['bollywood'],0.593,0.102,6,-16.694,0,0.0642,0.994,0.636,0.172,0.748,69.083,185453,4,4,Rap / Spoken
300YCDqANfeX9xxzlCfL87,Maie Ke Dil Mamta Ke Dariya,Anup Jalota,['ghazal'],0.462,0.696,2,-6.561,1,0.0506,0.651,0.00745,0.346,0.728,88.056,310413,4,0,Energetic Happy
300gynUg8s4jjlWksmSjHB,Mohan Mujhe Banale Apni Bansuriya,Anup Jalota,['ghazal'],0.465,0.901,7,-2.091,1,0.0867,0.393,0.0,0.218,0.945,110.8,316839,4,0,Energetic Happy
30DnQCN64v8xBpGZpLgb6l,Everyday Is Christmas,Sia,[],0.553,0.512,0,-6.216,0,0.0285,0.039,6.3e-06,0.103,0.205,148.074,203667,3,2,Instrumental Calm
30K8R3fFFvONm0cPhukuAJ,Veysel Karani,Ahmed Şahin,['sufi'],0.563,0.401,11,-9.592,0,0.0327,0.761,0.0,0.503,0.57,89.939,290133,4,1,Dance Party
30SLVsboRGtYce0RrXHPLI,Swami Samarth Mahamantra Haa,Lata Mangeshkar,['bollywood'],0.454,0.505,6,-6.11,1,0.0339,0.681,0.0,0.0976,0.565,127.814,616860,3,1,Dance Party
30SR7XdLIIpiecEVP3psPB,Jet Blue Jet,Major Lazer,[],0.809,0.785,11,-5.219,1,0.104,0.0864,0.0292,0.0373,0.801,127.96,199147,4,2,Instrumental Calm
30dTsIbEuISrnDeeE0BKp1,Hangover,Maluma,[],0.857,0.831,10,-2.593,0,0.138,0.11,1.23e-06,0.281,0.779,97.98,241707,4,2,Instrumental Calm
30pYFAiERk0tbbjGp1jj4x,"Jai Jai Satyanarayan Swami (From ""Shree Satyanarayan Vrat Katha"")",Anuradha Paudwal,['ghazal'],0.418,0.845,11,-4.083,1,0.0507,0.684,0.0,0.106,0.894,90.734,439798,4,0,Energetic Happy
30pbGWbE95flAt5Ud9EGUT,"Tumhen Husn De Ke Khuda Ne, Pt. 2",Manna Dey,['bollywood'],0.433,0.409,2,-12.796,1,0.25,0.992,0.238,0.32,0.701,143.275,211463,4,1,Dance Party
30up8tkVbofpzhZJRx6gr9,你是我一生最爱的人,金莎,['pop'],0.348,0.261,11,-10.453,1,0.0389,0.631,0.0,0.101,0.267,167.636,296250,3,1,Dance Party
30yEHItpJLi6JlHMpa9xE7,Hanju Akhiyan De Vehre Vich - Complete Original Recording,Nusrat Fateh Ali Khan,['qawwali'],0.466,0.829,3,-11.17,0,0.0653,0.178,0.0,0.178,0.791,113.916,1003721,4,0,Energetic Happy
314gi4w3RdZxlocdWw0Khr,Paradise - Live In Buenos Aires,Coldplay,[],0.189,0.872,5,-6.616,1,0.051,0.00193,0.0187,0.898,0.19,138.661,419373,4,0,Energetic Happy
319c5MYzJ2RmX7Xa3602Ag,Main Aqa Tera Dar Mangna,Rahat Fateh Ali Khan,['qawwali'],0.547,0.737,4,-3.871,1,0.0569,0.694,0.0,0.0769,0.758,87.734,471876,4,0,Energetic Happy
31Brc3VrDjQAEImlA0uUZS,Mele Ni Vichhhar Jana,Nusrat Fateh Ali Khan,['qawwali'],0.362,0.728,2,-4.974,1,0.131,0.338,0.0,0.569,0.625,104.082,1062742,4,0,Energetic Happy
31KRxAgUOZBrZo8tOhKfvv,Sab Maaya Hai,Atta Ullah Khan Esakhelvi,['qawwali'],0.486,0.909,1,-5.073,1,0.209,0.564,0.000335,0.208,0.831,173.767,345640,4,0,Energetic Happy
31OqWK8Lc6GnUbnLG3GqPX,Happier - Breathe Carolina Remix,Marshmello,[],0.691,0.924,0,-3.839,1,0.0577,0.00828,3.8e-06,0.402,0.34,125.983,158095,4,2,Instrumental Calm
31UjYv5vLsDkzchJOtUMtW,HP,Maluma,[],0.837,0.791,4,-3.157,0,0.0773,0.252,1.14e-06,0.188,0.618,91.98,184436,4,2,Instrumental Calm
31VYHvJcCpZrTXpzZqCERF,Allah Hi Jane Kaun,Aziz Mian,['qawwali'],0.487,0.541,10,-13.176,0,0.543,0.76,0.0,0.749,0.687,135.088,1066840,3,3,Acoustic Chill
31rOPFFrOs33oQcfBKaUPe,Promises (with Sam Smith) - MK Remix,Calvin Harris,[],0.728,0.912,1,-6.047,1,0.0409,0.0109,0.309,0.0493,0.801,122.975,259253,4,2,Instrumental Calm
31voQLZT0j8hrp8SUXekK4,Tell Me You Love Me - Matrix & Futurebound Remix,Demi Lovato,[],0.375,0.85,3,-3.193,0,0.0507,0.00272,0.0,0.0596,0.438,171.941,208107,4,0,Energetic Happy
329vJxVOWmYuiKNXbtw8LR,Wo Mustafa Ki All Hai,Chhote Majid Shola,['qawwali'],0.721,0.509,6,-11.74,1,0.0548,0.162,0.0,0.31,0.848,126.559,1023383,3,2,Instrumental Calm
32ZLb98k4VDVtqtfKRQuK4,I'll Never Fall In Love Again,Dionne Warwick,['pop'],0.668,0.404,1,-11.166,1,0.0403,0.706,0.000367,0.0933,0.791,136.95,174880,4,1,Dance Party
32dY8UpNlbKi5pcrdCQU5E,Band Honton Se,Noor Jehan,['ghazal'],0.389,0.354,2,-9.556,1,0.0495,0.908,0.0,0.0578,0.478,174.921,210920,3,1,Dance Party
32eYpIG6WubD7P7YuzSF1Y,Pani Mein Meen Pyasi,Anup Jalota,['bollywood'],0.37,0.8,11,-7.037,1,0.0527,0.561,2.67e-05,0.365,0.947,176.839,240640,4,0,Energetic Happy
32jKT1AQ7tvFqJkrMQxPbS,Sabir Sabir Bol,Sabri Brothers,['qawwali'],0.455,0.652,6,-10.78,1,0.0482,0.101,0.0,0.352,0.853,188.576,490475,4,0,Energetic Happy
32kFKvBkdeHWYzY45WfkkS,"Har Kisiko Nahin Milta Yahan Pyar - From ""Janbaaz""",Manhar,['bollywood'],0.559,0.73,9,-9.797,0,0.0435,0.377,0.29,0.247,0.657,104.692,306680,4,2,Instrumental Calm
32lItqlMi4LBhb4k0BaSaC,Candy Paint,Post Malone,[],0.67,0.654,4,-5.944,1,0.153,0.627,1.02e-06,0.071,0.438,180.024,227533,4,2,Instrumental Calm
32r6d8S2OHMq9wPHq6Ssoq,Sister and Brother - Work in Progress Mix,Midge Ure,['pop'],0.545,0.926,5,-7.209,0,0.0318,0.22,0.0513,0.326,0.919,92.479,366893,3,0,Energetic Happy
33ACl3YYSLzuYJdWLjpXP5,Khair,Zain Zohaib,['qawwali'],0.539,0.645,1,-6.94,1,0.132,0.241,1.81e-06,0.088,0.675,180.018,232167,4,2,Instrumental Calm
33BXGUv6zf6T9ip9lmZLlk,Mast Nazron Se Allah Bachaye,Rahat Fateh Ali Khan,"['sufi', 'qawwali']",0.475,0.797,1,-4.886,1,0.0653,0.371,3.56e-05,0.07,0.668,119.854,453053,4,0,Energetic Happy
33H3Cr0j0mIHArHGTMypOJ,Shehar Sansaan Hai,Abida Parveen,['ghazal'],0.272,0.354,11,-11.461,0,0.0693,0.778,0.00062,0.163,0.346,80.655,611515,4,1,Dance Party
33IOhptvC2Qoy2UhjiHXLV,Flames,David Guetta,[],0.609,0.726,5,-4.346,0,0.0414,0.0723,8.45e-06,0.0895,0.362,93.958,195000,4,2,Instrumental Calm
33OtMBZG1jtw2xmUREHwc1,Mevla Görelim Neyler,Mehmet Kemiksiz,['sufi'],0.542,0.508,10,-4.723,1,0.0303,0.786,7.52e-06,0.0833,0.567,115.938,204000,4,1,Dance Party
33VYoo3PVPDgaPeqMCcr2b,Mor Jiboner Duti Rati,Kumar Sanu,['bollywood'],0.484,0.335,2,-12.131,0,0.0304,0.698,0.0,0.136,0.488,145.355,281337,3,1,Dance Party
33fcXyFTIUXMNSH6P1AO1T,Mujhe Mil Jayegi Unki Umariya,Anil Biswas,['bollywood'],0.484,0.275,10,-10.258,1,0.0691,0.962,1.82e-05,0.285,0.756,125.379,189382,4,1,Dance Party
34N3PEtCN0KRt1KEivUPZW,Yaar De Rahwan Wich,"Sher Ali , Mehr Ali Qawwal",['qawwali'],0.591,0.656,6,-14.998,1,0.0845,0.451,6.43e-06,0.137,0.829,154.466,961347,3,3,Acoustic Chill
34NC79bMJeggXSNUyleyOw,Taluni Gele Pudhe,Suresh Wadkar,['bollywood'],0.689,0.357,5,-11.429,1,0.0381,0.0695,2.37e-05,0.146,0.813,131.356,409183,1,2,Instrumental Calm
34R7ONHsFZsP5XBivv5JRU,Dil Neeven Ralda Sadey Naal,Atta Ullah Khan Esakhelvi,['qawwali'],0.626,0.705,1,-11.903,0,0.0804,0.261,0.016,0.171,0.704,104.027,344259,4,2,Instrumental Calm
34V0WLyHiYeg7PuIO1jyNY,Zikre Ulfat Jab Chala,Chandan Dass,['ghazal'],0.573,0.389,3,-16.581,0,0.0362,0.831,0.0141,0.0789,0.647,121.73,413000,1,1,Dance Party
34hfPR0prcim3MbctNqQuw,Data Saheb De Daware,Nusrat Fateh Ali Khan,['sufi'],0.522,0.572,0,-9.081,0,0.118,0.908,0.0105,0.433,0.693,114.531,883827,4,3,Acoustic Chill
34vqRpTJi3UVtWJmMvNysI,Hey Gobind Hey Gopal,Jagjit Singh,['ghazal'],0.341,0.121,8,-20.093,1,0.0284,0.837,0.0,0.0626,0.17,101.814,496667,3,1,Dance Party
34xP9Y2L9EodNBBRr0ji9B,Dil Hik De Zor Te Lena - Maakha Jatt,Naseebo Lal,"['ghazal', 'sufi']",0.674,0.942,0,-2.981,1,0.0732,0.359,0.00483,0.477,0.96,80.025,315880,4,0,Energetic Happy
355Bn40mwT6xcZgz3ZnQQV,Hibi Jibi Song,Nikhita Gandhi,['bollywood'],0.404,0.486,2,-7.442,1,0.0326,0.868,0.000136,0.29,0.736,148.141,156372,4,1,Dance Party
35KNprMmuSIYgV4c8h213u,Mar Gaye Soneye,Mika Singh,['bollywood'],0.565,0.901,6,-5.466,0,0.105,0.438,1.45e-05,0.0994,0.78,192.046,265998,4,0,Energetic Happy
35KV2Nuib6jPMVN00O8iba,No Mistakes,Kanye West,[],0.643,0.646,10,-2.442,0,0.0629,0.0393,0.0,0.109,0.35,80.174,123040,4,2,Instrumental Calm
35y8PW6LkMOZ8CJZGCXOUD,เติมฝัน,Viyada Komarakul Na Nakorn,['pop'],0.787,0.419,0,-13.442,1,0.0275,0.753,5.61e-06,0.225,0.639,97.965,201000,4,1,Dance Party
35zWpeXJ71mprm8V9GOHpV,This Feeling - Tim Gunter Remix,The Chainsmokers,[],0.415,0.859,10,-3.809,0,0.0803,0.00611,0.00502,0.087,0.291,105.062,224013,4,0,Energetic Happy
364P0AL9pCQt13pJNz6O5M,Islam Bacha Aaki Han,Atta Ullah Khan Esakhelvi,['qawwali'],0.596,0.377,6,-14.782,1,0.0421,0.787,0.125,0.0861,0.668,137.12,705333,4,1,Dance Party
36B9dk6c4tCR9nhz8jrWHT,"Mose Mera Shyam Rootha - From ""Johny Mera Naam""",Lata Mangeshkar,['bollywood'],0.353,0.588,4,-8.786,1,0.0582,0.702,0.0,0.119,0.875,145.686,338293,3,0,Energetic Happy
36NPMpX1GcG58lbe1H3JQu,"Puchho Na Yaar Kya Hua - From ""Zamaane Ko Dikhana Hai""",Asha Bhosle,['bollywood'],0.585,0.609,5,-6.371,1,0.0356,0.805,0.00155,0.191,0.64,102.407,368667,4,1,Dance Party
36YowBQ0wwINlu406qFiuo,l. Iftitáhiyya (Preludio) As-Salátu,Omar Metioui,['sufi'],0.257,0.0776,1,-17.589,0,0.0464,0.84,0.0,0.158,0.241,90.522,123920,4,1,Dance Party
36ljZfF2yXyczWANEgv9LQ,Jane Wafa Jane Jahan,Lata Mangeshkar,['bollywood'],0.302,0.517,5,-11.202,1,0.0468,0.973,0.866,0.43,0.614,77.464,432009,3,4,Rap / Spoken
373uG35XXlKqzLBsdgc5mU,Jaavin Na Mera Dil Torh Ke,Rahat Fateh Ali Khan,['sufi'],0.792,0.553,9,-7.474,0,0.172,0.0219,0.0,0.0958,0.698,91.071,249426,4,2,Instrumental Calm
374iA7aY6LstovLWSdFSPR,Tell Me You Love Me - NOTD Remix,Demi Lovato,[],0.61,0.768,6,-4.716,1,0.062,0.0519,0.0,0.0817,0.738,102.222,181893,4,2,Instrumental Calm
37602edxOs0SmIG83QEIYp,Siri Mandira,Anup Jalota,['ghazal'],0.733,0.514,8,-10.993,1,0.0684,0.853,2.23e-05,0.247,0.931,104.948,247693,3,1,Dance Party
376Gg7Oxo5C5jUWDWpVXeI,Where Were You In The Morning?,Shawn Mendes,[],0.716,0.519,7,-7.472,1,0.0554,0.554,0.0,0.0993,0.466,87.963,200600,4,2,Instrumental Calm
37DbUCWjDK38koYlVqeLjs,Aie Mere Mehboob Meri Zindagi - Pt. 2,Salma Agha,['bollywood'],0.236,0.293,7,-12.844,0,0.034,0.982,0.0807,0.199,0.174,100.109,197627,1,1,Dance Party
37GGAxAnOT9a9DaYWFUf2d,...Ready for It?,Taylor Swift,[],0.618,0.774,2,-6.459,1,0.173,0.0593,0.0,0.188,0.407,160.093,206000,4,2,Instrumental Calm
37JjFmpPloSOdcjAnbZpkc,Kal O Kaun Si Tere Naal,Atta Ullah Khan Esakhelvi,['sufi'],0.631,0.598,3,-6.692,1,0.0459,0.88,4.38e-05,0.155,0.632,118.791,272187,4,1,Dance Party
37L9lpOweL2PcMWtFhF8Ce,Denim Jacket,Maroon 5,[],0.781,0.628,1,-5.34,1,0.0668,0.161,0.0,0.0917,0.288,117.992,232551,4,2,Instrumental Calm
37VxyrOiU6wIkCy2PJurVQ,Tomay Jodi Na Pai,Kumar Sanu,['bollywood'],0.717,0.794,9,-7.725,0,0.0412,0.689,0.000139,0.0948,0.539,111.89,348720,4,2,Instrumental Calm
37jdkk3avI9be8GQ3JFUBp,Chan Dya Totia,Noor Jehan,['ghazal'],0.566,0.678,5,-3.708,0,0.103,0.847,0.0126,0.335,0.825,69.608,181825,4,0,Energetic Happy
37lzNf9Ylt8JXZcBk1yuCD,Move Your Body Now,Shaan,['bollywood'],0.839,0.96,7,-5.678,1,0.0733,0.122,0.0,0.0439,0.881,115.029,246632,4,2,Instrumental Calm
3882XKvhDQQvfwnbv3jOFU,&burn (with Vince Staples),Billie Eilish,[],0.783,0.362,9,-9.98,0,0.272,0.245,0.00125,0.0995,0.348,82.506,179013,4,2,Instrumental Calm
38YSEil3QR7cWlAGnGofhE,Naaku Neeku,Kunal Ganjawala,['bollywood'],0.823,0.856,9,-5.925,1,0.0684,0.0382,0.000135,0.025,0.703,121.04,325212,4,2,Instrumental Calm
38gDoPWtjvGVqq2Mae0CWT,Khali Jaam Liye Baithe Ho,Pankaj Udhas,['ghazal'],0.637,0.281,10,-16.457,1,0.0304,0.818,0.00816,0.109,0.631,112.909,354067,3,1,Dance Party
38m4um69dYqyDZjQISk69T,до конца - Speed Up,pavluchenko,['pop'],0.673,0.653,7,-8.088,0,0.21,0.304,0.0,0.154,0.156,87.687,158962,4,2,Instrumental Calm
38w6w5EODXD0tVQkIhLH2A,Jadon Lagni Ishq Di Lagdi,Naseebo Lal,['sufi'],0.664,0.534,6,-12.15,1,0.0411,0.557,8.7e-05,0.279,0.835,78.473,444685,4,1,Dance Party
38wNRRZ0O7sSF3LWjmrumL,Unse Hi Unki Mulaqat Ho Gayi,Nusrat Fateh Ali Khan,"['sufi', 'qawwali']",0.459,0.584,5,-5.418,0,0.102,0.755,0.0,0.458,0.676,77.749,720589,4,0,Energetic Happy
394QnsjxanQcjp5JI8Bn7C,Dirty Sexy Money (feat. Charli XCX & French Montana) - GLOWINTHEDARK Remix,David Guetta,[],0.722,0.885,6,-4.838,1,0.11,0.0291,1.56e-05,0.0508,0.944,159.961,183214,4,2,Instrumental Calm
396HHpPcRVw1I5NjhKg8BI,Sleepless,deadmau5,['pop'],0.434,0.658,1,-7.233,1,0.045,0.0368,0.0458,0.0972,0.52,56.971,252707,4,2,Instrumental Calm
397jW1qxX2HiisFXxq4CAb,Amar Hiyar Majhe,Abhijeet,['bollywood'],0.586,0.461,8,-5.682,0,0.0271,0.522,0.0,0.0804,0.358,139.99,262802,3,1,Dance Party
39F34A33OUMzc51MqkNqdp,Ainwen Ni Duniya Kehndi,Qari M. Saeed Chishti,['qawwali'],0.558,0.836,5,-7.601,0,0.0582,0.428,0.00463,0.379,0.915,108.723,590199,4,0,Energetic Happy
39FB4icuFBNhYBcOJ96SR4,Main Tenu,Rahat Fateh Ali Khan,"['bollywood', 'qawwali']",0.62,0.53,3,-3.859,1,0.0277,0.423,0.0,0.114,0.434,101.991,286952,4,2,Instrumental Calm
39IOotIWjx9MutBI3wtVmK,Vaikasi (From Ananda Poonkaatrae),Hariharan,['ghazal'],0.364,0.689,7,-12.005,1,0.129,0.0182,8.62e-06,0.717,0.422,150.386,89400,3,0,Energetic Happy
39NO9xEeTqC0N5Ry79fDyb,Dharti Kali,Shazia Manzoor,['sufi'],0.771,0.779,11,-10.964,0,0.0632,0.00146,0.428,0.325,0.871,119.98,278973,4,2,Instrumental Calm
39PnBKkv0wf2u7YE2cnTqx,Ni Main Jana Jogi De Naal,Nusrat Fateh Ali Khan,['sufi'],0.501,0.373,7,-16.768,0,0.103,0.48,4.41e-06,0.431,0.612,134.357,1634080,4,3,Acoustic Chill
39SV1ZPxNslV964fAMUehe,Teri Doli Uthan Ton Pehlan,Naseebo Lal,"['ghazal', 'sufi']",0.704,0.45,1,-11.41,0,0.0379,0.027,0.0,0.212,0.566,128.005,525376,4,2,Instrumental Calm
39bBdOatvVUhZ4425JXdit,Khooni Akhiyan,Nusrat Fateh Ali Khan,['qawwali'],0.641,0.97,10,-3.213,0,0.108,0.000293,8.6e-06,0.237,0.558,100.0,289747,4,2,Instrumental Calm
39n0kEYtth7AhXgRDSjboa,Shri Ganesh Aarti,Suresh Wadkar,['bollywood'],0.762,0.575,9,-7.421,0,0.0604,0.343,0.0,0.234,0.847,146.514,191560,3,2,Instrumental Calm
39uNkIgJIaZp9nVvRsh2nQ,Main Rahoon Ya Na Rahoon,Armaan Malik,['bollywood'],0.55,0.488,6,-8.059,1,0.0284,0.718,0.000118,0.126,0.301,136.025,309458,3,1,Dance Party
39yFXaukVKliOgXzTIqjkd,Boliyan,Shaukat Ali,['sufi'],0.658,0.509,10,-16.108,1,0.0378,0.515,0.00618,0.79,0.908,119.154,302000,4,1,Dance Party
3A17VzrjUrbbvNywoJB75D,"Dohchay (From ""Dohchay"")",Shalmali Kholgade,['bollywood'],0.798,0.499,10,-7.919,0,0.0546,0.0382,0.000228,0.176,0.337,130.018,203094,3,2,Instrumental Calm
3A348AU1fvDklGI4TWsZbE,Haal-E-Dil,Rahat Fateh Ali Khan,['qawwali'],0.442,0.662,8,-7.291,1,0.0412,0.0639,0.000814,0.0965,0.376,80.377,457329,4,0,Energetic Happy
3A3WeTXwwwwcpE2Vv7dpC3,Oh Dilruba,Hariharan,['ghazal'],0.681,0.407,0,-12.935,0,0.0596,0.304,1.22e-05,0.692,0.536,133.856,327001,4,1,Dance Party
3AEarInbES7qJNcJkE1Lz1,Menoon Yaar Manaonoon Fursat Nahin,Nusrat Fateh Ali Khan,['qawwali'],0.44,0.738,1,-7.315,1,0.0441,0.499,0.0,0.125,0.827,113.931,1042268,4,0,Energetic Happy
3AISCGqWZmb6UPxoYrXaA9,Better Now,Post Malone,[],0.686,0.579,10,-5.813,1,0.0442,0.334,0.0,0.135,0.352,145.051,231267,4,2,Instrumental Calm
3AhPPY71HMsjwGQdyhUdpR,The Mirror,Jang Hye Jin,['pop'],0.603,0.701,0,-3.911,0,0.0313,0.143,0.0,0.105,0.246,99.988,216920,4,2,Instrumental Calm
3Ajm6f4C9C70eIiouMDZur,Супердетка,Propaganda,['pop'],0.698,0.87,9,-6.838,0,0.0312,0.00456,0.000988,0.184,0.638,130.012,242707,4,2,Instrumental Calm
3AmyqAiHjCQXplihVPS0s5,Challa And Peer Tere Jaan Di Medley (Jhankar Beats),Gurdas Maan,['sufi'],0.55,0.948,11,-7.315,0,0.102,0.141,0.0,0.542,0.501,80.003,210398,4,0,Energetic Happy
3Ar1Pa1VyHpwNJ8xprxr9o,Pyar Ka Dose,Armaan Malik,['bollywood'],0.697,0.774,2,-2.638,0,0.0576,0.0369,1.01e-06,0.341,0.506,125.002,197760,4,2,Instrumental Calm
3AyHqeyqvmtkxgD4pBmve3,"Jab Bhi Chaheyn Ek Nayi Sorat Bana Letey Hain Log, Pt. 2",Mehdi Hassan,['ghazal'],0.535,0.243,5,-15.224,0,0.0338,0.866,0.000811,0.121,0.596,103.633,207438,4,1,Dance Party
3B3iPFx9ToeLqbUrxcb4yl,Karz Chukana Hai,Nitin Mukesh,['bollywood'],0.426,0.705,0,-6.901,0,0.0495,0.138,0.000116,0.578,0.545,113.188,339560,4,0,Energetic Happy
3B7XwSl6V0KfCWcy5S61rJ,Suno More Naina,Mubarak Begum,"['ghazal', 'bollywood']",0.471,0.388,3,-12.08,1,0.0455,0.989,0.882,0.109,0.701,135.268,176730,3,4,Rap / Spoken
3B8eh2v6qGmk6N6EjtSu28,Tera Hua,Atif Aslam,['sufi'],0.426,0.688,2,-5.25,1,0.0443,0.351,0.0,0.0998,0.239,118.586,214002,5,0,Energetic Happy
3BBZTlwjAvJ9hAqflu7wLq,Maan Mein Jyot Jagade,Kailash Kher,['bollywood'],0.402,0.658,11,-8.46,0,0.0928,0.548,0.0,0.346,0.571,86.224,559145,4,0,Energetic Happy
3BERM98uzP2orrHk96PPvS,Dil Cheez Kya Hai,Asha Bhosle,['bollywood'],0.459,0.652,11,-4.233,1,0.0406,0.887,1.48e-05,0.145,0.519,125.104,370027,4,0,Energetic Happy
3BhbLFCJPyU3ZjEwYQZTYi,Raja Lalkari Ashi De,Anuradha Paudwal,['ghazal'],0.408,0.438,8,-11.495,1,0.0362,0.94,0.0282,0.35,0.609,87.372,361400,4,1,Dance Party
3BhjbaGeI7E0CiIjctfdD3,Kar Gayi Chull,Badshah,['bollywood'],0.827,0.737,11,-5.473,0,0.0764,0.0316,0.000322,0.211,0.873,121.99,187711,4,2,Instrumental Calm
3BoEcN0aXoNjtlkI7qZ9O6,Niklo Na Benaqab,Pankaj Udhas,['bollywood'],0.539,0.563,11,-9.152,0,0.0395,0.714,0.006,0.102,0.723,84.491,436653,4,1,Dance Party
3BpeoLnvOecF7Igiohof69,Sakiya Jaye Kahan,Hariharan,['ghazal'],0.403,0.53,7,-14.074,1,0.0408,0.441,2.37e-06,0.67,0.569,105.753,390080,4,0,Energetic Happy
3BrZSQqcQDkkIjGdqT4MAg,Dil Naeen Ralda Sade Naal,Atta Ullah Khan Esakhelvi,['ghazal'],0.687,0.95,6,-5.882,1,0.0575,0.425,4.95e-05,0.32,0.821,105.08,425703,4,2,Instrumental Calm
3Bt4BUQi8NvW6Nk0THAvg1,Duggi,Himesh Reshammiya,['bollywood'],0.883,0.721,7,-10.206,1,0.196,0.399,2.65e-06,0.127,0.863,96.019,185000,4,2,Instrumental Calm
3ByuvhRtepRAmrUulOXD1u,Ik Phul Motiye Da (DJ Chino Remix),Arif Lohar,"['ghazal', 'sufi']",0.74,0.876,1,-4.096,0,0.138,0.025,0.0,0.116,0.784,94.976,263227,4,2,Instrumental Calm
3CA9pLiwRIGtUBiMjbZmRw,Nice For What,Drake,[],0.586,0.909,8,-6.474,1,0.0705,0.0891,0.000109,0.119,0.757,93.394,210747,4,2,Instrumental Calm
3CBqGmz9hzkm7K0nM4kfMp,Chithi Aai - E -,Shaukat Ali,['sufi'],0.659,0.794,10,-10.661,0,0.0365,0.342,4.74e-06,0.344,0.935,86.179,434627,4,2,Instrumental Calm
3CEzBw6WS79fjB0BrujvHL,Roshan Jamaal - E - Yaar,Abida Parveen,['ghazal'],0.466,0.25,7,-8.726,1,0.0281,0.834,3.68e-06,0.336,0.141,77.932,506827,3,1,Dance Party
3CHGsfjUZM0YzGer5pZGFb,Chalna Hai Tera Kaam - 2,Bappi Lahiri,['bollywood'],0.54,0.678,0,-7.376,1,0.0412,0.611,0.0,0.141,0.89,101.265,416227,4,0,Energetic Happy
3CUDHeeAzoAiVCv14B4Kuu,Dil Kanch Sa,Krishna Beuraa,['sufi'],0.527,0.606,5,-5.35,1,0.0491,0.403,0.0,0.35,0.534,77.919,389855,4,0,Energetic Happy
3CVVB4tLAEWPb2w2O8rYHj,Bandiya Jehan Diya,Sain Zahoor Ahmed,['qawwali'],0.569,0.569,11,-7.488,0,0.0302,0.833,5.57e-05,0.382,0.673,99.566,516423,4,1,Dance Party
3CZwxz4nIxmp5wJFn0YbEP,Mere Ram Sang Siya Dj Mix,Manoj Mishra,['sufi'],0.685,0.936,10,-7.898,0,0.0571,0.00965,5.06e-05,0.232,0.82,110.0,331635,4,2,Instrumental Calm
3CaRtlDoeSYJkfcYpcbqi6,Jis Simt Dekhon,Nusrat Fateh Ali Khan,['qawwali'],0.487,0.509,11,-11.864,1,0.0363,0.403,0.000496,0.0871,0.611,160.257,309533,3,1,Dance Party
3Cax92BlUU4TiJ0xnI6sXe,Data Ke Ghulam Ko,Nusrat Fateh Ali Khan,['qawwali'],0.429,0.537,10,-12.673,0,0.104,0.581,0.000545,0.307,0.786,94.874,846547,4,3,Acoustic Chill
3CeTplZwy80SaQwH2yhXhV,男子漢的愛,葉啟田,['pop'],0.666,0.372,11,-12.241,1,0.0359,0.644,0.0,0.147,0.708,122.704,223440,4,1,Dance Party
3CgTgHLI8qHAqLoZkz1BdQ,You Owe Me,The Chainsmokers,[],0.675,0.445,6,-8.317,0,0.0394,0.222,0.0,0.231,0.348,89.98,190013,4,2,Instrumental Calm
3Chv6MmF98OP9KJpGaHvqW,Girls Like You - WondaGurl Remix,Maroon 5,[],0.786,0.659,0,-4.554,1,0.0437,0.547,0.00025,0.177,0.204,124.978,215500,4,2,Instrumental Calm
3CjH6nReGbahLsTtK0g2Ee,Last Dance - Radio Edit,Avicii,[],0.519,0.822,0,-5.149,1,0.0362,0.000364,0.286,0.14,0.158,127.973,204375,4,2,Instrumental Calm
3CqT68zWwvcrY22UkhD67V,Can't Dance,Meghan Trainor,[],0.758,0.797,8,-2.861,1,0.0759,0.001,1.32e-06,0.526,0.719,106.947,180167,4,2,Instrumental Calm
3D3jD0B4v9fBhUOPacrPKX,Next To Me,Imagine Dragons,[],0.305,0.669,2,-4.438,1,0.0725,0.262,5.88e-05,0.0417,0.398,168.35,230541,3,0,Energetic Happy
3DC32LAuRjMRfDzGnG8wP8,Say My Name (feat. Bebe Rexha & J Balvin) - Lucas & Steve Extended Mix,David Guetta,[],0.744,0.639,1,-5.811,1,0.142,0.0113,0.0,0.047,0.596,119.992,236848,4,2,Instrumental Calm
3DEOuDzWj4lz26F9Ciw2Xd,La Canción,Zaira,['pop'],0.635,0.615,6,-6.064,0,0.111,0.108,0.0,0.159,0.556,99.634,198000,4,2,Instrumental Calm
3DIHOUXAvL0hwmNimXJ3ab,Aaj Rung Hai,Abida Parveen,['sufi'],0.394,0.765,5,-5.731,1,0.0524,0.447,0.0,0.292,0.438,101.377,522041,4,0,Energetic Happy
3DKpA54hrFIdPN6AtL9HXa,I'll Never Love Again - Film Version - Radio Edit,Lady Gaga,[],0.45,0.335,7,-7.464,1,0.0298,0.785,1.25e-06,0.0979,0.25,109.908,281235,4,1,Dance Party
3DSJb9I7f0zCoPwSlOXcnz,Dil Yaar Da Nazrana,Asif Ali Khan Santoo,['qawwali'],0.455,0.829,4,-7.778,1,0.0426,0.309,0.445,0.104,0.936,152.349,895987,4,0,Energetic Happy
3DhhQIPS8Z5jKx6uuxGWNp,"lV. Al-'Imára, Danza Sufí o Hadra (Éxtasis o Trance) Tab', al-Hiyáz al-Kabír: Muwwál 6, Ya Adilí Jalliní",Omar Metioui,['sufi'],0.526,0.183,6,-23.3,0,0.0479,0.34,0.00333,0.119,0.421,117.494,132267,4,1,Dance Party
3DoBTwfr8yi2LN08SBpFkN,Watch (feat. Lil Uzi Vert & Kanye West),Travis Scott,[],0.706,0.559,4,-5.216,0,0.0416,0.0372,0.0,0.379,0.252,78.534,217405,4,2,Instrumental Calm
3Du0FPUJX6XopyVJW8bwSk,Saadgi To Hamari,Nusrat Fateh Ali Khan,['qawwali'],0.48,0.901,8,-3.387,1,0.11,0.18,0.0,0.394,0.882,112.344,900016,4,0,Energetic Happy
3DyeC9k1Y36DHm7460iNVm,Din Jaye Din Aaye,Lata Mangeshkar,['bollywood'],0.377,0.36,1,-8.553,1,0.0291,0.857,0.0,0.279,0.596,149.684,321053,4,1,Dance Party
3E7fyHTEzrdnHnp8IxlGjy,Gurudev Aarti,Anuradha Paudwal,['ghazal'],0.547,0.839,1,-7.823,0,0.0545,0.71,0.0,0.439,0.71,96.404,271401,4,0,Energetic Happy
3EJwHh69AZVvVY62OhIsyI,Hau War War Jaun,Dilraj Kaur,['bollywood'],0.7,0.597,10,-5.894,1,0.0295,0.488,2.04e-06,0.0757,0.671,150.024,317933,4,2,Instrumental Calm
3ER5MBT0xHN35HfqZ72ICd,Yaara Seeli Seeli - Jhankar Beats,Akriti Kakar,['bollywood'],0.586,0.405,4,-14.494,1,0.0358,0.57,0.00613,0.228,0.495,77.973,253851,4,1,Dance Party
3ERJLifTcWBFNZRl6QAqEC,Adventure Of A Lifetime - Live In Buenos Aires,Coldplay,[],0.476,0.952,9,-5.472,0,0.0884,0.00297,0.013,0.777,0.275,111.98,306547,4,0,Energetic Happy
3EV46WLD97uco1MAiTLsNu,Diamond Heart - Syn Cole Remix,Alan Walker,[],0.594,0.784,0,-3.965,1,0.0358,0.041,0.0,0.145,0.36,109.904,194200,4,2,Instrumental Calm
3EkzlZQCOsG0MtEN93bKa6,Ye Vaada - Professor Pyarelal / Soundtrack Version,Mohammed Rafi,['bollywood'],0.433,0.497,4,-8.77,0,0.031,0.626,3.42e-05,0.232,0.538,143.637,288280,3,1,Dance Party
3ElVXy2j1Sp0eqMgpzK3n4,He Sharde Ma,Anup Jalota,"['ghazal', 'bollywood']",0.488,0.405,1,-9.199,1,0.0314,0.899,3.47e-06,0.0964,0.478,129.039,276667,3,1,Dance Party
3EqjA39dcSI2zQD5t2lrjl,Tassawar,Ali Baba Khan,['sufi'],0.435,0.618,10,-10.405,0,0.0647,0.119,0.000909,0.103,0.949,169.423,287373,4,0,Energetic Happy
3EyxG4Ww6Yo6Gsxv810Vf3,Dil Beqarar Hai Mera,C. H. Atma,['ghazal'],0.441,0.329,11,-11.719,0,0.0423,0.995,0.775,0.417,0.55,107.369,183733,4,4,Rap / Spoken
3F0cuyrbxJ82PMwUYH2jQU,Piya Re Piya Re - Remix,Nusrat Fateh Ali Khan,['qawwali'],0.721,0.842,9,-7.047,0,0.0736,0.363,3.11e-05,0.406,0.673,92.01,269794,4,2,Instrumental Calm
3F6mwAod7MSsiBpOgAkffu,Aami Banaphool Go,Kanan Devi,['bollywood'],0.439,0.398,3,-7.676,1,0.0314,0.986,0.081,0.117,0.639,75.645,202988,5,1,Dance Party
3FFPacjS6IuIVpf6ELyhUf,Tera Koi Nahi Rokan Hath,Sudha Malhotra,['ghazal'],0.62,0.4,5,-13.036,1,0.106,0.873,1.77e-06,0.12,0.84,153.425,297000,3,1,Dance Party
3FJC3LvTVtAZTqWZiLWMMr,Guru Sai Paramatma,Hariharan,['ghazal'],0.405,0.462,6,-8.508,1,0.0334,0.588,0.0,0.129,0.576,149.129,245580,4,1,Dance Party
3FNhIlb1fONI20QrBa1QQK,MARRY ME,Meghan Trainor,[],0.661,0.272,0,-8.829,1,0.0308,0.882,0.0,0.167,0.591,135.791,215982,4,1,Dance Party
3FS3ItpUATpALLi90uvkde,I Am In Love,Pritam,['bollywood'],0.702,0.694,2,-5.74,1,0.0286,0.685,5.96e-05,0.168,0.76,130.024,285109,4,2,Instrumental Calm
3FSg3rC5Tv8P43yPklXHSr,Senin Yolunda,Cahit Nazlı,['sufi'],0.383,0.741,3,-5.313,0,0.0378,0.744,1.59e-05,0.226,0.383,87.821,395128,4,0,Energetic Happy
3Fj47GNK2kUF0uaEDgXLaD,wish you were gay,Billie Eilish,[],0.85,0.353,7,-10.267,1,0.334,0.389,6.68e-06,0.8,0.329,118.071,221543,4,2,Instrumental Calm
3FjnHQgC6JkQhQJrh5sdEG,Dhalte Jaaye Shaam Ke Saaye,Ghulam Ali,['ghazal'],0.455,0.281,6,-17.853,1,0.0378,0.784,0.021,0.297,0.575,138.306,295600,3,1,Dance Party
3FkqINNKOhkMJSKti2tID4,O Gauri Maata,Sadhana Sargam,['bollywood'],0.395,0.698,8,-4.854,1,0.043,0.62,0.0,0.0469,0.806,149.711,664947,3,0,Energetic Happy
3FpguPt9mbTnTYxn2PXBu0,Us Ko Main Ne,Tahira Syed,['ghazal'],0.682,0.315,8,-13.519,1,0.0521,0.735,0.0194,0.0705,0.693,130.229,205187,4,1,Dance Party
3FuiJUWjFLDFLg7rslVxGb,Ranjha Yaar,Nusrat Fateh Ali Khan,['qawwali'],0.523,0.54,5,-14.781,1,0.0804,0.129,0.000153,0.277,0.591,111.79,225000,4,2,Instrumental Calm
3G3V7KPsezcUcyUiSNamJy,Best of Khan (Rahat's Tribute),Rahat Fateh Ali Khan,['qawwali'],0.535,0.804,11,-6.151,1,0.083,0.405,0.000307,0.228,0.853,135.482,500413,4,0,Energetic Happy
3GHw6FLsVcJ47EKXPXyWLz,Challa,Shaukat Ali,['sufi'],0.57,0.609,3,-11.005,1,0.0319,0.607,8.54e-05,0.139,0.83,143.46,467119,4,1,Dance Party
3GzoNhL0DP3waIzFMzBru3,Sochta Hoon Keh Woh Kitne Masoom Teh,Nusrat Fateh Ali Khan,['qawwali'],0.419,0.758,5,-7.974,1,0.0654,0.612,6.23e-05,0.583,0.674,122.156,1371476,4,3,Acoustic Chill
3H3plkVziFYZIj2B7aqNqz,Zamane Men Sabse Purani,Lata Mangeshkar,['bollywood'],0.454,0.449,7,-8.35,1,0.028,0.781,0.000382,0.25,0.5,106.678,420258,1,1,Dance Party
3H6ZVaiukqFOeskS73JSFX,Kab Yaad Mein Tera Saath Nahin,Nusrat Fateh Ali Khan,['qawwali'],0.518,0.635,8,-6.216,0,0.0367,0.698,0.0,0.201,0.53,97.069,548384,4,0,Energetic Happy
3HBd3AaCSrHMRTmpBWpe6Z,Do Din Ke Liye Mehman Yahan,Lata Mangeshkar,['bollywood'],0.493,0.252,7,-13.827,0,0.0321,0.995,0.942,0.084,0.552,106.138,194800,4,4,Rap / Spoken
3HCuopNPOdjd7PcV59BhAN,Fasloun Ko Takalluf,Alhajj Muhammad Owais Raza Qadri,['sufi'],0.509,0.597,0,-5.599,1,0.0658,0.82,0.0,0.2,0.43,131.334,528013,4,1,Dance Party
3HLi1XlPbj8o7AqUM0kVga,Vada Karlo Shyam - Shyam Bhajan,Anup Jalota,['ghazal'],0.671,0.836,6,-4.275,1,0.0714,0.39,3.52e-06,0.0651,0.746,78.033,247692,4,2,Instrumental Calm
3HR4tGtNJ5bEPgCA2OFk6M,"Na Kajare Ki Dhar (From ""Mohra"")",Pankaj Udhas,['ghazal'],0.51,0.683,0,-8.428,0,0.0404,0.667,1.06e-06,0.362,0.672,145.281,324253,4,0,Energetic Happy
3HhmC5erFUWU25JVWwZ8EX,Ye Eid Ka Din Aaya,Shazia Manzoor,['sufi'],0.425,0.413,6,-16.555,1,0.0626,0.979,0.669,0.606,0.723,168.079,381414,4,4,Rap / Spoken
3Hl9dLoIPrlOcFPWAOuMgs,Chalo Phir Se Muskurayen,Nayyara Noor,['sufi'],0.525,0.139,0,-14.738,1,0.0567,0.891,0.000558,0.052,0.542,157.983,220120,3,1,Dance Party
3HtS75Z597P1Hhx6HBgQ57,Lovin' You Anyway,Bobby Bare,['pop'],0.75,0.363,6,-10.981,1,0.0538,0.784,0.0,0.36,0.586,123.472,135440,4,1,Dance Party
3HwvmJY2R5mSkF9Hq2Kuqu,Na Tu Milsen Na Dukh Muksan,Atta Ullah Khan Esakhelvi,['qawwali'],0.729,0.595,6,-8.5,1,0.0483,0.236,0.0302,0.254,0.605,107.27,440289,4,2,Instrumental Calm
3I9N3M1IqkKpEkNio29LXB,I Have a Dream,Phương Vy,['pop'],0.533,0.366,10,-7.931,1,0.0294,0.863,2.61e-05,0.115,0.276,113.351,233628,4,1,Dance Party
3I9YgMWhzeTalq8BaJWqKS,Naseeb Ne Ki Bewafai - Divorce / Soundtrack Version,Usha Khanna,['bollywood'],0.305,0.363,1,-14.447,1,0.0367,0.825,3.98e-06,0.234,0.483,78.105,282507,4,1,Dance Party
3ING8Ta2ENqlFDhRxqwGY2,Gauri Ke Dulare,Anuradha Paudwal,['ghazal'],0.491,0.883,11,-2.345,0,0.158,0.34,0.0,0.252,0.823,179.928,416181,3,0,Energetic Happy
3ISINsZYIFxLmPKtgTsaS5,Josh-e-Junoon (Tuc Cricket Anthem),Ali Azmat,"['bollywood', 'sufi']",0.792,0.718,8,-6.1,0,0.0516,0.278,0.0,0.0864,0.549,128.011,195733,4,2,Instrumental Calm
3IXnvse2ZxPcQZgrZ3qgEr,Main Ashqon Mein Dubi Sada Kar Raha Hoon - Acapella,Arif Lohar,['ghazal'],0.374,0.179,6,-11.411,1,0.0378,0.905,0.0,0.201,0.359,93.518,256843,3,1,Dance Party
3IbpQimWfBXUuSlrCSadc7,Genius - Banx & Ranx Reggae Remix,Sia,[],0.558,0.841,11,-6.303,0,0.0912,0.0527,0.0,0.322,0.644,158.895,194880,4,2,Instrumental Calm
3IeudFbMIeugbxJjjJZ01m,Phir Mujhe Deeda-E-Tar Yaad Aaya,K. L. Saigal,"['ghazal', 'bollywood']",0.565,0.227,5,-9.971,1,0.229,0.992,0.0319,0.133,0.383,72.473,194720,3,1,Dance Party
3IspKZVbW5bv6ligebE2hX,Hik Tedian Yaaden,Atta Ullah Khan Esakhelvi,['ghazal'],0.65,0.737,6,-7.86,1,0.0521,0.311,3.13e-05,0.0978,0.902,83.573,402024,4,2,Instrumental Calm
3J989UXq2Qf1GMuvZhcoRC,Sandal Hai Tajwale,Abdul Habib Ajmeri,['qawwali'],0.644,0.89,10,-6.264,1,0.0633,0.461,0.0,0.214,0.961,157.436,416993,3,0,Energetic Happy
3J9vbxqvmwHmiWZUoQqAoz,La révélation,Kudsi Erguner,['sufi'],0.213,0.0401,4,-21.426,0,0.0529,0.995,0.752,0.108,0.596,64.577,712677,4,4,Rap / Spoken
3JKrvan7415Xb8O3G4RW1H,"Humnava Mere-Baarish (From ""T-Series Mixtape Season 2"")",Aditya Narayan,['bollywood'],0.245,0.513,4,-8.539,0,0.0449,0.737,3.57e-05,0.153,0.286,76.088,339725,4,0,Energetic Happy
3JRsajLzYliGLynAH9ipb5,"Gulabi 2.0 (From ""Noor"")",Amaal Mallik,['bollywood'],0.701,0.941,10,-5.978,0,0.039,0.02,7.65e-06,0.656,0.786,118.995,212237,4,2,Instrumental Calm
3JSjAQn6McTlc1M4urJ9jr,"Yello Hutti Yello Haridhu (From ""Anaatharu"")",Hariharan,['ghazal'],0.509,0.633,4,-11.537,1,0.107,0.265,0.0,0.215,0.647,174.004,306547,4,0,Energetic Happy
3JaXeJCxTpj23lbMcpVrKW,Mera Piya Base Pardes,Begum Akhtar,['bollywood'],0.375,0.348,4,-9.885,1,0.0531,0.992,0.384,0.121,0.581,87.916,180270,4,4,Rap / Spoken
3JtdgRC5kuqOF1Y6WZujGc,Jadon Yaar Gale Naal - Nagri Data Di,Naseebo Lal,['sufi'],0.717,0.848,0,-5.065,1,0.0451,0.108,0.00126,0.548,0.894,129.923,334827,4,2,Instrumental Calm
3JzIkgkQRwrqEkXCLoHzj7,Adhyay 13,Anuradha Paudwal,['ghazal'],0.503,0.445,4,-10.828,0,0.103,0.823,0.0,0.355,0.774,78.475,266610,4,1,Dance Party
3K01yfjGY0NslZrXkWVAtK,Siren,The Chainsmokers,[],0.588,0.779,4,-4.284,0,0.107,0.351,0.0114,0.371,0.264,150.015,174307,4,2,Instrumental Calm
3K6rkEQmk4aKxtwx4vB12n,Tera Noor,Vishal-Shekhar,['bollywood'],0.485,0.554,5,-8.88,1,0.0352,0.0752,0.00558,0.067,0.154,90.031,282791,4,2,Instrumental Calm
3KKWX2fYg6XsEB77RuomlH,Jaan-E-Bahaaraan,Ali Zafar,['sufi'],0.425,0.619,5,-6.959,0,0.0344,0.424,6.85e-06,0.108,0.472,121.131,348517,4,0,Energetic Happy
3KVO0m7i68VvbmJZ4n8TLr,Woh Mujh Se Hoe Humkalam,Farida Khanum,['ghazal'],0.481,0.303,5,-11.38,1,0.0326,0.975,0.0344,0.134,0.51,88.995,205360,4,1,Dance Party
3KZrtX5UKKVJPKc0SaCEPa,Bol Ri Gurya Bol,Nayyara Noor,"['ghazal', 'sufi']",0.444,0.359,3,-13.771,1,0.0457,0.943,0.222,0.873,0.669,140.821,274080,3,1,Dance Party
3KcH3ggw0SkKuzyvEtkBb6,"Sancha Tera Naam (From ""Biwi Ho To Aisi"")",Anuradha Paudwal,['ghazal'],0.418,0.909,9,-3.08,1,0.0567,0.65,0.0,0.127,0.693,77.427,280219,4,0,Energetic Happy
3KkXRkHbMCARz0aVfEt68P,Sunflower - Spider-Man: Into the Spider-Verse,Post Malone,[],0.744,0.494,2,-5.563,1,0.0699,0.52,0.0,0.0716,0.927,89.972,158040,4,2,Instrumental Calm
3Kt8P13xMHR4O3e5RcbIOc,Bulleya Ki Jaana Main Kaun,Wadali Brothers,['qawwali'],0.468,0.667,10,-7.678,0,0.0789,0.48,0.0,0.137,0.706,112.548,448119,3,0,Energetic Happy
3Kuu5vASpXK8oRsxOvau6P,Think About You (feat. Valerie Broussard),Kygo,[],0.673,0.596,10,-7.891,1,0.0354,0.166,0.0,0.11,0.19,123.969,208567,4,2,Instrumental Calm
3L3bIKIYIvzIsR6Obv2WB3,Done For Me (feat. Kehlani) - Syn Cole Remix,Charlie Puth,[],0.747,0.826,11,-4.067,0,0.0498,0.00791,8.7e-06,0.138,0.549,124.05,189662,4,2,Instrumental Calm
3L4GsGLgxpHieVQH86H8bv,Bed (feat. Ariana Grande),Nicki Minaj,[],0.757,0.73,7,-6.304,1,0.187,0.0348,6.17e-05,0.136,0.451,90.013,189533,4,2,Instrumental Calm
3LFE2Riv6y1oAj8XhtlcWG,Ae Khatme Rasul Qonain Mein Tum Sa Koi Nahin - Complete Original Version,Nusrat Fateh Ali Khan,"['sufi', 'qawwali']",0.487,0.864,5,-4.175,1,0.0876,0.578,0.00181,0.973,0.577,112.019,1373078,4,3,Acoustic Chill
3LHYmz86DxGInsRp3wiiW5,Ganja Burn,Nicki Minaj,[],0.755,0.902,1,-2.835,0,0.0632,0.161,0.00199,0.137,0.76,108.992,294187,4,2,Instrumental Calm
3LbGutge67dpbQT4JnLoGR,Sevelim Hazret-I Mevlana'yi - Let Us Revere Saint Mevlana,Galata Mevlevi Music and Sema Ensemble,['sufi'],0.273,0.31,2,-10.104,1,0.0407,0.855,0.00718,0.0853,0.101,92.937,225360,4,1,Dance Party
3LgWsmilsrWXiPYQFRD0T7,goodbye,Billie Eilish,[],0.152,0.149,6,-21.965,0,0.0516,0.856,0.431,0.244,0.0484,55.492,119410,4,4,Rap / Spoken
3LlmKSHR3Rs0Y3KHQLAYDk,Alone,Alan Walker,[],0.673,0.914,10,-3.962,1,0.0496,0.229,0.000478,0.186,0.183,97.021,160427,4,2,Instrumental Calm
3LrdCMywgLWSDLN4wrK4OL,Larzan - Live,Shahram Nazeri,['sufi'],0.453,0.592,7,-11.64,1,0.516,0.801,0.0,0.647,0.816,149.182,236052,4,3,Acoustic Chill
3Lv3frZVXU7Q0JEFvLIzWW,Promises (with Sam Smith) - David Guetta Remix,Calvin Harris,[],0.588,0.697,3,-4.744,0,0.0372,0.186,0.000219,0.103,0.225,125.157,190417,4,2,Instrumental Calm
3M2PaeHVt5pc0Mf3AHilo3,Hashar Mein Kuchh Mile Na Mile Ya Nabi,Nusrat Fateh Ali Khan,['qawwali'],0.536,0.312,4,-24.484,1,0.107,0.729,0.00154,0.159,0.803,132.255,977107,4,1,Dance Party
3M9CXQ8V4iXJwgXvg6K69U,Karmsakal Tav Vilas,Jagjit Singh,['bollywood'],0.314,0.341,5,-17.909,1,0.0408,0.991,0.766,0.109,0.671,175.189,298426,3,4,Rap / Spoken
3MHmc36SDzOYXOWHMKHSGZ,Rukh Peh Rehmat Ka Jhoomer Sajae,Nusrat Fateh Ali Khan,['qawwali'],0.435,0.597,5,-7.736,0,0.066,0.718,0.331,0.599,0.572,130.013,2454690,4,3,Acoustic Chill
3MPbkuld9rzJJURJNmtySj,Bewafa,Arif Lohar,['sufi'],0.594,0.887,2,-5.09,1,0.0965,0.235,5.78e-05,0.424,0.574,100.415,345696,4,0,Energetic Happy
3MUnd5tBKfkHPbOcXu58lI,"Jaane Jaan Dhoondata - From ""Jawani Diwani""",Kishore Kumar,['bollywood'],0.392,0.595,10,-6.224,1,0.0395,0.409,0.0,0.129,0.601,126.16,354400,4,0,Energetic Happy
3MVRPQvZyxqQMGfCYu8Cr7,Magar Ab Muaf Kardo,Ahmed Rushdi,['ghazal'],0.321,0.523,11,-8.467,1,0.0368,0.885,0.0169,0.141,0.756,187.488,201000,4,1,Dance Party
3MZARPWEnhm9axgBV1g8ZM,Pahla Pyar Ka Dhokha,Nayyara Noor,['sufi'],0.357,0.187,1,-16.941,0,0.0379,0.904,8.16e-05,0.102,0.211,88.278,287346,3,1,Dance Party
3Mav2DfDDVaiyAFjCZmJlk,Pathar Sulag Rahe The,Pankaj Udhas,['ghazal'],0.467,0.479,2,-9.034,1,0.037,0.781,5.67e-06,0.131,0.196,125.887,324680,3,1,Dance Party
3MoV1UsAJmz64LHqyiRMp0,Say My Name,David Guetta,[],0.703,0.66,10,-5.119,0,0.123,0.137,0.0,0.192,0.79,95.031,198947,4,2,Instrumental Calm
3MwZt2PTm9FgYalu8UIh5o,Zindagi Da Maza Aagaya,Sher Miandad Khan Fareedi Qawwal,['qawwali'],0.527,0.569,1,-9.276,1,0.176,0.164,0.0,0.0757,0.678,115.362,807384,4,2,Instrumental Calm
3N03WEnjmK0s95unOI4GNJ,Sanam Re (Lounge Mix),Mithoon,['bollywood'],0.668,0.362,3,-8.408,0,0.0268,0.912,0.000454,0.162,0.314,108.956,277134,4,1,Dance Party
3N1qnPdvgjlByI5BKb50rj,Yaad-E-Nabi Ka Gulshan - Live Version,Nusrat Fateh Ali Khan,['qawwali'],0.5,0.72,5,-6.298,1,0.133,0.744,0.00261,0.882,0.667,116.697,1627886,4,3,Acoustic Chill
3N3bsU1XPLidG3ul5ZhaqU,Hun Nahin Jeena,Rahat Fateh Ali Khan,['sufi'],0.277,0.737,4,-3.112,1,0.0631,0.694,0.0,0.0667,0.344,170.381,414939,4,0,Energetic Happy
3NTYnnl2spp7peC4NR3PHW,Judaiyan De Dukhre,Rahat Fateh Ali Khan,['sufi'],0.449,0.613,10,-5.418,0,0.074,0.661,0.0,0.195,0.422,101.868,264960,5,0,Energetic Happy
3NbTQ8ZbHU6MSEVUFAVCJ9,better off,Ariana Grande,[],0.597,0.524,11,-7.247,1,0.0537,0.216,0.0,0.112,0.0549,92.568,171333,4,2,Instrumental Calm
3NdPrTVDHs0QUkM9CQd3lH,"Too Mera Superman (From ""Dariya Dil"")",Mohammed Aziz,['bollywood'],0.611,0.71,2,-9.396,0,0.0843,0.571,0.0011,0.138,0.655,131.194,408507,4,2,Instrumental Calm
3Nkqp3NSGWMXVVO08zGpN7,Peligrosa,J Balvin,[],0.769,0.759,6,-4.393,0,0.051,0.0545,0.000628,0.101,0.68,105.993,202347,4,2,Instrumental Calm
3NmAxeYHBkL2PHas4fbHwf,Main Matti Ka Gudda Tu Sone Ki Gudiya,Mohammed Aziz,['bollywood'],0.411,0.777,6,-8.471,0,0.0638,0.773,5.57e-06,0.428,0.625,90.456,417293,4,0,Energetic Happy
3NqtXWHYIV3VxdRZ7uJwYZ,Lost In Your Light (feat. Miguel),Dua Lipa,[],0.646,0.772,2,-3.826,1,0.0564,0.000402,0.0,0.102,0.414,117.097,203769,4,2,Instrumental Calm
3O5FJlCwM1zUimuBbMm3Ul,Ranjan,Hadiqa Kiani,"['ghazal', 'sufi']",0.685,0.885,11,-8.697,0,0.0422,0.262,2.43e-06,0.118,0.842,139.658,246987,4,2,Instrumental Calm
3OAxYOg8QwiVnDMuepRhtT,Sai Digambara,Anuradha Paudwal,['ghazal'],0.785,0.515,7,-9.332,1,0.0356,0.789,0.0,0.581,0.963,135.787,210788,4,1,Dance Party
3OIQAc25BOxFfJZNrDf4di,Dil Ke Taar,Rahat Fateh Ali Khan,"['sufi', 'qawwali']",0.667,0.864,3,-6.347,1,0.071,0.324,0.0,0.116,0.909,92.04,295109,4,2,Instrumental Calm
3OZHsLRG03fdYEOuEN2qFS,Mukh Sunder Sunder,Anuradha Paudwal,['ghazal'],0.626,0.513,4,-11.174,1,0.0319,0.844,0.0,0.386,0.778,90.133,301058,4,1,Dance Party
3Ohd1YqwRmDwlkZEXrTtlR,Shankar Mahadev,Anuradha Paudwal,['ghazal'],0.536,0.574,1,-9.735,1,0.0376,0.93,0.00732,0.275,0.763,95.04,350360,3,1,Dance Party
3OlsvFnLbu7E4Oi4nFy1cK,Kehde Ghar Jawan,Nusrat Fateh Ali Khan,['qawwali'],0.423,0.696,2,-12.121,0,0.162,0.0845,0.0,0.442,0.764,104.41,845505,4,0,Energetic Happy
3OuUb1BiMwMxsHfXRFtt14,Nit Khair Manga Sohneya,Nusrat Fateh Ali Khan,['qawwali'],0.409,0.539,5,-15.493,1,0.0781,0.227,0.0,0.418,0.832,105.411,919580,4,3,Acoustic Chill
3Oy2wBWGD2j2T2htKs5kgm,Mili Tere Pyar Ke,Anuradha Paudwal,['ghazal'],0.303,0.808,7,-6.15,0,0.0672,0.756,0.000606,0.277,0.624,93.62,343867,4,0,Energetic Happy
3P0k1HBwKrL9jCfi6QWaoE,Der Lagi Aane Mein Tumko,Jagjit Singh,['bollywood'],0.403,0.273,3,-21.141,1,0.0442,0.861,0.00279,0.322,0.578,135.873,532333,4,1,Dance Party
3P9TCJEocoLqu4QvlpuzaD,Every Day,Shakthisree Gopalan,['bollywood'],0.82,0.486,3,-10.3,1,0.036,0.566,1.41e-06,0.1,0.556,110.004,267609,4,1,Dance Party
3PBv55RawnCZMwdKr9RHEs,Jutt (Original Motion Picture Soundtrack),Mika Singh,['bollywood'],0.84,0.71,4,-6.847,1,0.164,0.457,1.95e-06,0.166,0.845,125.097,211680,4,2,Instrumental Calm
3PEbRrVY9LX2zIYhFLC9jT,Murli Wale Murli Baja,Suraiya,['ghazal'],0.574,0.215,1,-15.385,1,0.0701,0.95,0.000344,0.204,0.756,122.934,173533,4,1,Dance Party
3POoHYrnDoY9bNOLwOJd4j,Mountains,Sia,[],0.625,0.6,1,-7.75,1,0.0291,0.374,0.0248,0.151,0.18,85.959,194733,4,2,Instrumental Calm
3PPeqAc0fCfFdh8cUYShn6,I Don't Know What Love Is,Lady Gaga,[],0.421,0.535,0,-6.556,1,0.0288,0.348,0.000194,0.194,0.221,62.671,177293,4,2,Instrumental Calm
3PRdGmSulhsBXTtOSKo7Zn,Dil Darpan - Guitar Version,Hariharan,['ghazal'],0.724,0.628,9,-7.81,1,0.034,0.175,0.0,0.182,0.332,104.012,372314,4,2,Instrumental Calm
3PbyXNt9hK2UHIVucEy8mQ,Shiv Amritwani,Anuradha Paudwal,"['ghazal', 'bollywood']",0.61,0.535,6,-7.658,0,0.0744,0.766,0.0,0.0787,0.877,144.133,2889646,4,3,Acoustic Chill
3QLjDkgLh9AOEHlhQtDuhs,Best I Ever Had,Drake,[],0.395,0.922,1,-2.176,1,0.375,0.19,0.0,0.134,0.558,162.361,257690,4,0,Energetic Happy
3QN9a3rzArcPtL5cqf1IF2,Saware,Rahat Fateh Ali Khan,['qawwali'],0.389,0.562,7,-5.494,1,0.0336,0.796,3.58e-05,0.118,0.223,96.919,321430,4,1,Dance Party
3QNcGTHxCCLoHWKIake7x4,New Love,Dua Lipa,[],0.579,0.621,1,-8.625,1,0.0445,0.152,4.01e-06,0.0869,0.343,90.354,271935,4,2,Instrumental Calm
3QkcGtnCUrUM9Y3io3bsaw,"Manasae (From ""Nenjinilea"")",Hariharan,['ghazal'],0.7,0.717,7,-9.942,1,0.0438,0.00529,2.12e-05,0.172,0.502,129.032,334133,4,2,Instrumental Calm
3QtUNOV8cr1JCXAnYCNGMK,La Lai Taien Mundri Medi,Attaullah Khan,['ghazal'],0.421,0.67,1,-6.057,0,0.0697,0.827,8.2e-05,0.224,0.836,169.911,207888,4,0,Energetic Happy
3R4Xk37WTagjzODMNEQLvs,Bullet In A Gun,Imagine Dragons,[],0.816,0.735,8,-5.49,1,0.0539,0.16,0.000108,0.0665,0.476,130.029,204853,4,2,Instrumental Calm
3R91ySVDSOjcxpW5PZF394,Hotter Than Hell,Dua Lipa,[],0.532,0.868,3,-4.23,0,0.0908,0.011,0.0,0.0584,0.529,110.127,187958,4,2,Instrumental Calm
3RBZT35ULY4KpfEThUzWu2,"Shiv Mahapuran (Khand, Pt. 02)",Manoj Mishra,['sufi'],0.597,0.539,6,-11.257,1,0.898,0.813,0.0,0.34,0.484,73.061,2783805,3,3,Acoustic Chill
3RMcsGb9Lh5O9O0QPYNwR6,Sunoto Meri Jaan,Asha Bhosle,['bollywood'],0.366,0.569,1,-8.26,1,0.0548,0.733,1.5e-05,0.16,0.648,131.095,263259,4,0,Energetic Happy
3RSaOlFurVq4QY8LcGua5q,Hucurat Suresi,Mehmet Emin Ay,['sufi'],0.299,0.0657,4,-9.484,1,0.0567,0.953,0.0,0.134,0.15,78.675,1257173,3,1,Dance Party
3Rb6uMp3snm0zeafLMj7CL,Main So jaon Ya Mustafa Kehte,Alhajj Muhammad Owais Raza Qadri,['sufi'],0.724,0.591,11,-5.895,1,0.0325,0.747,0.0,0.312,0.913,125.008,499040,4,2,Instrumental Calm
3RikV88Ci1VRBGBbBJvw5p,Tere Darbar Me Baba,Jaswinder Singh,['sufi'],0.65,0.746,10,-4.295,1,0.041,0.322,0.0,0.114,0.942,139.976,375429,4,2,Instrumental Calm
3RorJ5DnxrT70LuRfhLn3t,Tere Hawale (Arijit - Shreya Duet),Pritam,['bollywood'],0.595,0.565,9,-9.643,1,0.0418,0.621,7.04e-05,0.0966,0.329,108.997,348231,4,1,Dance Party
3RpI5SL76ws6EJXApE3hGL,E Duniyavil,Sameer,['bollywood'],0.686,0.489,0,-5.678,1,0.0371,0.183,0.0,0.34,0.885,170.861,265038,3,2,Instrumental Calm
3RqYpiuinlxuufUPU3TwyO,Lut Gaye,Nusrat Fateh Ali Khan,['qawwali'],0.453,0.563,1,-12.9,1,0.131,0.605,0.0,0.342,0.904,109.736,560000,4,0,Energetic Happy
3S42lHIVkQnjc0owrl2Ucx,Ushkadara,Mehnaz,['ghazal'],0.708,0.845,1,-5.217,1,0.0452,0.119,0.000418,0.158,0.284,100.059,326001,4,2,Instrumental Calm
3SAcxuN2pgFsw1ZAzS8asA,"Chinna Maharani (From ""Kana kanden"")",Hariharan,['ghazal'],0.659,0.614,2,-9.86,0,0.051,0.387,0.0,0.16,0.424,85.97,290040,4,2,Instrumental Calm
3SUpBLjvFh8I94GUjRjrm1,Kinni Kinni,Amanat Ali,['sufi'],0.569,0.337,10,-12.089,1,0.0405,0.82,0.0,0.0711,0.147,127.823,190772,4,1,Dance Party
3SiC48PxxNZkzI6EGs3855,Gairon Se Kaha Tumne,Anuradha Paudwal,['ghazal'],0.645,0.482,6,-11.257,0,0.0368,0.767,2.94e-06,0.0934,0.85,138.369,369446,3,1,Dance Party
3SnXwQUrvSacFziUYXTNKY,Congratulations,Drake,[],0.333,0.859,6,-2.286,1,0.148,0.0185,0.0,0.22,0.125,86.882,332530,5,0,Energetic Happy
3T17XjHdrICPdzyHF3KlhZ,Pani Ki Chadron Se (2023 Remastered),Sajjad Ali,['sufi'],0.606,0.771,11,-9.906,1,0.0329,0.0466,0.0347,0.355,0.659,100.176,414353,4,2,Instrumental Calm
3T1p4sGKp5enKXSNdxdCdq,Kar Do Karam Ek Baar,Abdul Habib Ajmeri,['qawwali'],0.435,0.906,0,-1.991,0,0.194,0.477,0.0171,0.669,0.824,90.409,783125,4,0,Energetic Happy
3T5ALPoKHm3MTbTccT8cbD,Ali Maula Ali Ali,Nusrat Fateh Ali Khan,['qawwali'],0.523,0.797,3,-8.836,0,0.0801,0.541,1.66e-05,0.766,0.818,117.871,1715449,4,3,Acoustic Chill
3T5zEPcQPDEJhvhGzuejIU,Mahiya Tere,Fariha Pervez,['sufi'],0.459,0.66,6,-3.764,0,0.067,0.46,0.0,0.238,0.497,148.233,252161,4,0,Energetic Happy
3TNajNOi2DESLNx8PVHREN,talkin' 2 myself - EUROGROOVES fashion mix,Ayumi Hamasaki,['pop'],0.548,0.909,5,-6.131,0,0.0306,0.00646,0.0,0.0622,0.595,126.041,256267,4,2,Instrumental Calm
3TNyn3bgs06Q2ge8l1tV6T,Duno Joban Lade Lagata,Salman Ali,['sufi'],0.716,0.935,10,-7.078,1,0.0818,0.212,0.0,0.42,0.917,119.976,294008,4,2,Instrumental Calm
3TTU7UrB9OzeJ9HleztQ1F,It Was a Lie,Lannie Flowers,['pop'],0.555,0.847,6,-5.792,1,0.0445,0.0177,0.000106,0.192,0.789,128.403,48253,4,2,Instrumental Calm
3Tc57t9l2O8FwQZtQOvPXK,my strange addiction,Billie Eilish,[],0.938,0.311,1,-11.206,0,0.376,0.387,0.000126,0.104,0.557,100.014,179889,4,2,Instrumental Calm
3TjLsDgL0bTbSQIF6M5Ki8,Say My Name (feat. Bebe Rexha & J Balvin) - Lucas & Steve Remix,David Guetta,[],0.678,0.747,10,-5.289,0,0.165,0.0395,0.0,0.174,0.516,120.002,189375,4,2,Instrumental Calm
3TmfHWu4hwRouk2pMMSqpv,Khawaja Piya Ji Mori Rang Do Chunariya,Nazir Ejaz Faridi Qawwal,['qawwali'],0.559,0.697,1,-7.229,1,0.0498,0.908,1.23e-06,0.0794,0.739,129.117,863138,4,0,Energetic Happy
3TnnLsDg0ITX3fv95sjSQv,Mujhse Pehli Si Mohabbat,Noor Jehan,['ghazal'],0.386,0.326,8,-10.737,1,0.0456,0.985,0.00356,0.204,0.459,166.452,240413,3,1,Dance Party
3TrpAMW0aVVgGLE0x7XPRr,Jake Boli Dirghosas,Subhamita Banerjee,['ghazal'],0.549,0.685,5,-5.13,0,0.0375,0.784,8.58e-06,0.289,0.596,144.486,278280,3,0,Energetic Happy
3TtrmlEwlri27AJW6QyEDS,Kehnde Nay Nainan tere Kaul rehna,Noor Jehan,['bollywood'],0.516,0.504,7,-7.828,0,0.0416,0.971,0.503,0.345,0.839,127.135,205093,4,4,Rap / Spoken
3Tv0yS2ZuB2DQeYsRQq6XO,Akhiyan Nu Chain Na Aave,Nusrat Fateh Ali Khan,['qawwali'],0.718,0.592,0,-7.043,0,0.034,0.448,2.06e-06,0.212,0.53,93.106,402509,4,2,Instrumental Calm
3U21A07gAloCc4P7J8rxcn,All Mine,Kanye West,[],0.925,0.31,11,-6.531,0,0.291,0.123,0.0,0.0931,0.291,121.927,145507,4,2,Instrumental Calm
3U2KduRCbPpKJfEwEmK3xT,Azhagu Sundari Unnai,Hariharan,['ghazal'],0.736,0.682,7,-8.552,1,0.0588,0.289,0.0,0.354,0.837,145.422,260680,3,2,Instrumental Calm
3UEfOvhtrnpw57gDbSixri,Everybody Hates Me - Steerner Remix,The Chainsmokers,[],0.453,0.863,2,-6.239,1,0.0957,0.0672,0.0,0.107,0.499,154.872,176667,4,0,Energetic Happy
3UP4tYlgEes6TajBXh8faH,Ball For Me,Post Malone,[],0.775,0.527,6,-4.213,0,0.296,0.511,0.0,0.0799,0.474,133.953,206267,4,2,Instrumental Calm
3UYVT5buqH8AEVmati8Ulz,Don't Leave Me Alone (feat. Anne-Marie) - Acoustic,David Guetta,[],0.695,0.435,4,-5.995,0,0.0331,0.373,0.0,0.251,0.373,120.033,188500,4,2,Instrumental Calm
3UZEzqkdi7iLG8yKqFXpf9,Yemito Yemo,Hariharan,['ghazal'],0.571,0.262,6,-12.265,0,0.0315,0.46,0.0,0.064,0.17,97.046,298867,4,1,Dance Party
3UbTyerQLvorPq1eR2wIqS,Kis Naam Se Tujhko Yaad Karoon,Laxmikant–Pyarelal,['bollywood'],0.325,0.763,8,-10.278,0,0.0743,0.499,4.75e-06,0.0777,0.638,144.632,456718,4,0,Energetic Happy
3Uk07nB5LHXaBcsQBfzvHI,Ustad Barkat Ali Khan Ishrateqatra Hai Dariya Mein Fanaa,Barkat Ali Khan,['ghazal'],0.41,0.635,11,-11.408,1,0.105,0.408,0.378,0.425,0.747,121.124,429519,4,0,Energetic Happy
3UlEPRhJsSSlGsdU2IV5V1,Tum Itni Haseen Ho,Ashok Khosla,['ghazal'],0.541,0.593,1,-6.036,1,0.0315,0.621,2.57e-05,0.306,0.586,132.678,393013,3,0,Energetic Happy
3UxOgnH2Dq4SBWMvtyez9Y,Gori Poojawala Chala,Asha Bhosle,['bollywood'],0.642,0.514,6,-13.997,1,0.0991,0.727,0.0,0.0648,0.661,129.186,282200,4,1,Dance Party
3VE6JmafRAobLpOGUspfH6,Marize Mohabbat - Live,Munni Begum,['sufi'],0.399,0.319,8,-13.568,0,0.051,0.947,1.91e-05,0.265,0.533,78.68,512480,4,1,Dance Party
3VEs1LBTzJWeM3EoHua5LY,Whatever It Takes,Imagine Dragons,[],0.671,0.63,10,-5.767,0,0.0319,0.0374,0.0,0.117,0.578,134.934,201240,4,2,Instrumental Calm
3VGJLqKgH8IqQj75ebaCbn,Shah-e-Shahan Peer Lal Qalandar,Rahat Fateh Ali Khan,['qawwali'],0.792,0.979,8,-2.455,1,0.0491,0.662,0.00545,0.119,0.959,118.007,466904,4,2,Instrumental Calm
3VNfYZRbppi6x6g6KMDlsg,Utho Utho He Sakaljan,Anuradha Paudwal,['ghazal'],0.568,0.0764,10,-13.334,1,0.031,0.96,0.0,0.0768,0.253,80.867,191922,4,1,Dance Party
3VdLjuOdBfFHQ2TTCY7zKw,If I Ain't Got You - Piano & Vocal Version,Alicia Keys,[],0.535,0.274,7,-9.405,1,0.043,0.957,1.82e-05,0.155,0.464,118.363,231653,3,1,Dance Party
3VemglO0K3BvySHdDBmUWk,"Gayatri Amritwani (From ""Gayatri Amritwani"")",Anuradha Paudwal,['ghazal'],0.595,0.57,6,-9.154,0,0.0959,0.689,0.0,0.107,0.962,136.342,1472000,4,3,Acoustic Chill
3VmfZBj95LvYRYzc7irKS3,Tera Naam Japdi Phiran (Ver-2),Javed Bashir,['sufi'],0.715,0.897,1,-3.729,0,0.105,0.0218,0.0,0.536,0.726,129.96,250133,4,2,Instrumental Calm
3VwLknug4oiEJ78gpGIftN,Tu Banja Gali Benaras Ki,Asees Kaur,['bollywood'],0.612,0.665,10,-6.95,1,0.0398,0.262,8.41e-06,0.252,0.55,77.984,246700,4,2,Instrumental Calm
3WYAeLh2FXjb0d7OhMxIu1,Blow That Smoke,Major Lazer,[],0.719,0.703,5,-4.93,0,0.0392,0.032,1.14e-05,0.0656,0.72,101.984,223000,4,2,Instrumental Calm
3WeVRT0jtW5hcqsraYaNJK,Akhian Nu Rehn De,Reshma,['sufi'],0.427,0.83,7,-2.892,1,0.038,0.206,0.000661,0.317,0.532,126.167,372667,4,0,Energetic Happy
3Whyr0c7Iji5UhZOn8OMBz,Done For Me (feat. Kehlani) - Loud Luxury Remix,Charlie Puth,[],0.832,0.686,11,-5.405,0,0.159,0.0122,0.0,0.334,0.48,122.948,176585,4,2,Instrumental Calm
3WuZejA6BUwNRoK5WzOwmh,Yaadein Roz Aati Hain,Kunaal Vermaa,['bollywood'],0.353,0.49,8,-8.926,0,0.0431,0.843,0.0,0.206,0.466,80.045,203077,4,1,Dance Party
3X1VGHVBfg0KuPwydRAEHT,Remind Me to Forget - Joe Mason Remix,Kygo,[],0.677,0.579,9,-9.043,0,0.084,0.18,0.0,0.302,0.532,105.03,227960,4,2,Instrumental Calm
3XGY5swlPLOmdSuMeuGxol,Babo Barish Kar De Paiso Ki,Raju Punjabi,['pop'],0.85,0.807,11,-6.95,1,0.0465,0.0264,0.00674,0.167,0.59,117.996,272605,4,2,Instrumental Calm
3XIi6msH1YV5Nncnz07mIj,Tere Jeya Hor Disda,Siddharth Slathia,['bollywood'],0.684,0.891,5,-3.84,1,0.0467,0.27,0.0,0.301,0.781,95.066,275368,4,2,Instrumental Calm
3XLSlQLJf3Ut0zvMUxnF1h,Houstatlantavegas,Drake,[],0.683,0.695,1,-6.798,0,0.0574,0.393,0.00124,0.124,0.406,135.337,290791,4,2,Instrumental Calm
3XNZdWGu3dPeniWc4Nc3qP,Karoon Na Yaad Magar Kis Tarah Bhulaun,Ghulam Ali,['ghazal'],0.4,0.342,1,-13.04,0,0.0336,0.948,0.144,0.421,0.567,145.915,337807,3,1,Dance Party
3XRQT7EoS4U87rUuJwg5P3,Hurt Me,Juice WRLD,[],0.613,0.456,6,-7.585,1,0.16,0.113,0.0,0.371,0.273,156.934,122285,4,2,Instrumental Calm
3XUgDqfF3fy6kocYqL2Vle,Manaseko Hegigaa,Sonu Nigam,['bollywood'],0.458,0.75,5,-5.509,0,0.054,0.102,0.0,0.154,0.673,84.834,231758,4,0,Energetic Happy
3Xb60mFpNodFvek8iuujaN,Jawani Zindagani Hai,Musarrat Nazir,['ghazal'],0.492,0.515,5,-6.601,0,0.029,0.766,0.000254,0.111,0.327,92.508,327973,4,1,Dance Party
3XebEhhkzVoKFnCroe1fw2,Just A Girl,No Doubt,['pop'],0.635,0.937,2,-2.86,1,0.0452,0.0735,6.95e-05,0.134,0.78,108.003,205947,4,2,Instrumental Calm
3XeqINnregzwBJNg7RyyH4,Why,Shawn Mendes,[],0.689,0.416,0,-9.247,0,0.0494,0.648,1.64e-06,0.0637,0.248,127.031,238173,4,1,Dance Party
3XetQ53E0PQDqTTUMexcoZ,Kande Utte,Rahat Fateh Ali Khan,['qawwali'],0.582,0.814,7,-4.51,1,0.0755,0.00149,1.25e-06,0.31,0.428,78.037,241240,4,2,Instrumental Calm
3XpxQ5R2Bt9ZWv7CYbDarh,Chamba Kitni Duur,Harshdeep Kaur,['sufi'],0.326,0.358,2,-9.088,1,0.0338,0.935,0.000586,0.0973,0.272,83.3,222240,4,1,Dance Party
3XtQzGWdpgCPddI5hXvs7t,"Ganga Ji Ki Aarti (From ""Maa Ganga Aagman"")",Anuradha Paudwal,['ghazal'],0.504,0.915,10,-2.682,0,0.0455,0.709,0.000257,0.775,0.595,96.595,241276,4,0,Energetic Happy
3Y5aWIqb9PbVgUJnC2iR2L,Mera Tere Bajon Lagda Ni,Naseebo Lal,['ghazal'],0.658,0.906,5,-1.476,1,0.033,0.474,0.000815,0.191,0.724,140.993,429373,3,2,Instrumental Calm
3Y7a0typ6ik1KscmebXd6D,No New Friends,Sia,[],0.724,0.702,7,-4.622,1,0.0429,0.0648,0.000256,0.121,0.688,106.044,175823,4,2,Instrumental Calm
3YB0HNGmKj3ltg0JEx4oe9,"Saawali Si Raat (From ""Barfi!"")",Pritam,['bollywood'],0.486,0.29,9,-15.485,1,0.0401,0.617,0.00033,0.238,0.196,139.861,308253,3,1,Dance Party
3YC7qwBHViwj8CLusZe2QS,Paas Aane Do (feat. Tarli Digital),Rahat Fateh Ali Khan,['qawwali'],0.782,0.716,7,-7.722,1,0.141,0.0235,0.0,0.236,0.756,105.922,239037,4,2,Instrumental Calm
3YHZldJG9chXiK0WVFm20h,Tere Bina Rogi Hoyay Pyase Nain,Nusrat Fateh Ali Khan,['qawwali'],0.615,0.702,0,-7.468,0,0.029,0.437,0.000167,0.213,0.623,110.172,481698,4,2,Instrumental Calm
3YKTYd8LnrLBjmuncuNbYG,Man Atkeia Beparwah De Naal,Nusrat Fateh Ali Khan,['qawwali'],0.383,0.68,6,-9.791,1,0.0468,0.615,0.000179,0.482,0.691,104.843,867188,4,0,Energetic Happy
3YLCZEyzmVe2op4BbzYyYp,น้ำหยดเดียว,Be Peerapat,"['pop', 'indie']",0.608,0.791,6,-4.625,0,0.0532,0.576,0.0,0.109,0.338,139.914,275253,3,2,Instrumental Calm
3YabQEcG1iKGdgZXf0IqN3,Is That Alright?,Lady Gaga,[],0.502,0.286,6,-7.796,1,0.0369,0.86,1.26e-05,0.11,0.242,102.619,191280,4,1,Dance Party
3YoYPJaHWcFCXd9Dlddhxp,Sanwal Sanwal - Live,Atta Ullah Khan Esakhelvi,['ghazal'],0.502,0.573,5,-9.604,0,0.219,0.945,0.863,0.214,0.739,100.08,229122,4,4,Rap / Spoken
3Z0O4tyJgwYSRtshNDd9RE,Champa Chameli,Anuradha Paudwal,['ghazal'],0.58,0.429,9,-11.455,0,0.0553,0.974,0.145,0.307,0.866,111.698,327453,4,1,Dance Party
3Z8JmHJx2L4GIkLLu7oyD3,Menu Pir Farid Pasand,Sher Miandad Khan,['qawwali'],0.504,0.771,5,-9.255,0,0.0423,0.103,3.83e-06,0.333,0.964,99.473,487074,4,0,Energetic Happy
3Z9nmyJas5TloS8QldQi43,"Kya Yahi Pyar Hai - From ""Rocky""",Lata Mangeshkar,['bollywood'],0.667,0.44,7,-8.097,0,0.0248,0.426,0.0,0.122,0.582,102.785,383733,4,2,Instrumental Calm
3ZFiNdw6U3CcUYJpUe83K6,Homemade Dynamite,Lorde,[],0.771,0.431,10,-5.423,1,0.0577,0.287,2.75e-06,0.0934,0.268,107.047,189800,4,2,Instrumental Calm
3ZbJMlEL4Kcme0ONRO7Slx,You Can Cry,Marshmello,[],0.491,0.617,4,-4.545,0,0.147,0.0974,0.0,0.27,0.17,126.816,194533,5,2,Instrumental Calm
3Zck3V3aACkU0WEhrGxuOM,Ki Jana Main Kon Bhullia,Sain Zahoor Ahmed,['qawwali'],0.433,0.736,5,-5.764,1,0.0384,0.53,7.77e-05,0.124,0.635,172.917,562481,4,0,Energetic Happy
3ZcqOLbZc94m4IRIxZT9or,Nikki Jehi Sui,Rashmeet Kaur,['bollywood'],0.605,0.637,1,-5.383,1,0.113,0.271,0.000165,0.238,0.448,140.183,84429,4,2,Instrumental Calm
3Zk9Gb6zosJsJbqB9mA8m7,Shraddha saburi,Anup Jalota,['ghazal'],0.705,0.658,2,-6.584,1,0.0911,0.169,0.0,0.126,0.892,89.958,248633,4,2,Instrumental Calm
3Zu4wZk4oADO0PDXk8OTvb,Teri Meri Sada Dosti,Sahir Ali Bagga,['sufi'],0.715,0.698,6,-8.387,1,0.118,0.298,0.0,0.0909,0.526,123.972,216043,4,2,Instrumental Calm
3a1QSvzb3ypLc1QpXTs9mU,Happier - Kasbo Remix,Ed Sheeran,[],0.56,0.823,0,-3.228,1,0.0311,0.0256,0.000433,0.0891,0.0733,100.003,256800,4,2,Instrumental Calm
3a5jMatx5j1G88p60aJ4pA,Swami Samarth Naamavachoon,Anuradha Paudwal,['bollywood'],0.679,0.678,6,-9.548,1,0.0381,0.566,0.0,0.049,0.963,99.957,380424,4,2,Instrumental Calm
3a6FPWGsy7cS8vpjb5TtJ0,Cemalin Nur-I Zat İle,Mehmet Kemiksiz,['sufi'],0.499,0.394,10,-4.966,1,0.0267,0.8,8.12e-05,0.0844,0.347,107.767,249104,4,1,Dance Party
3a7dvjFxQ1pX9o2z50w7HG,"Teri Chamakti Aankhon Ke (From ""Chhote Babu"")",Talat Mahmood,['ghazal'],0.407,0.322,5,-12.166,1,0.0372,0.984,0.85,0.176,0.668,110.12,205107,4,4,Rap / Spoken
3aD8cLO0ZZTLoHwF4pTu8d,Like I'm Gonna Lose You,Meghan Trainor,[],0.574,0.528,0,-7.224,1,0.035,0.429,0.0,0.247,0.464,71.997,222107,4,2,Instrumental Calm
3aDQuZFJ8YhZwgb9Nib6tr,Jiven Aj Chaliya Tu Dil Mera,Faiz Ali Faiz,['sufi'],0.579,0.678,1,-7.587,1,0.132,0.422,0.0,0.444,0.79,90.671,566068,4,0,Energetic Happy
3aOXUsjxX5Ga8cSGfokBCp,Jhoola kine dala,Nayyara Noor,['ghazal'],0.297,0.376,1,-10.945,1,0.0376,0.904,0.00246,0.206,0.402,185.785,364560,1,1,Dance Party
3aPBktkX9Fxau0zz868abM,Dard Vichore Da Haal (With Narration),Jagjit Kaur,['bollywood'],0.487,0.348,3,-11.627,0,0.0471,0.868,3.27e-05,0.129,0.635,144.338,343187,4,1,Dance Party
3aXRMtwapJgFUOAvNwBu70,Chandni Raat - Winter Wonderland,Ali Sethi,['sufi'],0.609,0.442,3,-7.664,1,0.0237,0.651,0.0204,0.115,0.51,89.912,221333,4,1,Dance Party
3aXcKRkUtt6ZrXfxDs4rbW,Ghoom Taana,Momina Mustehsan,['sufi'],0.287,0.712,6,-6.521,1,0.035,0.0301,0.000598,0.101,0.561,112.015,459630,4,0,Energetic Happy
3aY36iFscbw84fX9CDBSsU,Hak'dir Allah'im Muhammed Mahim,Nezih Uzel,['sufi'],0.316,0.133,9,-19.525,0,0.0388,0.98,0.00314,0.0965,0.204,105.405,390400,3,1,Dance Party
3ajiUFrVUHsmU5F2pv3kzd,Audio - CID Remix,Sia,[],0.524,0.913,3,-3.069,0,0.05,0.106,0.000131,0.177,0.644,123.936,161973,4,0,Energetic Happy
3ar3pdHa1qKMuM99VyjM8R,Jab Bhi Pee Kar,Mehdi Hassan,"['bollywood', 'sufi']",0.573,0.789,3,-7.168,1,0.0347,0.779,0.0559,0.181,0.642,107.629,449813,4,0,Energetic Happy
3b2TDm4YCgAtUC6mOHTWrt,Nero Paar Bangla (Rano),Abrar Ul Haq,['sufi'],0.734,0.864,3,-3.794,0,0.0385,0.113,0.0,0.335,0.951,119.948,258093,4,2,Instrumental Calm
3bD3RTjX1mETYl9S5BVH9U,Kach Nalon Dil Nazak Sada,Arif Lohar,['ghazal'],0.568,0.565,5,-4.877,1,0.0324,0.631,0.0,0.551,0.549,103.757,379031,4,0,Energetic Happy
3bFU16nhpSCk3pbyWlfznT,Haq Ali Ali Ali Mola Ali Ali,Nusrat Fateh Ali Khan,['qawwali'],0.469,0.755,2,-10.223,0,0.193,0.496,4.5e-05,0.389,0.846,90.78,1872771,4,3,Acoustic Chill
3bM5itT5Z01DrZjGuFfIKF,Mahawali Sarkar,Ustad Bahauddin Qawal,['qawwali'],0.562,0.48,1,-15.577,0,0.138,0.841,0.358,0.669,0.814,116.954,1649110,4,3,Acoustic Chill
3bQEOb96Ba60xDvD1gJpmf,Kadale Neela Kadale,Talat Mahmood,['ghazal'],0.402,0.356,8,-14.073,1,0.0363,0.955,0.865,0.0949,0.3,84.611,275893,4,4,Rap / Spoken
3bd4ge8KHgWggvYMJFFHKV,Chaap Tilak Sab Cheen,Nusrat Fateh Ali Khan,['sufi'],0.483,0.723,3,-7.193,0,0.0754,0.42,2.12e-06,0.512,0.657,102.371,610533,4,0,Energetic Happy
3bdenY5RA2Ktg3K4HXhD1r,Idhar Zindagi Ka Janaaza,Atta Ullah Khan Esakhelvi,['qawwali'],0.435,0.648,1,-7.091,1,0.0389,0.648,1.06e-05,0.664,0.443,130.433,660667,4,0,Energetic Happy
3blgMzoPXBLHsomMh5G0z2,Amad E Sarkar,Amjad Sabri,['sufi'],0.498,0.557,3,-9.45,0,0.0555,0.831,0.0171,0.108,0.772,97.53,767880,4,1,Dance Party
3bmPi5XeHy3RRn0aA5HRKU,Tu Nahin Terian Yaadan (feat. The Professional Brothers),Atta Ullah Khan Esakhelvi,['qawwali'],0.75,0.66,7,-7.374,1,0.0425,0.512,0.00758,0.0907,0.395,105.768,427387,4,2,Instrumental Calm
3bt52A0WlrLmZq2j0Yh5yg,Old Beauty / Du Kan Nu Dö,Anna von Hausswolff,['pop'],0.365,0.144,0,-13.466,1,0.0375,0.965,0.000347,0.0943,0.0507,98.942,381938,4,1,Dance Party
3bwYt3ka5rbkpQHpLQGB9V,Gulon Mein Rang Bhare,Mehdi Hassan,['sufi'],0.314,0.504,0,-12.602,1,0.0401,0.463,0.000268,0.495,0.342,139.969,373696,4,0,Energetic Happy
3c05wAD0zhMuxRDRRFUJJv,Data Tere Dar Te Aa Gaye,Sher Miandad Khan,['qawwali'],0.528,0.884,5,-6.859,0,0.0514,0.0531,0.0939,0.175,0.835,155.791,948962,3,0,Energetic Happy
3cE3GHVkmCX6dHjwWhEYiM,Song of Wonder,Ahmed Rushdi,['ghazal'],0.594,0.559,7,-12.272,0,0.056,0.854,9.06e-06,0.0979,0.796,104.066,307061,4,1,Dance Party
3cILBBsyd8xevoYlsBw8l3,Mangal Karini Sai Janani,Hariharan,['ghazal'],0.487,0.369,9,-12.317,1,0.0622,0.692,0.0,0.106,0.391,147.911,262896,4,1,Dance Party
3cKZHUfdwcBBRneubi6iGS,Mere Rashke Qamar,Raj Barman,['bollywood'],0.65,0.473,1,-9.735,1,0.0372,0.491,0.0,0.0998,0.383,104.975,180000,4,1,Dance Party
3cYA5zKD3GgqhAA4Gj9kmv,Sandesa Remix,Ali Haider,['sufi'],0.604,0.496,6,-12.091,1,0.0277,0.233,0.000177,0.109,0.612,96.023,285755,4,2,Instrumental Calm
3dF7O2icXtxt3LUqblRP0s,"Jaago Jaago Hey Bhole Baba (From ""Om Shiv Bhajan"")",Anuradha Paudwal,['ghazal'],0.373,0.438,6,-12.1,0,0.0349,0.861,0.0,0.172,0.33,79.838,410533,4,1,Dance Party
3dKBqNUZBotwf82QrE4Sha,Un Ki Gali Mein,Nusrat Fateh Ali Khan,"['sufi', 'qawwali']",0.673,0.819,8,-8.24,1,0.0366,0.274,7.03e-05,0.518,0.906,123.246,366830,4,0,Energetic Happy
3dZq3o0w8kPYoHqIzwKFAA,Terre Naam Se,Aakanksha Sharma,['bollywood'],0.679,0.71,5,-4.733,0,0.0497,0.285,0.0059,0.138,0.665,82.055,278423,4,2,Instrumental Calm
3dpVSZnUl5iz4ZJJPtN5km,Purple Snowflakes,John Legend,[],0.533,0.686,7,-7.172,0,0.0601,0.51,0.000149,0.125,0.395,126.004,169133,4,2,Instrumental Calm
3e40Yr1gV9ChwrGmwhlHan,Country Bar from Road to Victory,The Yuval Ron Ensemble,['sufi'],0.309,0.228,7,-15.276,1,0.0342,0.929,0.944,0.132,0.0623,84.303,252640,4,4,Rap / Spoken
3e6bDTrTipVWk6fjXqFCY0,Garam Sooraj Ki Tapash,Tina Sani,['ghazal'],0.345,0.417,10,-11.528,0,0.0331,0.921,0.000821,0.719,0.458,80.494,341987,4,1,Dance Party
3eKUb3oRHrk7AUXDOtqEvN,Meri Zindagi Nu Sohniya,Naseebo Lal,['ghazal'],0.634,0.482,1,-15.259,1,0.0597,0.0273,0.000135,0.116,0.681,81.492,521947,4,2,Instrumental Calm
3eSnXst3SWVix0QoGVPWMZ,Dam Dam Karo Fareed,Nusrat Fateh Ali Khan,['qawwali'],0.428,0.836,0,-6.306,0,0.0382,0.507,0.00911,0.393,0.947,157.581,871503,4,0,Energetic Happy
3ecJYv1NFGtDKuMBca4nPL,Mein Dard Bhara Afsana Hoon,Shahid Ali Khan,['qawwali'],0.619,0.892,6,-4.862,1,0.0559,0.256,0.00052,0.231,0.74,106.821,236711,4,2,Instrumental Calm
3egqYJbVUedOzy5UdLJzwN,Sohne Mukhre Da Lain De Nazaara,Nusrat Fateh Ali Khan,['qawwali'],0.381,0.543,3,-13.301,0,0.0675,0.508,0.0,0.774,0.842,108.327,462878,4,0,Energetic Happy
3epMIzNdnQ5LTHAKsBZOBe,Oh Mera Jaan-E-Bahar Aa Gaya,Anuradha Paudwal,['bollywood'],0.361,0.76,2,-9.573,0,0.0961,0.834,0.000842,0.357,0.871,113.892,423080,4,0,Energetic Happy
3fAlMUgb1SIx036Vof82vq,O Wanjhli Valareya,Noor Jehan,['ghazal'],0.637,0.71,6,-4.3,1,0.0359,0.695,7.3e-06,0.261,0.91,158.611,208867,4,2,Instrumental Calm
3fH6irA9gvG72sD81SqDbc,"Aurat Tera Naam Pyar (From ""Palkon Ki Chaon Mein"")",Nayyara Noor,['ghazal'],0.397,0.533,3,-7.413,1,0.0339,0.856,6.34e-06,0.216,0.516,142.476,257960,4,1,Dance Party
3fL4Zva7lJ3691KvpiW710,Zaalima,Sonu Nigam,['bollywood'],0.627,0.799,8,-11.187,1,0.0454,0.0819,0.272,0.0861,0.715,140.02,348082,4,2,Instrumental Calm
3fUcLswzu0Yx4FWJ73Bezs,"Poikkaal Kuthiraiyile (From ""Popcarn"")",Hariharan,['ghazal'],0.516,0.634,7,-8.821,0,0.249,0.367,2.79e-05,0.0879,0.367,161.43,324653,5,2,Instrumental Calm
3fZXf05Z6Z5d7DtS6Lmb0w,England dee Jugni,Alam Lohar,['sufi'],0.713,0.611,2,-12.711,1,0.0969,0.666,1.59e-05,0.325,0.835,98.906,310893,4,1,Dance Party
3feHsnnnQFyoqisMbVamY6,Ek Jadu Na Maya,Babul Supriyo,['bollywood'],0.749,0.853,2,-6.736,1,0.0692,0.291,1.54e-06,0.336,0.696,130.155,433813,4,2,Instrumental Calm
3fpVWegR6YOS1Yk5HSMYIq,Paranoid,Post Malone,[],0.61,0.554,0,-5.501,1,0.137,0.0379,3.84e-05,0.166,0.244,159.85,221787,4,2,Instrumental Calm
3gKmjdXd3IBMnq6T2duvGE,Jag Mein Sundar Hain Do Naam,Anup Jalota,['ghazal'],0.447,0.587,2,-12.412,1,0.0506,0.824,0.029,0.499,0.736,118.235,1196147,4,3,Acoustic Chill
3gMAkBZ6AHfEwAwRFztFHq,Neeli Neeli Ankhon Wali,Shahid Ali Khan,['qawwali'],0.723,0.838,0,-8.053,0,0.0367,0.6,2.88e-06,0.38,0.869,112.261,487860,4,2,Instrumental Calm
3gPTuPmDqWmFtF9qhJk2e5,Rabba Mere Haal Da Mehram Tu,Barkat Sidhu,['sufi'],0.439,0.245,11,-18.329,1,0.0542,0.831,0.0114,0.0784,0.397,149.608,334720,4,1,Dance Party
3gTp4KG5WhiXUV3Q7OGBnD,Nip Tuck,Nicki Minaj,[],0.845,0.618,8,-7.086,1,0.2,0.0149,0.0,0.196,0.366,119.944,207267,4,2,Instrumental Calm
3gWFBQKigwAAH3lTQ4dI02,Segâh İhlâs Sûresi,Fatih Koca,['sufi'],0.512,0.13,9,-7.902,1,0.0897,0.845,0.0,0.0878,0.0925,81.006,122440,4,1,Dance Party
3gYOw8Fwxu0e1tMNAh21h8,"Mee Bhingari, Pt. 1",Usha Mangeshkar,['bollywood'],0.649,0.541,8,-11.713,1,0.0745,0.749,2.39e-05,0.136,0.658,103.749,275720,4,1,Dance Party
3gdWGwupYS9im0j1B7T4Er,"Tera Naam (From ""Tera Naam"")",Kailash Kher,['sufi'],0.733,0.529,10,-12.661,1,0.0327,0.242,0.0,0.0826,0.787,120.023,427760,4,2,Instrumental Calm
3glegOEXSkk8HanJe7ZB08,Up&Up - Live In Buenos Aires,Coldplay,[],0.108,0.82,7,-5.61,1,0.075,0.0115,2.41e-05,0.659,0.15,67.092,525707,3,0,Energetic Happy
3hE9T8H1jzSS0SxLNtUtKl,Magic,Sia,[],0.454,0.655,4,-6.71,0,0.247,0.24,6.2e-05,0.106,0.182,170.381,209667,4,2,Instrumental Calm
3hMpx2u8Tw0jw0ncmhxHWm,"Janib-Sajde Kiye Hain (From ""T-Series Mixtape Season 2"")",Harshdeep Kaur,['sufi'],0.418,0.563,11,-8.227,1,0.0483,0.629,5.31e-06,0.186,0.388,86.77,285960,4,1,Dance Party
3hUSM9QxLioFz9H1hIIY7g,ZEHAL-E-MASKEEN,Ghulam Ali,['sufi'],0.398,0.195,3,-22.72,0,0.0402,0.645,0.000202,0.696,0.433,112.598,517617,4,1,Dance Party
3hVzxNvKbNJaUkRCuLpyJa,Mera Piya Ghar Aaya,Fareed Ayaz Abu Muhammad Qawwal,['sufi'],0.609,0.539,1,-7.906,1,0.0567,0.752,2.72e-06,0.107,0.388,108.063,500733,4,1,Dance Party
3hZtDqwWDe6cJ0UV2awF8Z,Koi Kal Mein Ki,Begum Akhtar,['ghazal'],0.489,0.067,9,-14.972,0,0.0618,0.989,0.296,0.244,0.337,130.657,205585,3,1,Dance Party
3haqTRYXHnBNT8DSFCjZEU,"Nazron Ka Pistol (From ""Himmat Wala"")",Salma Agha,['ghazal'],0.67,0.642,7,-10.139,0,0.0602,0.595,0.00163,0.169,0.907,95.624,315609,4,2,Instrumental Calm
3hfPmifit8Rtc0zj9WYQlU,Ferrari,Bebe Rexha,[],0.577,0.48,8,-5.908,1,0.0297,0.0161,0.0,0.104,0.422,76.54,212543,4,2,Instrumental Calm
3hpMtBRe3Ouxx707Mt8i3s,Mein Sharabi Nahin,Pankaj Udhas,['ghazal'],0.452,0.516,9,-10.804,1,0.14,0.353,3.03e-06,0.642,0.61,78.274,466000,4,0,Energetic Happy
3i0CM4IUdvkFWRt0Opb4A6,Mitwa Turu Tutu,Runa Laila,['ghazal'],0.576,0.462,1,-13.753,0,0.0804,0.408,1.86e-06,0.334,0.679,142.999,318140,4,1,Dance Party
3i1tCYR0Wwa5Ydfd0ArjQu,Condena,Maluma,[],0.782,0.666,1,-5.599,0,0.243,0.574,0.0,0.324,0.546,99.982,209520,4,2,Instrumental Calm
3i6k6FwxasBD1pIhUmc5Cn,Aas Paas Khuda (Remix By Dj A-Myth),Rahat Fateh Ali Khan,['qawwali'],0.621,0.765,0,-7.496,1,0.0492,0.0345,0.338,0.357,0.728,160.024,319042,4,2,Instrumental Calm
3i8O0VjTIFuJiNxTZWETIV,"Maa Da Laadla (From ""Dostana"")",Vishal-Shekhar,['bollywood'],0.787,0.933,0,-5.712,1,0.0559,0.00771,0.214,0.116,0.806,113.974,245187,4,2,Instrumental Calm
3iJ0LxrjR8hjGn1VPp6GnQ,Kali Kali Hain Ghatayein,Munni Begum,['sufi'],0.658,0.343,5,-12.716,1,0.039,0.849,0.000388,0.0958,0.836,88.254,306173,4,1,Dance Party
3iMWbmdNtPagx7OMaAwPgh,Dhadkan Zara Ruk Gayee Hai,Suresh Wadkar,['bollywood'],0.516,0.525,1,-10.735,1,0.0406,0.688,4.96e-05,0.0337,0.769,81.969,330067,3,1,Dance Party
3iP0tKYuQP1lqwEPz6MhCs,Chitthi Zara Saiyyan Jee Ke Naam,Noor Jehan,['ghazal'],0.436,0.722,2,-5.396,1,0.0439,0.944,0.000133,0.215,0.838,156.464,200893,3,0,Energetic Happy
3iWhc5Z7ti4HJ0pRKYzar5,Aankh Wala Hi Dekhe Tera Jalwa - Islamic,Rais Anis Sabri,['qawwali'],0.57,0.582,8,-13.332,0,0.137,0.615,0.0,0.119,0.844,127.285,901042,4,3,Acoustic Chill
3ibibKb5fllJyUR2cXjC6P,Qarar Pa Na Sake,Shahid Ali Khan,['qawwali'],0.592,0.816,6,-5.731,1,0.0447,0.238,0.00167,0.32,0.797,107.349,582959,4,0,Energetic Happy
3ig3X70suAwUn4oDnQaMru,Sir (feat. Future),Nicki Minaj,[],0.696,0.493,11,-7.57,1,0.152,0.343,0.00015,0.206,0.146,142.976,224893,4,2,Instrumental Calm
3ikGogcYQS3CE90tjsnssX,Kanto Lago Re Devariya,Dilraj Kaur,['bollywood'],0.448,0.341,2,-18.366,1,0.0628,0.983,0.792,0.198,0.649,130.717,402853,4,4,Rap / Spoken
3imW2DVyTs9qkiLD2V995i,Talli Tonight,Meet Bros.,['bollywood'],0.822,0.866,6,-2.957,0,0.0465,0.245,0.0,0.309,0.753,127.923,224546,4,2,Instrumental Calm
3j1se0vxOHvnPSc5hDnKPz,Voodoo,Badshah,['bollywood'],0.797,0.782,3,-4.658,0,0.0504,0.00335,0.0,0.138,0.503,99.999,198131,4,2,Instrumental Calm
3j60ORgHAkqvH1PhYU3KA9,Aarti Kunjbihari Ki,Anuradha Paudwal,['ghazal'],0.701,0.592,8,-8.222,1,0.0792,0.641,0.0,0.0671,0.875,141.926,246053,4,2,Instrumental Calm
3jJ3x1wVXLxDpdy5BPFTy4,Tumhare Khat Mein,Ghulam Ali,['ghazal'],0.451,0.234,3,-19.751,0,0.0454,0.987,0.421,0.657,0.473,107.07,466947,4,4,Rap / Spoken
3jQVwVQqv5NRcPBJvTWoOU,Curtain Call,John Legend,[],0.357,0.957,9,-8.896,1,0.253,0.00642,0.952,0.915,0.227,126.632,154587,4,4,Rap / Spoken
3jXDEPxjGnTy9OiAGPJz1X,Yaro,Ali Haider,['sufi'],0.592,0.515,8,-12.233,1,0.0575,0.166,9e-06,0.0708,0.949,179.946,265493,3,2,Instrumental Calm
3jZzrzJhKLuZJir1XlQi77,Mohabbat Hoti Hai,Noor Jehan,['bollywood'],0.546,0.73,0,-7.35,0,0.0505,0.724,3.98e-05,0.165,0.87,80.15,237653,4,0,Energetic Happy
3jdpVcrRpMOvp3psWXdvTr,Mere Liye Har Gulshan,Sabri Brothers,['ghazal'],0.337,0.803,6,-10.255,0,0.144,0.852,0.00877,0.207,0.61,117.01,837352,4,0,Energetic Happy
3jqwfGY5EKl2h5mM35qMDr,Chori Chori Chupke Chupke,Manoj Mishra,['sufi'],0.701,0.761,11,-7.153,1,0.0613,0.477,0.000205,0.51,0.839,80.035,333000,4,2,Instrumental Calm
3jzMdR6oxUKSQ1WgCDHZah,Kuchh Toh Hua Hai,Ankit Tiwari,['bollywood'],0.404,0.664,5,-6.527,0,0.037,0.51,1.19e-06,0.114,0.428,79.822,307092,4,0,Energetic Happy
3k00iUQxvBgGS3Is1sNp63,Isse Pehle Ke Baat Tal Jaye,Ghulam Ali,"['ghazal', 'sufi']",0.571,0.345,10,-17.962,0,0.0341,0.85,0.00131,0.0536,0.595,100.097,458710,4,1,Dance Party
3k60OBdBc3aRbtQppb6ugQ,Happier - Tim Gunter Remix,Marshmello,[],0.644,0.798,5,-3.906,1,0.034,0.0173,2.04e-06,0.107,0.152,93.031,211613,4,2,Instrumental Calm
3k69VqKDzUTntFBYhtVYz5,Sone Piya,Tochi Raina,['bollywood'],0.742,0.832,4,-4.175,1,0.0993,0.569,0.0,0.0817,0.765,120.011,293664,4,2,Instrumental Calm
3k6yRVi5YyJZzU59OgrTR7,Cho Gaya Ve Cho Gaya Aj Saun - Allah Rakha,Naseebo Lal,['ghazal'],0.72,0.934,5,-3.539,0,0.111,0.238,0.00496,0.256,0.799,92.055,293036,4,2,Instrumental Calm
3kFe702tmTSSpGc7S2esYZ,Friends (with BloodPop®),Justin Bieber,[],0.692,0.793,8,-4.251,1,0.0437,0.00369,0.0,0.297,0.644,104.983,190118,4,2,Instrumental Calm
3kGQ7vIdmw2dqHbbZxeCPq,Maha Mrityunjay,Pankaj Udhas,['ghazal'],0.713,0.531,6,-10.11,1,0.0314,0.308,0.000845,0.0686,0.579,114.984,690678,4,2,Instrumental Calm
3kKfaztxqKuBJOphfZ9Pb9,Aao Kunjan Mein Baanke Bihari,Anuradha Paudwal,['ghazal'],0.758,0.629,10,-8.43,1,0.0358,0.578,1.28e-05,0.307,0.844,110.033,335907,4,2,Instrumental Calm
3kUuLJqgwZA8PnUmBn9Y9w,Sadke Tere Jaaun Khwaja Usma Ke Lal,Sabri Brothers,['qawwali'],0.482,0.841,1,-8.399,1,0.347,0.59,0.0,0.152,0.767,103.241,1798113,4,3,Acoustic Chill
3kZfzE1Mk601CS4sYVd93A,Ke Bujhbe Sholo Te,Anuradha Paudwal,['ghazal'],0.56,0.566,10,-9.274,0,0.0343,0.931,7.8e-05,0.17,0.56,97.865,278560,4,1,Dance Party
3kagjccQlljNU5TfdYLTZ8,Mohabbat Karne Wale,Iqbal Bano,['ghazal'],0.344,0.41,10,-12.1,1,0.0415,0.738,2.31e-05,0.548,0.366,118.691,541853,3,1,Dance Party
3kepMFxJUOkJMGJrwaT1lb,FYG,Keke Palmer,['pop'],0.462,0.616,2,-8.437,1,0.237,0.0126,0.0,0.454,0.344,163.867,203472,4,0,Energetic Happy
3kgJLfoocke2NeeCmZwd2a,Seene Kii Sarhad Mein,Saaj Bhatt,['bollywood'],0.591,0.374,8,-8.653,1,0.0483,0.661,0.0,0.078,0.458,138.137,230000,4,1,Dance Party
3khrZkclNz2APex3Y4k3yq,Caddy,Vypsana Fixa,['pop'],0.457,0.933,0,-6.699,1,0.0576,0.0792,5.61e-05,0.406,0.778,89.919,189414,4,0,Energetic Happy
3kicsd7M5fFoytiKXuxIGA,Nihavend Taksim - Kanun,Yekta Hakan Polat,['sufi'],0.498,0.485,9,-9.734,0,0.0564,0.826,0.981,0.17,0.501,109.857,205360,3,4,Rap / Spoken
3kjtdIOSpbUVzItydFVFJv,Change Me,Zedd,[],0.533,0.738,11,-9.777,0,0.0478,0.0279,0.938,0.103,0.524,156.0,283077,4,4,Rap / Spoken
3kqlGtsubQid1Bw36YfWD6,O Jaane Jaan Main Haseen,Kumar Sanu,['bollywood'],0.597,0.813,7,-8.984,1,0.0457,0.671,0.0716,0.426,0.809,103.866,350040,4,0,Energetic Happy
3ksF058sVZ21EgQdRLbUyI,Charlie Brown - Live In Buenos Aires,Coldplay,[],0.312,0.87,10,-6.634,1,0.0503,0.00181,0.00132,0.345,0.28,138.03,284427,4,0,Energetic Happy
3kwnCKo6uu9bsuo5yOHEQH,Te Amo (Remix),Pritam,['bollywood'],0.553,0.94,11,-6.358,1,0.0449,0.0308,0.0121,0.305,0.751,129.989,305840,4,0,Energetic Happy
3lBo5sfn6U6fiAYUDvgAhX,Chand Roshan Hua,Nusrat Fateh Ali Khan,['qawwali'],0.508,0.683,3,-15.34,1,0.307,0.651,1.96e-06,0.356,0.665,126.1,971867,4,3,Acoustic Chill
3lgPNVBfNEEW27JsspYZNB,Dil Dharrakne Ka Sabab,Noor Jehan,['ghazal'],0.432,0.34,4,-13.58,0,0.031,0.849,0.706,0.0651,0.529,94.602,379133,4,4,Rap / Spoken
3lgg8yx6F6wV9DMFiJLvmi,Waiting for Christmas,John Legend,[],0.461,0.248,7,-10.445,1,0.0447,0.953,3.23e-06,0.185,0.303,104.075,155440,4,1,Dance Party
3lhTIJepO4zHFK7sllezGz,My Old Santa Claus,Sia,[],0.621,0.885,1,-4.124,0,0.154,0.0168,0.0,0.0702,0.697,122.0,204387,4,2,Instrumental Calm
3ljGbY5Wz1gX29P3Fol0fx,Paison Ka Dher Hai,Jani Babu,['qawwali'],0.642,0.502,8,-10.204,1,0.131,0.825,6.48e-05,0.125,0.921,115.199,353400,4,1,Dance Party
3lkkkYc1wBj5l3FVlpqvP6,A Night Off (feat. Lloyd),Drake,[],0.611,0.508,11,-5.573,0,0.0741,0.374,3.87e-06,0.168,0.368,103.612,193963,4,2,Instrumental Calm
3lvKhlvpOOjnukS1q9499E,Ae Piya Hum Ka Karin,Mahalakshmi Iyer,['bollywood'],0.537,0.586,8,-8.051,0,0.0459,0.329,0.0018,0.101,0.358,105.144,276430,3,2,Instrumental Calm
3m7EwKEelSTnCK0irdNqDF,Mere Sabir Teri Chaukhat Ki,Nusrat Fateh Ali Khan,['qawwali'],0.593,0.82,8,-3.418,1,0.341,0.872,0.00022,0.466,0.778,121.906,847517,4,3,Acoustic Chill
3mA54eDjJypfq89wh9rLj7,Lekin Mera Dil,Nazia Hassan,"['ghazal', 'bollywood']",0.621,0.533,9,-8.905,0,0.0398,0.402,1.13e-06,0.594,0.851,100.734,247080,4,2,Instrumental Calm
3mQRgkKxm2woJZVPJHTMWp,Guru Bin Kaun Sahai Tera,Suresh Wadkar,['bollywood'],0.537,0.365,4,-13.159,1,0.0425,0.475,0.0,0.429,0.762,175.758,345933,4,1,Dance Party
3mTfn4JCHzF7vQ7fuUc2ka,Radha Dhoondh Rahi Kisi Ne Mera Shyam Dekha,Anuradha Paudwal,"['ghazal', 'bollywood']",0.713,0.805,0,-9.263,1,0.071,0.344,6.4e-05,0.383,0.958,129.916,384347,4,2,Instrumental Calm
3mVu5WhcgQBkoLypuO6cBW,Bhoola Hua Fasana,Mohammed Rafi,['bollywood'],0.325,0.377,11,-10.521,0,0.0608,0.946,0.00125,0.33,0.47,83.174,212402,1,1,Dance Party
3mYPyBRLfDMtjs8SkOgHCu,Jis Din Se,Abida Parveen,['sufi'],0.671,0.535,7,-8.845,1,0.0712,0.069,2.7e-06,0.096,0.419,89.998,349158,4,2,Instrumental Calm
3miW3D9t2WjpzGgfN4noeK,Roye Dharti Roye Amber,Jagjit Singh,['sufi'],0.471,0.719,1,-6.11,1,0.0385,0.314,3.43e-05,0.0815,0.553,172.053,373921,4,0,Energetic Happy
3msZWSvVMIybnhN29nK2KM,Sing For My Life,Sia,[],0.554,0.484,5,-5.387,1,0.0289,0.552,1.21e-06,0.159,0.185,124.149,224507,4,1,Dance Party
3mth2buE4JoFmj0ChpGhQr,Ali Mera Dil Meri Jaan Ali,Amjad Sabri,['qawwali'],0.594,0.942,6,-6.3,1,0.0569,0.125,9.39e-05,0.557,0.962,108.318,416254,4,0,Energetic Happy
3mvYQKm8h6M5K5h0nVPY9S,After Dark (feat. Static Major &amp; Ty Dolla $ign),Drake,[],0.686,0.428,2,-13.072,1,0.192,0.0414,0.0,0.138,0.329,141.95,289560,4,2,Instrumental Calm
3n1RMvjgglEoUaeL4KT74S,Jag Mein Sunder Hai Do Naam,Anup Jalota,"['ghazal', 'bollywood']",0.428,0.909,2,-5.788,1,0.0501,0.0694,0.492,0.242,0.626,89.373,407812,4,0,Energetic Happy
3n1unT5HxZ8m4MPWMWXTVD,Soch Ke Dasangi,Rahat Fateh Ali Khan,['qawwali'],0.51,0.485,6,-7.156,1,0.0369,0.392,0.0,0.139,0.496,157.48,254500,4,2,Instrumental Calm
3n2APb5A3r7uxuBqIY7k9T,Jai Shree Ram - Jai Shree Ram Surmala,Jagjit Singh,['sufi'],0.347,0.701,0,-5.005,1,0.0531,0.648,0.0,0.191,0.656,79.957,2545997,4,3,Acoustic Chill
3n3b5WNEohHP7Ou4ndBo6b,Pray,Sam Smith,[],0.637,0.448,4,-7.968,0,0.0617,0.224,0.0,0.0887,0.224,87.919,221760,3,2,Instrumental Calm
3n4fX7pKbkTImje00By0Wu,Bu Dünya Yalan,Hasan Kılıçatan,['sufi'],0.589,0.306,4,-4.564,1,0.0318,0.907,0.0,0.125,0.39,133.559,161567,5,1,Dance Party
3nI5lrPE4DQi8CYjZ7WTCc,Wonder Why,Tanaë,['pop'],0.731,0.441,11,-9.468,0,0.0709,0.622,4.47e-05,0.237,0.532,109.946,220636,4,1,Dance Party
3nM9opBtMg7eYOzsXjGdDe,Ek Baar Milo Ham Se,Faiz Ali Faiz,['qawwali'],0.582,0.785,10,-6.931,0,0.0373,0.275,1.96e-05,0.362,0.905,108.791,572676,3,0,Energetic Happy
3nSX1aDCeVr90qhqJ7cjBE,Shayan : Morpichchani rajaai,Hariharan,['ghazal'],0.474,0.205,10,-14.243,1,0.0313,0.857,0.000289,0.126,0.376,82.382,407960,4,1,Dance Party
3ngTEUq4SrzwLp0EcQyzuQ,Apni Nazro Ko,Sadhana Sargam,['bollywood'],0.572,0.48,2,-9.129,1,0.0536,0.399,1.05e-06,0.216,0.779,159.831,285545,3,2,Instrumental Calm
3njGdNH1xNmfrNurij33ZK,Aa Baahon Mein Aa,Amit Kumar,['bollywood'],0.323,0.492,5,-9.364,0,0.0356,0.36,0.000739,0.434,0.416,72.697,428000,3,0,Energetic Happy
3o6b5bzGWY1N67NACE4ZfK,"Zara Been Baja (from ""Jasoos"")",Nahid Akhtar,['ghazal'],0.479,0.507,8,-11.914,1,0.0688,0.819,0.00294,0.0709,0.464,113.139,341587,4,1,Dance Party
3o8A7bo3ZaWKmMjkakYhl3,Sabje Gumbad Ka Naksha,Rais Anis Sabri,['qawwali'],0.437,0.248,9,-12.288,1,0.103,0.963,0.0,0.184,0.64,61.201,286163,4,1,Dance Party
3oDkdAySo1VQQG0ptV7uwa,Lean Wit Me,Juice WRLD,[],0.667,0.644,1,-5.558,1,0.174,0.0453,0.0,0.0905,0.189,163.929,175755,4,2,Instrumental Calm
3oLE5udC8wAmqx88RKl1mn,Segah Ilahi,The Mevlevi Ensemble of Turkey,['sufi'],0.387,0.217,2,-19.342,0,0.0402,0.935,0.98,0.16,0.353,114.043,293440,4,4,Rap / Spoken
3oQTnTf9MngpTNgCNyJF3P,Ya Mustafa Noor-e-Khuda,Baba Ghulam Kibria,['qawwali'],0.557,0.508,4,-12.206,1,0.0587,0.757,0.000237,0.291,0.834,116.43,990184,4,3,Acoustic Chill
3oQYcmIxUnSiR4WlavXQZu,Aarti Kunj Bihari Ki,Anup Jalota,['ghazal'],0.621,0.601,11,-6.81,1,0.0665,0.533,0.0,0.252,0.898,133.451,236031,4,2,Instrumental Calm
3oUN1Pu5LMN9Qf377xO4UK,Genius - Banx & Ranx Remix,Sia,[],0.623,0.834,7,-6.009,1,0.0905,0.019,0.000946,0.096,0.494,158.954,177440,4,2,Instrumental Calm
3oYTZa4MFZLQQMEjDqveWR,PROUD,Rita Ora,[],0.668,0.615,0,-5.078,1,0.0441,0.163,0.0,0.0686,0.231,131.092,210564,4,2,Instrumental Calm
3opyAGTud3887kquKNkYDC,Veli Prodhe Gadi Updi Ho Raj,Kinjal Dave,['pop'],0.553,0.982,9,-0.688,1,0.158,0.291,6.29e-06,0.704,0.738,110.006,218918,4,0,Energetic Happy
3ouirx5aRBv6kStVTQBtFY,El amor,Maria Del Mar Fernandez,['bollywood'],0.797,0.751,5,-6.355,1,0.185,0.657,0.0,0.101,0.748,115.892,190381,4,2,Instrumental Calm
3owbWlM89q53TbnMPJTpnh,You Owe Me - Nonsens Remix,The Chainsmokers,[],0.547,0.977,2,-2.888,1,0.0501,0.0607,0.00116,0.279,0.481,159.983,220320,4,0,Energetic Happy
3p3xso3Btc9EDBLxxL19dP,Mera Aaqa Sohna,Sher Miandad Khan,['qawwali'],0.447,0.951,7,-8.84,1,0.272,0.248,0.00277,0.764,0.67,116.282,605643,4,0,Energetic Happy
3p6LXAZCbS9jwpuYnYkjrb,Shukriya,Sandesh Shandilya,['bollywood'],0.667,0.616,6,-8.789,0,0.0328,0.305,7.5e-05,0.38,0.533,135.008,263387,4,2,Instrumental Calm
3pAXa5pNw4XXmfr8s1mUye,Yeh Dhoop Kinara,Iqbal Bano,"['ghazal', 'bollywood']",0.337,0.274,2,-15.507,1,0.0338,0.95,0.166,0.0883,0.444,83.132,240718,4,1,Dance Party
3pKW4zLjPGUBLmAY9Dt8X1,Tomar Buker Phool Danite,Anup Jalota,['ghazal'],0.323,0.324,6,-11.193,0,0.0339,0.937,0.000245,0.278,0.429,83.576,285000,4,1,Dance Party
3pRgqwjh7uoyeg77ruzwt7,Kayi Khati,Rapper Ankit,['pop'],0.758,0.927,6,-4.394,1,0.274,0.546,0.0,0.477,0.805,95.037,166426,4,2,Instrumental Calm
3pYODRyrplKQeLSjlilFVI,Pete Parle Maal,Manna Dey,['bollywood'],0.599,0.303,8,-14.169,1,0.268,0.534,0.0,0.207,0.642,109.253,270400,4,1,Dance Party
3pZCcmQIRlDCZTGFwmpkzB,Thunderclouds - MK Remix,Sia,[],0.735,0.816,11,-9.985,0,0.071,0.0252,0.49,0.0787,0.879,124.007,214427,4,2,Instrumental Calm
3peKZsg6lK1tQuv3m9dLio,"Shree Durga Chalisa (From ""Durga Chalisa Durga Kawach"")",Anuradha Paudwal,['ghazal'],0.552,0.76,9,-3.054,1,0.0399,0.302,0.0,0.463,0.633,153.918,497964,4,0,Energetic Happy
3pgiqUIVAZemx3033lyoup,You Don't Know My Name,Alicia Keys,[],0.263,0.663,9,-8.264,1,0.19,0.589,0.00451,0.342,0.25,167.271,366733,4,0,Energetic Happy
3ppr4Rir2Ze7KWF8nDoR3m,Baimaan Jeth Se Kheli Jo Holi,Richa Sharma,['bollywood'],0.785,0.601,11,-9.098,1,0.186,0.0691,0.0,0.0253,0.862,98.332,254440,3,2,Instrumental Calm
3psP9VLwV9VBi9zyfbg7Ya,Tenu Navian Lagiyan Yaad Rahian,Atta Ullah Khan Esakhelvi,['sufi'],0.55,0.78,9,-6.186,1,0.0408,0.428,3.2e-05,0.21,0.673,117.27,411784,4,0,Energetic Happy
3psphMjNlZ6AH8WZSthmvO,Machika - Dillon Francis Remix,J Balvin,[],0.684,0.94,11,-3.01,0,0.0786,0.00187,2.21e-06,0.397,0.497,112.008,218973,4,2,Instrumental Calm
3q0AqOMbJAz9e8lwT2d9kT,Kali Kali Zulfon Ke Phande Na Dalo (Trophical Flip)[Cover],Khalid Khan Qawal,['qawwali'],0.601,0.555,8,-8.356,1,0.0552,0.169,0.0,0.0953,0.379,90.997,342014,4,2,Instrumental Calm
3q2cfRnoHTAhiWJgIxQvqA,Asharuwa,Mynmaster productions,['pop'],0.737,0.729,2,-9.938,1,0.381,0.933,1.64e-05,0.329,0.94,105.092,271621,4,2,Instrumental Calm
3q8mcF0kOS2RTcId4HI64G,"Om Jai Lakshmi Mata (From ""Aarti"")",Anuradha Paudwal,['ghazal'],0.535,0.909,1,-3.879,0,0.0828,0.701,0.0,0.416,0.69,95.479,333677,4,0,Energetic Happy
3qFPPgGWmQ9IJcfVvExg70,Rus Gaiyan Methon Taqdeeran,Faiz Ali Faiz,['qawwali'],0.551,0.836,1,-8.291,1,0.0744,0.14,4.15e-06,0.0428,0.795,83.807,448746,4,2,Instrumental Calm
3qGDwGqdyFq3faUU4BmhdY,"Genius (with Sia, Diplo & Labrinth)",Sia,[],0.622,0.621,11,-4.924,0,0.129,0.0864,9.8e-05,0.121,0.567,158.946,213040,4,2,Instrumental Calm
3qJSBfgMrjHESa78lyf6qk,Hicaz Taksim,Halil Başkal,['sufi'],0.109,0.157,0,-11.891,1,0.0414,0.831,0.971,0.107,0.0358,65.913,112338,4,4,Rap / Spoken
3qN5qMTKyEEmiTZD38BNTT,I'm Upset,Drake,[],0.899,0.586,11,-7.866,0,0.344,0.279,0.0,0.0836,0.492,150.001,214467,4,2,Instrumental Calm
3qVSFHTLwN1ASA77ERqIyn,I'm Not The Only One,Sam Smith,[],0.675,0.363,5,-10.65,1,0.0376,0.486,7.98e-06,0.0778,0.449,81.988,241320,4,1,Dance Party
3qWrdEmuoDvnyjM6dDjCWR,Hare Krushna Hare Rama,Manoj Mishra,['sufi'],0.554,0.57,1,-4.012,1,0.0258,0.354,0.0,0.0741,0.822,81.944,3911640,3,3,Acoustic Chill
3qYhOCrKzWe2PsYKlaSqnH,Bujhta Hai Nahin Woh Sama,Mehdi Hassan,"['ghazal', 'sufi']",0.573,0.481,5,-10.57,0,0.0297,0.9,0.000108,0.173,0.556,125.084,316000,4,1,Dance Party
3qpndP33fvJY7pyjuVUPRw,Shree Hanuman Chalisha,Suresh Wadkar,['bollywood'],0.55,0.303,0,-16.764,1,0.0806,0.205,0.0,0.12,0.335,84.983,808983,4,1,Dance Party
3qsOJnbhDo8OtbR9JDhj8a,Mera Kya Kehna,Aziz Nazan Qawwal,['qawwali'],0.345,0.791,2,-9.879,0,0.167,0.736,0.000465,0.666,0.496,97.091,541053,4,0,Energetic Happy
3qzvfJVp8QA6nEut0ZMZVC,Settle the Score,Fight Fair,['pop'],0.496,0.933,10,-4.018,0,0.053,0.0109,0.0,0.189,0.952,175.004,152520,4,0,Energetic Happy
3rBI4GUAa6yLodjoKi1gBw,Tenu Dil Vich Rakhan,Raj Barman,['bollywood'],0.683,0.62,5,-4.67,0,0.0303,0.491,0.0,0.104,0.41,113.982,217368,4,2,Instrumental Calm
3rBlGtCZeuXiyu4YuxMwDZ,Vaishnavjan To Tene Kahiye,Anuradha Paudwal,['ghazal'],0.506,0.421,4,-8.54,1,0.0335,0.684,0.0,0.086,0.442,148.577,284907,4,1,Dance Party
3rESShKCG2y6GJyL28N0Z0,Sick Boy - neutral. Remix,The Chainsmokers,[],0.528,0.851,11,-5.07,0,0.165,0.0221,0.0,0.375,0.55,170.066,175080,4,0,Energetic Happy
3rFgGNlgIjcSeomj3glg9j,"Vasiyakaari (From ""Pudhiya Geethai"")",Hariharan,['ghazal'],0.785,0.514,9,-11.169,1,0.0945,0.328,3.81e-06,0.0738,0.751,94.991,232673,4,2,Instrumental Calm
3rGe9aqY7mTJQoNCif0rxT,"Mere Naseeb Mein - From ""Naseeb""",Lata Mangeshkar,['bollywood'],0.466,0.771,9,-6.988,0,0.0471,0.851,0.00161,0.33,0.784,98.505,377480,4,0,Energetic Happy
3rKx8LsKQADxHDkkpqLQJ2,Duniyan Seep Muhammad Moti,Atta Ullah Khan Esakhelvi,['qawwali'],0.66,0.421,1,-5.494,0,0.0465,0.75,0.0,0.295,0.542,124.206,380960,3,1,Dance Party
3rMpjGZ6ro0ukIIxnVkzgM,Bhai Re,Shubha Mudgal,['sufi'],0.652,0.404,9,-15.607,1,0.0644,0.123,2.36e-06,0.111,0.201,110.075,345240,4,1,Dance Party
3rXUJQOW4Go5oi3gLeymOv,Kinna Sohna Tainu Rab Ne Banaya,Rahat Fateh Ali Khan,['qawwali'],0.496,0.848,7,-6.309,0,0.0598,0.0318,0.0,0.269,0.865,114.68,478678,4,0,Energetic Happy
3rl5v6bD4i4NYx6Ux0O0FQ,Yaad Sajna Di Jeen Da Sahara,Nusrat Fateh Ali Khan,['qawwali'],0.391,0.871,5,-5.758,0,0.133,0.696,0.0,0.955,0.546,109.038,826880,4,0,Energetic Happy
3rnVLWFEU2l9mRLbmGrRFk,Darse Sahar,Shahram Nazeri,['sufi'],0.634,0.358,7,-10.874,1,0.0507,0.945,0.00202,0.0923,0.189,114.193,599876,4,1,Dance Party
3s13aStJhLnznWgfBlUrDY,Dhamal,Naseebo Lal,['ghazal'],0.54,0.901,6,-3.839,0,0.0772,0.172,0.000285,0.405,0.644,96.016,489895,4,0,Energetic Happy
3s7MCdXyWmwjdcWh7GWXas,Violent Crimes,Kanye West,[],0.669,0.419,1,-6.724,0,0.522,0.376,0.0,0.187,0.0397,109.813,215320,4,2,Instrumental Calm
3sSGeQFljsPvLOz9SePAgs,Menu Chad Ke Jaan Waliya,Naseebo Lal,['sufi'],0.675,0.719,5,-6.35,0,0.0377,0.216,4.39e-05,0.433,0.745,141.952,364766,4,2,Instrumental Calm
3sd492Ao5odLinMelpxydy,Raag Malkouns Part 2,Fateh Ali Khan,['qawwali'],0.443,0.534,6,-15.598,1,0.0744,0.892,0.657,0.439,0.668,145.211,1763773,4,4,Rap / Spoken
3smDkTvDoK2kzQYNahKrsF,Dil Mere,Kunaal Vermaa,['bollywood'],0.46,0.667,5,-6.726,0,0.104,0.111,0.000159,0.199,0.438,159.817,286746,4,2,Instrumental Calm
3swc6WTsr7rl9DqQKQA55C,Psycho (feat. Ty Dolla $ign),Post Malone,[],0.739,0.559,8,-8.011,1,0.117,0.58,0.0,0.112,0.439,140.124,221440,4,2,Instrumental Calm
3szHHzYiWORet49YVDPmKr,"Tera Dil Bhi Gol Duniya Gol Mol, From ''Shaan''",Geeta Dutt,['bollywood'],0.477,0.526,0,-9.764,1,0.204,0.972,0.0,0.497,0.585,169.272,118863,4,1,Dance Party
3szf2z1Cy1QMrtHrbn8rz9,Elevate,Drake,[],0.758,0.474,1,-8.72,1,0.146,0.015,0.0,0.116,0.0541,76.062,184960,4,2,Instrumental Calm
3t7VV6lglxGOciWTKm3xmv,Tere Sadqe Main,Noor Jehan,['ghazal'],0.56,0.744,11,-7.132,1,0.0454,0.533,0.00032,0.157,0.947,109.757,299840,4,0,Energetic Happy
3tFbxa3uNcxi3AqWgcePXB,Tere Toon Wakh Rehna,Atta Ullah Khan Esakhelvi,['qawwali'],0.761,0.854,6,-7.021,1,0.0542,0.061,0.019,0.079,0.902,114.063,579492,4,2,Instrumental Calm
3tbNT2X5tfMIVeUflYbZUZ,Alone (Feat. Big Sean & Stefflon Don),Halsey,[],0.445,0.662,2,-4.802,0,0.181,0.0164,0.0,0.219,0.479,200.04,207458,4,2,Instrumental Calm
3tcr33Mn0dKEwZnKBGGzvd,Aaj Sudama Krishan,Anuradha Paudwal,['ghazal'],0.561,0.785,6,-5.538,1,0.0413,0.36,0.0,0.181,0.813,90.074,299320,4,0,Energetic Happy
3tcz97RRqL5P7HHM3UTl9E,Lakiro,Amit Trivedi,['bollywood'],0.624,0.499,2,-6.476,1,0.0286,0.518,0.0,0.111,0.492,120.081,242427,4,2,Instrumental Calm
3thIARBf9vzQXQYuaOf8Wd,Chitthi,Jubin Nautiyal,['bollywood'],0.729,0.52,5,-6.586,0,0.0258,0.562,0.000893,0.101,0.458,114.973,229913,4,2,Instrumental Calm
3tjOVYlXkxmv8qpRTcOCyL,Sanson Ki Mala Peh Simron Main Pee Ka Naam - Live Version,Nusrat Fateh Ali Khan,['sufi'],0.447,0.584,0,-9.369,0,0.0501,0.616,0.00751,0.773,0.663,151.358,1483640,3,3,Acoustic Chill
3toiVwqsy0SZiZZ42THd03,Tur Gaye Ne Jani,Naseebo Lal,['sufi'],0.73,0.737,7,-8.496,1,0.068,0.239,0.0138,0.102,0.912,154.83,551948,4,2,Instrumental Calm
3tv3f29zjhzL3kcvQE8tGl,La Vie En Rose,Lady Gaga,[],0.276,0.405,8,-7.296,1,0.0329,0.758,0.0,0.706,0.335,76.18,179760,4,1,Dance Party
3u6V4g7diIUDD7sidAvlsU,Laila Ne Kaha Jo Majnu Se,Anuradha Paudwal,['ghazal'],0.422,0.534,8,-12.69,0,0.0352,0.548,1.05e-05,0.0682,0.771,82.636,498800,4,1,Dance Party
3uC34eAsXCM6WwlDw1ef8o,Main Jana Jogi De Naal - Live Version,Nusrat Fateh Ali Khan,['qawwali'],0.493,0.848,5,-3.603,1,0.101,0.681,0.000359,0.733,0.709,116.9,1755017,4,3,Acoustic Chill
3uNy2CJhFzzXny3SjdyNcX,Mujhko Teri Kasam Tujhsa Koi Nahin,Nusrat Fateh Ali Khan,['sufi'],0.489,0.788,7,-9.925,1,0.0887,0.554,0.00284,0.245,0.935,104.377,797995,4,0,Energetic Happy
3uQWRqHyzdKpWkVO75t2ph,Man Kunto Maula,Sabri Brothers,['sufi'],0.407,0.523,2,-16.07,1,0.108,0.808,0.00228,0.514,0.573,121.608,1002929,4,3,Acoustic Chill
3uX4ZoUyk5GACYjqteE4SY,Inspirations Outro,Nicki Minaj,[],0.743,0.923,0,-4.708,1,0.151,0.035,0.0355,0.271,0.403,90.993,58160,4,2,Instrumental Calm
3uXHSf9sSIpOJWuC1H8DiU,Talk - Disclosure VIP,Khalid,[],0.775,0.867,4,-7.388,0,0.204,0.0158,0.0117,0.0355,0.565,128.956,273229,4,2,Instrumental Calm
3uYDO9dPLTVrgfwg7EYXSf,Lift Yourself,Kanye West,[],0.877,0.435,0,-8.131,1,0.136,0.0108,1.88e-06,0.115,0.589,98.008,147905,4,2,Instrumental Calm
3ubLqBAy5urF33OomSqiMH,Yeh Dil Na Behle,Kumar Sanu,['bollywood'],0.579,0.561,11,-15.618,0,0.0397,0.473,2.14e-06,0.117,0.691,123.71,206495,4,1,Dance Party
3udf9GARXVn7GFT3WUCNb9,Sadde Dil Te Churriyaan Chalaiyaan,Daler Mehndi,['bollywood'],0.845,0.91,11,-7.603,1,0.192,0.135,0.0019,0.0546,0.908,103.964,196392,4,2,Instrumental Calm
3ughnSVIJtg0odjLQlgUpC,Main Rowan Madinay,Atta Ullah Khan Esakhelvi,['qawwali'],0.663,0.412,1,-7.722,1,0.0596,0.836,0.0,0.374,0.71,123.984,364236,4,1,Dance Party
3uiwAPLBeQTlAcJYm5U4PV,Young Dumb & Broke,Khalid,[],0.802,0.546,1,-6.395,1,0.0389,0.211,3.61e-05,0.259,0.385,136.957,199773,4,2,Instrumental Calm
3unVcySYXdU8jMn9bwoMTP,Yeh Jo Halka Halka Suroor Hai,Nusrat Fateh Ali Khan,['qawwali'],0.392,0.467,8,-18.336,1,0.0569,0.322,3.64e-06,0.653,0.872,87.765,1754697,4,3,Acoustic Chill
3uq07EGqDZcmKOj0NldAks,Mere Chann Pardesi,Reshma,['sufi'],0.585,0.557,11,-9.839,1,0.0434,0.708,0.0,0.292,0.454,126.481,359107,4,1,Dance Party
3uqmEpdVbjNDZRsvLwsqCo,Ae Mere Dil Kahin Aur Chal (Jhankar Beats),Talat Mahmood,['ghazal'],0.59,0.566,10,-7.708,1,0.036,0.786,0.316,0.357,0.799,118.898,173522,4,1,Dance Party
3usM520kfIRpWNaYOwdnYI,Rider,Juice WRLD,[],0.583,0.815,7,-4.257,1,0.0365,0.214,0.0,0.413,0.451,140.031,192094,4,2,Instrumental Calm
3uw5LoPY1SFu3TK6voglKC,Baba Farid Sohna,Nusrat Fateh Ali Khan,"['sufi', 'qawwali']",0.499,0.495,5,-12.18,1,0.0532,0.528,0.484,0.439,0.85,153.918,1126627,3,4,Rap / Spoken
3v0pLQvHG7QK40Pig7jmQ6,Ji Karda Inhaan Nachan - Kurfue Order,Naseebo Lal,['sufi'],0.68,0.876,1,-5.312,1,0.0897,0.217,0.00191,0.0715,0.883,158.009,440498,4,2,Instrumental Calm
3v7STRKU6MGIPkTpihpmX2,Sarey Nabian Da Nabi,Nusrat Fateh Ali Khan,['qawwali'],0.507,0.796,1,-6.523,1,0.0474,0.517,0.000216,0.178,0.916,113.33,980832,4,0,Energetic Happy
3vP8TCq2lOjvjX63YwIiDK,Suddenly Last Summer (Re-Recorded / Remastered),The Motels,['pop'],0.756,0.807,11,-3.969,0,0.0294,0.261,0.000793,0.0719,0.596,119.976,222241,4,2,Instrumental Calm
3vYRrUBY0SI67JMH2woWGE,Patte Patte Par Dil Ka Ikraar Likh Diya,Anuradha Paudwal,"['ghazal', 'bollywood']",0.432,0.589,1,-8.595,0,0.0362,0.934,3.41e-05,0.228,0.651,89.04,352087,4,1,Dance Party
3vgiIJW3iSQRRvgYiW86i9,Brillo,J Balvin,[],0.535,0.384,9,-10.049,0,0.362,0.89,0.0,0.0964,0.767,145.947,159573,4,1,Dance Party
3vw8bbxNFXnGyf3OW95WdQ,Buteco 24 Horas - Ao Vivo,Diego & Ray,['pop'],0.728,0.809,11,-4.207,0,0.0805,0.352,0.0,0.775,0.665,117.139,173398,4,2,Instrumental Calm
3w2aQsT3m9BunsuX6As8Xb,Khawaja Ki Diwani,Sabri Brothers,['qawwali'],0.37,0.268,5,-19.519,1,0.0994,0.906,0.00783,0.189,0.332,146.281,664200,3,1,Dance Party
3wFLWP0FcIqHK1wb1CPthQ,fake smile,Ariana Grande,[],0.45,0.619,9,-7.412,1,0.372,0.329,0.0,0.319,0.427,83.3,208880,4,0,Energetic Happy
3wY1LixPizpqVPwd6HbhPE,Haay Haay Praan Jaay,Lata Mangeshkar,['bollywood'],0.456,0.437,9,-10.653,1,0.0496,0.92,1.3e-05,0.0874,0.73,84.861,212880,4,1,Dance Party
3wsakqwRkMcSQeMz8Hm7ja,Rabba Goriyan Noon Qaid Karade,Shaukat Ali,['sufi'],0.449,0.428,5,-13.435,1,0.261,0.81,3.04e-06,0.385,0.642,116.014,161280,4,1,Dance Party
3x2H6bHwHrmrmY97OsDjGq,Phir Isi Rahgujar - Live,Ghulam Ali,['ghazal'],0.384,0.446,2,-14.465,1,0.0405,0.865,0.000689,0.663,0.536,110.272,536240,4,1,Dance Party
3x3Gt19IkSoQu6L3sRUBGp,Uthe Who Nazar To,Talat Aziz,['ghazal'],0.477,0.727,5,-8.911,0,0.0374,0.69,0.158,0.218,0.897,124.552,345907,4,0,Energetic Happy
3x7HTF4D7wGwi7MGo7ce9I,Gharaku Sundara,Abhijeet,['bollywood'],0.386,0.83,5,-6.998,0,0.0822,0.141,0.000296,0.404,0.95,169.313,283748,3,0,Energetic Happy
3xHZiAalRjO2eriIfvYTFP,"Yethikka Yethikka (From ""Nota"")",Benny Dayal,['bollywood'],0.815,0.85,4,-6.59,0,0.104,0.0768,0.0,0.101,0.736,127.95,235555,4,2,Instrumental Calm
3xL6najxM1pe2sVBtqjFqM,Dam Dam Karo Fareed,Nusrat Fateh Ali Khan,['qawwali'],0.423,0.606,0,-13.415,0,0.0394,0.404,0.00238,0.388,0.957,155.976,875133,4,0,Energetic Happy
3xMWyPfuGnqY3BC2FapHlI,Ke Ghunghroo Toot Gaye,Abida Parveen,['ghazal'],0.498,0.528,3,-8.58,1,0.0517,0.789,0.000991,0.0791,0.554,131.605,586752,4,1,Dance Party
3xYm2nF25tervUMRI0bbkw,Ek Naam Hai Ram,Anup Jalota,['ghazal'],0.538,0.413,1,-16.506,1,0.0377,0.376,0.0,0.107,0.691,84.035,285147,4,1,Dance Party
3xcXACx36TyHvuGkBsu03G,Chal Chaliye,Noor Jehan,['ghazal'],0.532,0.808,0,-3.781,0,0.0375,0.494,0.000534,0.168,0.713,91.746,287933,4,0,Energetic Happy
3xnJnwNR80NugBRQZDWQ46,"Jat Manzil Tak Ja (From ""Silsila"")",Arif Lohar,['sufi'],0.647,0.641,5,-9.462,0,0.0597,0.58,2.3e-06,0.654,0.823,112.323,407560,4,0,Energetic Happy
3y3g35Ix9VoJxKp06Gt2JV,Mere Peer Dastager,Abdul Habib Ajmeri,['qawwali'],0.391,0.523,2,-12.452,1,0.134,0.76,1.13e-06,0.192,0.748,89.383,673229,4,1,Dance Party
3y6GAKdpuJkef1MaKffVf8,Ya Hayyo Ya Qayyum - Complete Recording,Nusrat Fateh Ali Khan,['qawwali'],0.508,0.812,1,-6.404,1,0.066,0.563,0.0,0.86,0.695,101.717,1053959,4,3,Acoustic Chill
3yGDIR4j6XejzxUoU8MXxs,Moray Saiyaan,Kaavish,"['ghazal', 'sufi']",0.535,0.399,8,-10.562,1,0.0335,0.495,0.000503,0.109,0.234,120.006,245603,3,1,Dance Party
3yRcnUzaDS0SZW1gU4V6ci,Meri Hik Tu Kameez,Naseebo Lal,['sufi'],0.792,0.945,8,-4.293,1,0.1,0.207,0.00224,0.292,0.779,121.98,303237,4,2,Instrumental Calm
3yRtCntPrFnfYgiqn1He2o,Run & Hide,Nicki Minaj,[],0.807,0.414,4,-8.044,0,0.482,0.0888,0.206,0.11,0.328,173.889,154600,4,2,Instrumental Calm
3ycm8XFdaphu4YNJPmi5vQ,"Billi Billi - From ""Kisi Ka Bhai Kisi Ki Jaan""",Sukhbir,['bollywood'],0.618,0.714,11,-6.579,1,0.134,0.134,0.0,0.0739,0.349,89.127,201642,4,2,Instrumental Calm
3ydKIX3BCBWTE0f3F8590Q,"Aap Ki Kashish (From ""Aashiq Banaya Aapne"")",Himesh Reshammiya,['bollywood'],0.689,0.779,8,-7.412,0,0.0489,0.117,0.0,0.0696,0.718,110.973,333653,4,2,Instrumental Calm
3yddAQF5nIBKloGwjf0hfu,Pyar Bhare Do Sharmeeley,Mehdi Hassan,['sufi'],0.342,0.457,8,-7.664,0,0.0348,0.968,0.00196,0.172,0.519,171.013,228160,4,1,Dance Party
3yzetYZmlqNwnujugWxgDE,Ab Na Kisi Se Kahiyega,Suraiya,['ghazal'],0.346,0.379,5,-8.299,0,0.0328,0.993,8.33e-05,0.513,0.28,80.511,199160,4,1,Dance Party
3z5dsYQYyarK5fFKg7ilJz,Derman Sendendir,Mustafa Demirci,['sufi'],0.55,0.339,5,-11.753,1,0.045,0.713,0.000434,0.076,0.64,90.069,244573,4,1,Dance Party
3zAXHUL5YcYOA41rruvjy4,Manchala,Vishal-Shekhar,['bollywood'],0.365,0.649,11,-5.295,0,0.0408,0.151,0.0,0.121,0.453,78.398,227507,4,0,Energetic Happy
3zIyOtmVw8g8JZeYc5yPAV,"Shubh Shubh Shiv Naam (From ""Shivalay"")",Hariharan,['ghazal'],0.629,0.39,9,-10.519,1,0.0281,0.88,0.000135,0.316,0.417,91.02,396922,4,1,Dance Party
3zM2prB16NRn1zggh1KCY0,She’s The One,Juice WRLD,[],0.621,0.804,6,-5.502,0,0.225,0.308,0.0,0.297,0.396,155.984,188837,4,2,Instrumental Calm
3zUdQ1EJtqr1BaHCYSzLTa,New Rules - Live,Dua Lipa,[],0.539,0.859,9,-6.427,0,0.0549,0.0117,0.0,0.372,0.484,115.9,275101,4,0,Energetic Happy
3zWKDTKjZ6PNPBLvVN3O35,Sohne Dildar Ve,Naseebo Lal,['sufi'],0.771,0.929,5,-6.168,0,0.0659,0.0649,0.000311,0.352,0.966,122.394,351464,4,2,Instrumental Calm
3zXbx8dO4VvrbRXVMLRQiv,Hell Of A Life,Rita Ora,[],0.525,0.721,0,-6.453,0,0.045,0.0235,2.66e-06,0.0878,0.307,127.963,235253,4,2,Instrumental Calm
3zbOyLuvMG2MgixG34v2sA,Hai Kahan Ka Irada Tumhara Sanam,Nusrat Fateh Ali Khan,['qawwali'],0.464,0.366,4,-13.906,1,0.0778,0.79,1.18e-06,0.82,0.362,121.043,1404044,4,3,Acoustic Chill
3zia1PfSxqlmPfqz2703yC,Tumhen Dillagi,Nusrat Fateh Ali Khan,['qawwali'],0.631,0.974,6,-1.819,1,0.232,0.413,5.73e-05,0.101,0.761,95.025,263480,4,2,Instrumental Calm
3zuWAa9kabvfyHnhJBB7HZ,Unnai Naan,Hariharan,['ghazal'],0.637,0.638,2,-9.644,0,0.0585,0.0742,2.39e-05,0.0645,0.743,155.854,300826,3,2,Instrumental Calm
40Jf7Zl4v7PY9JuDXqNsAY,Main Te Meri Jaan,Satinder Sartaaj,['sufi'],0.679,0.885,7,-4.768,1,0.258,0.482,0.0,0.0743,0.672,170.048,324101,4,2,Instrumental Calm
40LxBFn9sg0W0M6hJyyKuj,Choli Block Buster,Kumaar,['bollywood'],0.698,0.914,4,-4.885,1,0.124,0.0491,0.0,0.0711,0.803,129.971,271438,4,2,Instrumental Calm
40T4p3DZM0JT3ahOiCau3y,Cuenta a Saldo,Maluma,[],0.792,0.68,5,-4.592,0,0.116,0.123,0.0,0.099,0.768,98.004,197453,4,2,Instrumental Calm
40Uq7rhr2lEDB93CP3i0o9,Jab Musalma Apna Dil Kar Lega Ghar Islam Ka,Ashok Zakhmi,['qawwali'],0.59,0.885,8,-3.654,1,0.184,0.534,0.0,0.0889,0.797,144.514,502387,3,0,Energetic Happy
40vsd235gyGI41VG8QyV9K,Khwaja Piya Ka Darbar Madina - Islamic,Sabri Brothers,['qawwali'],0.748,0.85,8,-2.741,1,0.0941,0.284,0.0,0.103,0.863,95.967,885448,4,2,Instrumental Calm
40zysLUe3qyx6K6raxmOid,Lal Paranda,Fariha Pervez,['sufi'],0.699,0.853,1,-12.474,1,0.0575,0.00274,0.00216,0.0443,0.933,122.045,381520,4,2,Instrumental Calm
412iyGoFXw7VBFtMiay6jt,Jadu Salona,Amit Trivedi,['bollywood'],0.604,0.281,0,-11.76,1,0.0261,0.92,0.0274,0.108,0.25,140.012,209786,3,1,Dance Party
41DcqQ7CN9DjNhWETFfJ74,Ambe Tu Hai Jagdambe,Anup Jalota,['ghazal'],0.632,0.751,2,-5.794,0,0.0376,0.582,0.0,0.259,0.949,88.99,298031,4,2,Instrumental Calm
41JGWFJKdWbAHrGHERuRKz,Bansi Na Baja Re Jiya Na Tadpa Re,Lata Mangeshkar,['bollywood'],0.471,0.44,3,-16.38,1,0.18,0.989,0.898,0.143,0.8,98.006,200702,4,4,Rap / Spoken
41LMCyY5biItOEDh74FuZu,Khol Surahi Pyare Saqi,Atta Ullah Khan Esakhelvi,['qawwali'],0.419,0.663,2,-6.714,0,0.0488,0.772,0.000162,0.477,0.398,112.476,668090,4,0,Energetic Happy
41MCdlvXOl62B7Kv86Bb1v,Empty,Juice WRLD,[],0.745,0.561,0,-4.869,1,0.0807,0.0758,0.0,0.133,0.449,77.557,248431,4,2,Instrumental Calm
41a7dZcq30Ss5kPMayWRV0,That’s How You Feel,Drake,[],0.85,0.473,10,-5.747,0,0.209,0.117,0.0105,0.108,0.38,85.454,157605,4,2,Instrumental Calm
41gRO6LOG0oAMzKonJgLwN,Ni Aakho Tarey Sajan Pyray,Naseebo Lal,"['ghazal', 'sufi']",0.557,0.633,7,-10.65,1,0.152,0.205,4.94e-05,0.226,0.704,89.044,377952,4,2,Instrumental Calm
41mAsUSL5GnroBDKIcFUJr,Ekde Ek,Anuradha Paudwal,['ghazal'],0.768,0.431,6,-12.933,1,0.0593,0.121,0.0,0.107,0.91,106.231,367070,3,2,Instrumental Calm
41qP4HevH6YUI3OgYb9JpZ,Akhiyan Udeek Diyan,Nusrat Fateh Ali Khan,['qawwali'],0.445,0.72,1,-10.784,1,0.0775,0.106,0.0414,0.275,0.753,118.682,903511,4,0,Energetic Happy
42DVyd6VJbGuRm3oIFbN6a,Mujhe Azmaane Wale,Aziz Mian,['sufi'],0.448,0.573,4,-11.017,1,0.148,0.6,1.47e-05,0.609,0.698,93.086,880692,4,3,Acoustic Chill
42DxB4kkbrTup6Z4zodxm6,"Naam Goom Jayega (From ""Kinara"")",Lata Mangeshkar,['bollywood'],0.457,0.401,2,-10.165,1,0.0278,0.905,0.0248,0.149,0.481,90.801,312760,4,1,Dance Party
42HM69nZytbdEU05oAzI7I,Ayeen Hawaoon,Anup Jalota,"['ghazal', 'bollywood']",0.36,0.706,2,-8.246,1,0.0798,0.461,3.06e-05,0.156,0.42,73.231,403067,4,0,Energetic Happy
42JdNogUgR596OmgsO2pmD,Mere Baney Ki Baat,Fareed Ayaz Abu Muhammad Qawwal,['qawwali'],0.454,0.385,1,-16.16,1,0.11,0.882,1.98e-06,0.211,0.509,109.973,1664396,4,3,Acoustic Chill
42ZPwraf4eA3q5Fqtdacjr,Sick Boy - Prismo Remix,The Chainsmokers,[],0.58,0.868,7,-5.095,1,0.0494,0.000882,3.99e-05,0.171,0.295,93.977,224747,4,2,Instrumental Calm
42cIPT4SUPM82nc82AyMQa,Asi Ishq Da Dard Jagah,Naseebo Lal,['sufi'],0.55,0.659,10,-8.021,0,0.193,0.218,0.0,0.0623,0.424,81.96,321760,4,2,Instrumental Calm
42dbzDkXqMwjHK1Wgr4FQy,Dil Lagaayein,Ali Sethi,['sufi'],0.345,0.47,6,-5.396,0,0.0295,0.446,2.57e-05,0.19,0.24,145.978,296020,3,0,Energetic Happy
42eNS3NB3TaYy6IvZ1IEHZ,Dheere Dheere Zara Zara,R. D. Burman,['bollywood'],0.654,0.496,6,-6.064,0,0.0315,0.693,0.000514,0.236,0.763,127.192,289408,4,1,Dance Party
42gkSeUtmr7gwxT62BJGiZ,Somebody - Ruhde Remix,The Chainsmokers,[],0.673,0.662,1,-5.863,1,0.0319,0.432,1.99e-06,0.0951,0.167,104.038,219053,4,2,Instrumental Calm
42mTn8B1GV2hJVqpm2DEQC,Merry Xmas Everybody - For Nest Audio Sessions,Bastille,['pop'],0.575,0.421,2,-8.948,1,0.029,0.344,0.0,0.2,0.342,122.806,195500,4,1,Dance Party
42t8UBSEOfEnJi0f0kp6f9,Ghairon Se Ab Suna Karo,Ghulam Ali,['sufi'],0.449,0.461,8,-12.711,1,0.0322,0.709,2.61e-06,0.0682,0.557,134.712,529096,3,1,Dance Party
42w7pX3r1TpLR0i55Ek5ND,Bluffin',Khalid,[],0.529,0.314,0,-10.323,1,0.0461,0.354,0.000436,0.102,0.288,129.664,199240,3,1,Dance Party
432Dzbfn2SNcbE1yug1KJc,Aap Bethe Balain Peh,Nusrat Fateh Ali Khan,"['sufi', 'qawwali']",0.419,0.452,11,-13.102,0,0.0636,0.807,1.17e-05,0.656,0.622,115.64,941871,4,3,Acoustic Chill
43IWqSUbgHujwQ6YFGVPth,Giant (with Rag'n'Bone Man) - Audien Remix,Calvin Harris,[],0.698,0.792,1,-3.583,0,0.0418,0.0296,3.9e-05,0.0925,0.333,125.976,213333,4,2,Instrumental Calm
43LaPlImWODAbwY0pN5uFC,"Mehnat Kare Kisan Mahajan Bante Hai, From ''Lalkaar''",Geeta Dutt,['bollywood'],0.64,0.193,7,-16.153,1,0.0768,0.994,0.65,0.176,0.661,78.95,194003,4,4,Rap / Spoken
43LakdAn8ZemxaPCPtetNr,Pranamya Shirasa Devam,Sadhana Sargam,['bollywood'],0.724,0.284,10,-12.075,1,0.0295,0.434,0.0,0.0872,0.33,107.985,469167,4,1,Dance Party
43P4CvRCS6HmVERmYfM8ma,Promises (with Sam Smith) - Illyus & Barrientos Remix,Calvin Harris,[],0.716,0.775,1,-5.592,1,0.0659,0.00187,0.731,0.0517,0.631,123.026,282039,4,4,Rap / Spoken
43RSiN5Os4MiYwj3fNVomY,2 Lit 2 Late Interlude,Nicki Minaj,[],0.561,0.358,0,-7.024,1,0.186,0.158,0.0,0.126,0.122,72.878,55267,4,2,Instrumental Calm
43RbE6d17Ov9nf8b82kIKZ,Aj O Keno Phool Phote - Original Motion Picture Soundtrack,Andrew Kishore,['pop'],0.476,0.755,2,-5.702,1,0.102,0.666,0.0,0.323,0.6,183.167,282305,4,0,Energetic Happy
43Sud2TsrzqdaaH2OONtmh,Tere Hondiyan Sondiyan Mehbooba,Nusrat Fateh Ali Khan,['qawwali'],0.484,0.769,3,-6.185,0,0.0684,0.528,0.0,0.692,0.712,116.738,926005,3,0,Energetic Happy
43X7FQtsZ70v2aXX4x0Aga,One Kiss (with Dua Lipa) - Patrick Topping Remix,Calvin Harris,[],0.8,0.809,9,-5.917,1,0.0597,0.0238,0.865,0.0739,0.179,129.992,233537,4,4,Rap / Spoken
43Ys7IixKW8wqXtRUIayxx,Akkhan Vich Vasaai Baithe Haan,Wadali Brothers,['qawwali'],0.561,0.526,8,-11.856,1,0.0451,0.238,0.000261,0.0743,0.867,80.194,587173,4,2,Instrumental Calm
43cCZRdT1nybOMWrjimFWB,Stay,Khalid,[],0.666,0.628,5,-7.869,0,0.0504,0.228,2.43e-06,0.0834,0.429,124.936,204613,4,2,Instrumental Calm
43dy705bhQnOLfEZDvvtBW,Maili Chadar Odh Ke,Anup Jalota,['ghazal'],0.54,0.66,6,-9.723,1,0.0392,0.315,0.0,0.0913,0.798,84.901,275342,4,2,Instrumental Calm
43iKgGbmfqPLh3mxUlospI,Sooner Than Later,Drake,[],0.616,0.501,5,-5.722,0,0.24,0.178,1.2e-05,0.105,0.506,94.554,262047,4,2,Instrumental Calm
43oK4OAWUsRZUDVeHtKI4U,New Rules,Dua Lipa,[],0.762,0.7,9,-6.021,0,0.0694,0.00261,1.56e-05,0.153,0.608,116.073,209320,4,2,Instrumental Calm
43qJ7q6Uszkxr14qLg1smp,Ae Thewa Mundri De Thewa,Atta Ullah Khan Esakhelvi,"['ghazal', 'qawwali']",0.513,0.633,9,-7.433,1,0.205,0.427,0.000254,0.125,0.598,128.509,327105,4,2,Instrumental Calm
43wzy7JxMEfvCh8ZFeZKYk,Right Now,Nick Jonas,[],0.597,0.751,6,-4.982,0,0.193,0.0104,0.0,0.0912,0.568,103.956,201680,4,2,Instrumental Calm
448NXFrl9pY8MxSuGkHUNk,Rang Daar Gayi Re Goriya - Original,Anup Jalota,['ghazal'],0.599,0.857,9,-3.608,1,0.0452,0.0169,5.57e-05,0.255,0.951,113.254,358690,4,2,Instrumental Calm
448lrYt4In4wn8tBi4xVmb,Come See About Me,Nicki Minaj,[],0.374,0.612,1,-5.492,1,0.124,0.315,4.47e-05,0.128,0.365,78.74,246240,4,0,Energetic Happy
44Du2IM1bGY7dicmLfXbUs,Final Fantasy,Drake,[],0.5,0.448,0,-10.977,1,0.442,0.422,8.03e-06,0.115,0.104,144.204,219960,1,1,Dance Party
44OvvXhiJI34xxVdwHGFln,Shri Mahakali Amritwani,Anuradha Paudwal,['ghazal'],0.579,0.529,6,-8.312,0,0.0561,0.91,0.0,0.502,0.927,144.576,2936268,4,3,Acoustic Chill
44PGKodxJwWlmNIWtA8x3w,Humain Kiya Mila,Noor Jehan,['ghazal'],0.453,0.215,8,-11.333,1,0.0381,0.985,0.222,0.317,0.299,97.148,202060,4,1,Dance Party
44gB5A6fb7M0YZu11AIbYv,Mere Yaar Kanhaiya,Manoj Mishra,['sufi'],0.701,0.608,6,-10.706,1,0.036,0.112,4.64e-06,0.111,0.703,140.057,306000,4,2,Instrumental Calm
44rWCjOwvnngEMBdCtYsiX,Sajan Bewafa - Lofi,Shazia Manzoor,['ghazal'],0.703,0.223,3,-13.809,0,0.0837,0.335,0.00197,0.113,0.251,94.957,192000,4,1,Dance Party
44vdg842VnkMErOg1mwQyz,Shree Yantra Chalisa,Anuradha Paudwal,['ghazal'],0.615,0.655,6,-5.184,1,0.0398,0.768,0.0,0.176,0.608,77.55,761790,4,2,Instrumental Calm
44yfIMXAi48zG7w6ZI4vIg,Mast Qalandar (Dhammal),Abida Parveen,['ghazal'],0.603,0.628,5,-12.19,1,0.156,0.62,0.00128,0.532,0.771,122.646,350319,4,0,Energetic Happy
452exQcBAi4LQTh4nFKe9v,Main Pyar Hoon Tera Jaane Na Tu,Sonu Nigam,['bollywood'],0.591,0.5,4,-10.087,1,0.0291,0.503,2.96e-06,0.0882,0.587,99.909,296546,4,1,Dance Party
45Egmo7icyopuzJN0oMEdk,Love Lies (with Normani),Khalid,[],0.708,0.648,6,-5.626,1,0.0449,0.0956,0.0,0.134,0.338,143.955,201707,4,2,Instrumental Calm
45GCvvJFURTnaUGWpxUg6J,Sun Charkhe Di Mithi,Nusrat Fateh Ali Khan,['qawwali'],0.462,0.774,4,-5.977,1,0.0751,0.492,0.00731,0.195,0.708,144.18,398164,4,0,Energetic Happy
45Ni8ZjxR0QSvkAcunPTNZ,Tu Rah Nawarde Shauq Hai Manzil Na Kar Qabool,Nusrat Fateh Ali Khan,['sufi'],0.494,0.474,1,-9.59,1,0.0902,0.724,3.77e-06,0.139,0.688,82.802,2449986,4,3,Acoustic Chill
45OzCWg434SEbpKhEx52zh,Aşki,Süleyman Erguner,['sufi'],0.202,0.00675,8,-29.62,1,0.0456,0.995,0.959,0.0814,0.276,137.027,401507,3,4,Rap / Spoken
45QM8CjkdP6RVF9R9cIyKC,Ke Jaane Kothay,Subhamita Banerjee,['ghazal'],0.432,0.498,7,-8.29,1,0.091,0.596,0.000117,0.0954,0.542,81.616,261833,4,1,Dance Party
463g3FH4yKWCnM0kdF840U,Ye Dil Mein Rahanewale (With Jhankar Beats),Kumar Sanu,['bollywood'],0.567,0.908,9,-7.798,0,0.0562,0.164,3.33e-05,0.182,0.819,128.111,427965,4,0,Energetic Happy
46DCcJjJ6YulFz61qTGjmb,"Daingad Daingad (From ""Humpty Sharma Ki Dulhania"")",Sachin-Jigar,['bollywood'],0.856,0.782,11,-3.834,0,0.0903,0.463,0.0,0.196,0.86,132.067,222751,4,2,Instrumental Calm
46HT9x5CqPGwE6w7NJHMYJ,Yara Dak Lay Khooni Akhiyan Nu,Rahat Fateh Ali Khan,['qawwali'],0.482,0.456,10,-15.987,0,0.047,0.553,0.000275,0.618,0.611,107.476,386937,4,1,Dance Party
46Js4pLtjSV9F0b5GHOdxI,Meri Mitti Paar Laga De,Krishna Beuraa,['sufi'],0.576,0.603,7,-12.353,1,0.0768,0.663,0.0,0.9,0.712,100.025,300976,4,0,Energetic Happy
46TYpWhdTiTISGTfyMtzzC,Kaisa Yeh Junoon,Rahat Fateh Ali Khan,['qawwali'],0.669,0.517,5,-6.784,1,0.0277,0.655,0.0,0.0913,0.453,115.977,250453,4,1,Dance Party
46jkyzHBOH4FFNcGtBQBoO,Ruth Hai Suhani,Kanan Devi,['bollywood'],0.347,0.239,3,-13.474,0,0.044,0.991,0.938,0.1,0.573,73.78,183285,4,4,Rap / Spoken
46mskVJg7mlHfivYgIILLO,Mestü Hayranım,Süleyman Yardım,['sufi'],0.333,0.28,4,-11.16,1,0.0327,0.877,0.0102,0.0993,0.275,153.265,234440,4,1,Dance Party
46uPx2fD9LRbpyahGmiApp,Teri Yaad,Sajjad Ali,['sufi'],0.757,0.518,10,-10.968,0,0.0358,0.264,0.000179,0.097,0.759,131.676,377689,4,2,Instrumental Calm
46ujlV9n7w9jcNPyQB01vE,Tamanna Phir Machal Jaaye (LoFi Flip),Jagjit Singh,['bollywood'],0.679,0.549,3,-10.684,0,0.0374,0.608,4.31e-06,0.212,0.628,90.022,114630,4,1,Dance Party
46xkXPGjR9Ig9BcaTUNus3,Your Song,Rita Ora,[],0.853,0.571,1,-5.845,1,0.0543,0.133,0.0,0.0564,0.958,117.991,180160,4,2,Instrumental Calm
46z2CCiEaCVnr5yyAwTIsP,"トパーズ - Live at Aoyama Spiral Hall, 1998",Yoshiyuki Osawa,['pop'],0.54,0.908,0,-4.896,1,0.0459,0.0411,6.61e-06,0.971,0.709,101.282,341733,4,0,Energetic Happy
477gOTCoBo3nIdrJf6rDw5,Bhaili Phoolva Ki Barkha Hamar Angna,Anuradha Paudwal,['bollywood'],0.387,0.757,7,-8.69,1,0.0589,0.78,7.15e-05,0.339,0.925,187.543,418453,4,0,Energetic Happy
47Py9ziDVFgnamFQhGgAWR,Jeg Har Kun Li'e Til Skatten,Liva Weel,['pop'],0.642,0.325,7,-11.677,1,0.0791,0.994,0.00548,0.132,0.756,111.525,205333,4,1,Dance Party
47VxSYBb1qGpfjcNpsKDtz,"Tere Pyaar Mein (From ""Tu Jhoothi Main Makkaar"")",Arijit Singh,['bollywood'],0.68,0.753,9,-5.492,0,0.0543,0.123,0.0,0.173,0.413,118.965,266095,4,2,Instrumental Calm
47YPTOOkDJrunY6jlOYURU,Ishq Mein Hum Tumhein Kya Bataye,Atta Ullah Khan Esakhelvi,"['ghazal', 'qawwali']",0.338,0.9,2,-1.672,0,0.0504,0.488,5.51e-05,0.667,0.376,99.96,638907,4,0,Energetic Happy
47fgOIXzISCijDPI9f6nox,Jhoke Hawa Ke Sajna Se Jake Kehna Ye Baat,Anuradha Paudwal,['ghazal'],0.467,0.681,1,-8.419,1,0.0421,0.655,0.0,0.132,0.633,138.817,288640,4,0,Energetic Happy
47hK5O1lHSrlrcDGfLBew6,Aande Naachet,Anuradha Paudwal,['ghazal'],0.511,0.477,10,-11.153,0,0.0498,0.414,0.0,0.241,0.844,145.381,417133,1,1,Dance Party
47owxYjLWt54HjOIu0m4a9,Where Were You In The Morning? - Remix,Shawn Mendes,[],0.743,0.695,5,-6.026,0,0.233,0.0817,0.0,0.308,0.668,92.98,190707,4,2,Instrumental Calm
483v27PMHWBtPFyXQ3rElQ,Alone - Clean Bandit MFF Remix,Halsey,[],0.797,0.753,9,-6.042,0,0.0622,0.0571,0.00413,0.24,0.67,126.015,203636,4,2,Instrumental Calm
488CfSl1lLvGyUtVSbi8ZY,Alt Mellem Himmel Og Jord,NEIGHBOURS,['pop'],0.502,0.655,7,-13.713,1,0.37,0.734,0.0,0.744,0.537,85.46,254693,4,3,Acoustic Chill
48DsYEzL8FTA1IZ8nWDAum,Ashiq Ke Liye Yaksan,Farida Khanum,['sufi'],0.354,0.294,10,-12.133,1,0.0327,0.952,0.000125,0.0542,0.391,158.26,325867,4,1,Dance Party
48EdtUeh1WE46uIMF3yiGa,Muhammad Ke Ghulamon Ka,Sher Miandad Khan Fareedi Qawwal,['qawwali'],0.509,0.721,3,-10.418,0,0.106,0.531,0.000337,0.301,0.934,116.009,665680,4,0,Energetic Happy
48Nh6k64lyIWQ9mVeBvK8D,Jeeve Shah Nait Wali - Chan Mehar,Naseebo Lal,['ghazal'],0.569,0.901,10,-5.158,0,0.121,0.222,0.00035,0.247,0.801,90.897,464973,4,0,Energetic Happy
48OueSIhinJEzxmsvlqX3l,"Sexy Dress - From ""Ab Ek Vivaah Aisa Bhi""",Manoj Mishra,['sufi'],0.683,0.872,11,-6.851,0,0.0958,0.448,0.0,0.11,0.823,101.939,191176,4,2,Instrumental Calm
48TKzChW6nk1WWldshUBMd,I Love It - (Freaky Girl) Edit,Kanye West,[],0.888,0.48,0,-8.48,0,0.255,0.014,0.0,0.256,0.389,104.108,127947,4,2,Instrumental Calm
48hPqixVpdAWPc6QDR1imR,"Suno Aisha (From ""Aisha"")",Amit Trivedi,['bollywood'],0.862,0.673,7,-6.686,1,0.0688,0.33,0.00856,0.0961,0.841,105.003,260027,4,2,Instrumental Calm
48yBGTsRQCTDP57KBFFjgT,Hakka,Kani Karaca,['sufi'],0.446,0.198,1,-12.205,1,0.264,0.893,0.0,0.281,0.34,109.422,468648,3,1,Dance Party
48zjsBmOTxv9xQNF3SEggy,Akhiyan Udeekdiyan,Nusrat Fateh Ali Khan,['qawwali'],0.533,0.881,3,-4.163,0,0.0835,0.447,0.0302,0.563,0.793,117.028,978165,4,0,Energetic Happy
4995vLoe6JYvhKMIVKiKTc,Om Jai Lakshmi Mata,Alka Yagnik,['bollywood'],0.595,0.615,6,-9.412,1,0.0358,0.625,0.0,0.222,0.935,96.333,339907,4,2,Instrumental Calm
49QVOdWgGagzLrThkIqtK6,Scared Of Love,Juice WRLD,[],0.619,0.551,11,-4.845,0,0.106,0.0351,0.0,0.166,0.161,157.989,170539,4,2,Instrumental Calm
49XXeGbxSEGUdmWO76iY6v,Dost Ban Ban Ke Mile Mujhko Mitane Wale,Jagjit Singh,['ghazal'],0.551,0.376,8,-13.122,1,0.03,0.841,0.00145,0.0962,0.555,123.379,260827,4,1,Dance Party
49ZzAzeD6WDkDwSZukv8Fg,Dhai Din Na Jawani Naal Chaldi,Arif Lohar,['sufi'],0.487,0.828,0,-7.148,0,0.0636,0.305,0.000107,0.299,0.74,120.961,440616,4,0,Energetic Happy
49hGSJbHR2MsuFOHEe1msn,Goom Hai Kisi Ke Pyar Mein - Lofi,Kishore Kumar,['bollywood'],0.64,0.304,7,-17.012,0,0.0478,0.623,0.145,0.139,0.447,115.004,146087,4,1,Dance Party
49hqKy6Dv3NxnNrLHacpwM,Raghukul Ki Yehi Reeti Bharat Hai,Abhijeet,['bollywood'],0.664,0.452,2,-14.42,1,0.047,0.451,5.98e-05,0.749,0.68,138.097,331531,4,1,Dance Party
49us7ovOt79TERATqX6K78,Aaj Sakhi Rang Ghol,Sudha Malhotra,['bollywood'],0.612,0.331,7,-9.341,0,0.433,0.987,0.165,0.112,0.797,183.355,193527,3,1,Dance Party
49vp6VmrF7h6Z9jXqlloJs,"Byada Maga Byada Kano - From ""Maadha Matthu Maanasi""",Kailash Kher,['sufi'],0.613,0.686,7,-6.839,0,0.0982,0.738,1.23e-05,0.391,0.869,180.075,267631,4,0,Energetic Happy
4A27QvfB5iugWMhl4SXFYd,Gham Mujhko Chorr Dhen Toh,Shahid Ali Khan,['qawwali'],0.613,0.872,3,-5.613,0,0.0364,0.333,2.66e-06,0.207,0.963,123.89,430943,4,0,Energetic Happy
4A7EkKijzA4ryEoCRWJzdG,I'll Never Love Again - Film Version,Lady Gaga,[],0.451,0.34,7,-7.466,1,0.031,0.763,2.49e-06,0.135,0.221,110.502,281067,4,1,Dance Party
4A7RkGQxukY21nxXsLtDMZ,Tara Khosa Raat,Jeet Gannguli,['bollywood'],0.702,0.619,4,-6.689,1,0.0666,0.217,0.0,0.283,0.455,139.884,273033,4,2,Instrumental Calm
4AHf95j0u6LmoXTVcD624L,Ali Da Malang Mai Te Ali Da,Alhajj Muhammad Owais Raza Qadri,['sufi'],0.233,0.446,2,-4.035,1,0.0311,0.869,0.0,0.21,0.236,69.335,365853,3,1,Dance Party
4AY4F0q4XTVNZbW3RPyizB,Iphone Dilade - Hindi,Shabab Sabri,['bollywood'],0.758,0.82,10,-3.888,1,0.0492,0.259,0.0,0.089,0.614,92.974,197419,4,2,Instrumental Calm
4Axji6yD1XXIRMSnw6yDcR,SHRIKARACHA TU ADHIPATI,Anupama,['bollywood'],0.404,0.551,4,-10.01,0,0.0757,0.609,4.33e-06,0.15,0.585,148.251,485739,3,1,Dance Party
4B3NahKokb7lLkvaLFZFzn,Sick Boy - Owen Norton Remix,The Chainsmokers,[],0.735,0.876,11,-4.03,0,0.0606,0.00617,1.11e-05,0.0825,0.504,100.04,194267,4,2,Instrumental Calm
4B5E5QM1XkhqLdDE0e2v37,Ab Humka Bhi Rang Do,Anup Jalota,['ghazal'],0.55,0.783,4,-5.685,1,0.145,0.169,0.0,0.0913,0.907,79.432,325982,4,2,Instrumental Calm
4BH9zDv1Ys6kw0j3lU1hTx,Particular Taste,Shawn Mendes,[],0.968,0.352,9,-7.122,1,0.121,0.0365,0.000103,0.0677,0.599,111.968,175573,4,2,Instrumental Calm
4BHr5nFZwSizab83JbqKwY,Aajana Meri Jaan,Mika Singh,['bollywood'],0.618,0.954,7,-4.94,1,0.0403,0.0681,0.00128,0.202,0.905,110.181,320925,4,2,Instrumental Calm
4Bc7ZCIMwFVvhb7yOfkC5o,Rabba Kise Kolon Kise Da Na Yaar,Rizwan-Muazzam Qawwali,['qawwali'],0.465,0.798,3,-9.335,0,0.0545,0.044,0.0,0.599,0.758,115.811,895250,4,0,Energetic Happy
4Bd4A939IaUQwanpw0EZLN,Achyutam Keshavam Krishna Damodaram,Amit Mishra,['bollywood'],0.667,0.546,7,-10.457,1,0.0482,0.709,8.92e-06,0.134,0.457,87.972,325160,4,1,Dance Party
4BfKAjSwksr8zzh1oUxM2s,"Seene Mein Sholay, Pt. 1 - Pt. 1",Mohammed Aziz,['bollywood'],0.48,0.639,0,-12.856,1,0.0437,0.528,0.000248,0.344,0.741,150.208,369640,3,0,Energetic Happy
4BiiOzZCrXEzHRLYcYFiD5,Hope,The Chainsmokers,[],0.773,0.699,1,-5.982,0,0.0958,0.488,3.6e-06,0.0814,0.513,104.941,180120,4,2,Instrumental Calm
4BljuqffaLaXFuf9oT1UpV,Khushi,Nazia Hassan,['bollywood'],0.506,0.481,9,-13.623,0,0.0336,0.513,8.93e-05,0.17,0.475,114.824,347320,4,1,Dance Party
4Bq4PmUT9AvfPUILhVWkdE,Charaghe Toor Jalao,Mehdi Hassan,['ghazal'],0.299,0.834,5,-9.891,1,0.0765,0.813,0.593,0.467,0.509,133.717,462293,3,4,Rap / Spoken
4ByZfAhMwsTaXoB0tTz2GY,The Crucifixion,John Legend,[],0.307,0.414,8,-12.549,0,0.0609,0.403,0.0119,0.37,0.0383,127.986,108013,4,1,Dance Party
4C0CBdoabkKrJILkgtwInI,Chupi Chupi Chole Na Giye,Begum Akhtar,"['ghazal', 'bollywood']",0.37,0.434,5,-11.281,0,0.0594,0.919,0.0,0.378,0.376,134.795,541573,4,1,Dance Party
4C4BBNUFcdC2EONqV8TF59,Chhod Chala,Alisha Chinai,['bollywood'],0.63,0.761,4,-10.121,0,0.0592,0.468,8.1e-06,0.0739,0.533,106.78,405480,4,2,Instrumental Calm
4C6Zgh1Ji9vv7GsoZGdmqR,Sari Sari Raat,Nusrat Fateh Ali Khan,['qawwali'],0.716,0.862,5,-5.587,1,0.0815,0.496,0.0,0.135,0.944,158.342,267197,3,2,Instrumental Calm
4C7Q4hZSR7wJUev5Txondu,Phuriye Jaoya Diner Anchal,Hemant Kumar,['bollywood'],0.314,0.159,2,-17.342,1,0.0429,0.976,0.000138,0.0919,0.269,150.618,240746,3,1,Dance Party
4CDtsgOY7KgHsthts9ddUf,Kadi Aon Di Te Das De Tareek Ve,Rahat Fateh Ali Khan,['bollywood'],0.516,0.926,0,-2.83,1,0.0649,0.233,0.00231,0.561,0.835,118.579,440135,4,0,Energetic Happy
4CX4Q6fZB4RjjnqpVGnXI8,Hai Ne Chaan Chadia Chabare,Asha Bhosle,['bollywood'],0.484,0.755,8,-3.92,1,0.0725,0.964,0.0295,0.0807,0.614,83.445,255593,4,0,Energetic Happy
4CX70Nt2kRmhs77NqBMyCu,Genius,Sia,[],0.622,0.621,11,-4.924,0,0.129,0.0864,9.8e-05,0.121,0.567,158.946,213040,4,2,Instrumental Calm
4CgaCF9jbM88saY1XZc7I9,Om Namah Shivay - Traditional,Anuradha Paudwal,"['ghazal', 'bollywood']",0.605,0.638,6,-8.122,0,0.0408,0.761,0.0,0.341,0.719,96.075,296720,4,1,Dance Party
4Cu4Ajvq3ydRZag5jWqZxS,Likh De - Live Jamming,Himani Kapoor,['bollywood'],0.437,0.804,9,-4.082,1,0.154,0.334,0.0,0.305,0.651,157.036,217801,4,0,Energetic Happy
4CxQLiWCAZGvSbCcpfQlE5,Charage Ishq Jalaane Ki Raat Aaye Hai,Jagjit Singh,"['bollywood', 'sufi']",0.662,0.298,9,-14.647,1,0.0289,0.709,0.00013,0.0716,0.629,82.053,348440,3,1,Dance Party
4Cyl2Y48AVlU9kuBFVQ0qd,Ganesh Mantra,Anuradha Paudwal,['ghazal'],0.723,0.634,1,-7.195,0,0.0705,0.622,0.0,0.0804,0.579,130.036,454217,4,2,Instrumental Calm
4D2Kx2NRZqO7MBZDj8SJTR,Angrezi Fun Paray,Zia Mohyeddin,['ghazal'],0.542,0.274,7,-19.948,1,0.93,0.568,0.0,0.903,0.538,82.338,525253,4,3,Acoustic Chill
4DTuOgYj0ZmQfdJeFU8MYk,Main Koyal,Sabri Brothers,['qawwali'],0.322,0.689,0,-9.335,1,0.085,0.741,0.0,0.108,0.55,89.118,791824,4,0,Energetic Happy
4DWRK6R4lziBVHOuTouhxX,Dil Tera Diwana Hai Sanam,Lata Mangeshkar,['bollywood'],0.386,0.801,2,-6.699,0,0.0731,0.908,0.0822,0.377,0.683,120.402,358427,4,0,Energetic Happy
4DZ3SJcNM59wMk3hGHORfA,Hai Lab Par Pyare Nabi Ka Naam,Yusuf Azad,['qawwali'],0.425,0.835,2,-10.452,1,0.307,0.986,0.544,0.151,0.694,112.915,360411,4,4,Rap / Spoken
4DZVMR26foUhU538dEnQKF,Rishta Kya Hai Tera Mera,Jagjit Singh,['ghazal'],0.557,0.192,5,-20.958,1,0.0302,0.438,0.0112,0.0812,0.417,80.061,292013,4,1,Dance Party
4Dgyk9AynTYhbf2IKDoIYP,Kaun Aaya,Jagjit Singh,['ghazal'],0.56,0.196,6,-21.637,1,0.0308,0.286,0.000631,0.0839,0.51,86.05,328867,4,1,Dance Party
4E8LAkAoZDLDQDfKhJ4M1r,Mil Gaya Mujhko Pyar Mera,Shahid Ali Khan,['qawwali'],0.633,0.759,9,-8.757,0,0.102,0.578,0.248,0.143,0.707,110.215,408308,4,2,Instrumental Calm
4EOcS46iLSpm85pKHdGfO1,Bol Bam Bol,Anup Jalota,['ghazal'],0.494,0.945,4,-3.503,1,0.206,0.399,2.83e-06,0.437,0.645,74.802,283200,4,0,Energetic Happy
4EU8viHD73aE4vrNej7Tma,Tera Sevan Rahe Abaad,Sher Miandad Khan,['qawwali'],0.393,0.972,6,-2.266,1,0.11,0.0467,0.0,0.247,0.732,130.706,887565,4,0,Energetic Happy
4EUYVzeX1MDVEbOACEszYE,Sarey Nabian Da Nabi,Nusrat Fateh Ali Khan,['sufi'],0.507,0.796,1,-6.523,1,0.0474,0.517,0.000216,0.178,0.916,113.33,980832,4,0,Energetic Happy
4Eoo7KVSVmEpwqgAmpU7av,Khwaja Se Mango - Garib Nawaz Qawwali,Rais Anis Sabri,['qawwali'],0.695,0.868,8,-4.933,1,0.0466,0.0869,0.0,0.0958,0.795,113.987,634143,4,2,Instrumental Calm
4FA8GD0xIwIHoExnGOdRoP,Aa Seetadevi Navvula,Arijit Singh,['bollywood'],0.596,0.527,9,-8.489,1,0.0596,0.842,0.0,0.107,0.405,139.866,255876,4,1,Dance Party
4FDPmcRlig8VKV5WGy4Ny9,Meri Bigri Bana De,Sain Zahoor Ahmed,['sufi'],0.717,0.81,1,-8.004,1,0.0612,0.571,0.000319,0.0874,0.853,82.901,425162,4,2,Instrumental Calm
4FDSPGncHRpr6yB8DD4CtI,Let’s Call It Off (feat. Peter Bjorn and John),Drake,[],0.79,0.731,9,-4.607,0,0.0327,0.00427,0.29,0.157,0.938,127.403,234176,4,2,Instrumental Calm
4FFW0QDDNWfMf2eRnUNXsf,Jag Moh Lya Sohni Soorat Ne (Guru Ravidass Ji),Nusrat Fateh Ali Khan,['sufi'],0.543,0.835,1,-4.528,1,0.14,0.554,0.0,0.183,0.876,116.045,904032,4,0,Energetic Happy
4FG5jRO4kywNI6Q1cvQRL7,"Saibo (From ""Shor in the City"")",Sachin-Jigar,['bollywood'],0.619,0.429,2,-7.867,1,0.028,0.738,1.35e-05,0.136,0.545,90.058,195253,4,1,Dance Party
4FbHAn4VLOAjIYJLSqI8ys,Jhoom Sharabi Jhoom,Aziz Nazan,['qawwali'],0.383,0.453,2,-14.435,0,0.0466,0.708,1.29e-06,0.0656,0.59,157.809,314932,3,1,Dance Party
4FcTv5EeDQTxWL3Tpxv3Rb,Meri Chaadar Tha,Roop Kumar Rathod,['sufi'],0.51,0.43,3,-8.827,0,0.0312,0.801,9.11e-05,0.237,0.205,147.845,350467,4,1,Dance Party
4Fp0ssuIO49RXn8ahYFMOi,Bhedi,Ankit Tiwari,['bollywood'],0.555,0.54,1,-7.812,1,0.0288,0.63,0.0,0.351,0.371,131.954,275426,4,1,Dance Party
4Fqs2RdiuCstYmY8LfpLuo,Nit Khair Manga,Nusrat Fateh Ali Khan,"['sufi', 'qawwali']",0.3,0.581,6,-13.029,1,0.0556,0.811,0.307,0.784,0.909,191.244,630909,4,0,Energetic Happy
4Fsd3A4LRLQytbpBqKoaNI,What's Your Raashee? - Pal Pal Dil Jisko Dhoonde,Sohail Sen,['bollywood'],0.465,0.529,11,-7.585,0,0.0323,0.272,2.36e-06,0.241,0.406,119.57,238667,3,2,Instrumental Calm
4G0RJlZ0IojQF3wluGGMSn,Hey Gokul Ke Kishan Mere,Anup Jalota,['ghazal'],0.497,0.626,7,-6.979,1,0.0429,0.503,0.0,0.0712,0.401,82.942,420003,4,2,Instrumental Calm
4G7FpNuipAE7ua19v5ve3o,Ae Watan Pak Watan,Amanat Ali Khan,['ghazal'],0.449,0.465,0,-11.2,1,0.0344,0.938,0.858,0.0747,0.58,94.298,280307,3,4,Rap / Spoken
4GDDLuvKxiUPVpyAsx4YNJ,Mere Dholan Mahi Aa Ja Akhian Tars Gayan,Nusrat Fateh Ali Khan,['qawwali'],0.377,0.784,1,-9.09,1,0.0529,0.235,0.0,0.404,0.708,104.83,529010,4,0,Energetic Happy
4GQHRhSlYSa8832RwpChLX,Dil Ki Baaton Ko,Aaroh,['sufi'],0.619,0.854,7,-7.928,1,0.119,0.00543,1.98e-06,0.664,0.547,134.958,307387,4,0,Energetic Happy
4GUc9hIp3HnY3MKELPde7q,Mera Piya Ghar Aaya,Nusrat Fateh Ali Khan,['qawwali'],0.501,0.709,5,-10.748,1,0.0614,0.449,0.0131,0.814,0.81,121.811,686042,4,0,Energetic Happy
4GYM4WRBneNjLs8LaFNUiZ,Ansoo Samajh Ke Kyon Mujhe,Talat Mahmood,['ghazal'],0.253,0.329,8,-13.271,1,0.0334,0.761,6.81e-05,0.0925,0.468,135.606,335400,3,1,Dance Party
4GckEHQd0VoAoYE8oSBPYY,Pachchadanamey,Hariharan,['ghazal'],0.536,0.328,1,-18.843,0,0.0647,0.387,9.94e-05,0.367,0.546,175.975,361667,4,1,Dance Party
4GmB6oFeYDyoEs9NiifD9D,Lagi Waley Te Akh Neyon Launde,Nusrat Fateh Ali Khan,['qawwali'],0.463,0.705,6,-8.391,1,0.0571,0.161,0.0,0.832,0.774,115.176,1143798,4,3,Acoustic Chill
4Gs8i1UmUXD71EMbnD2ufl,Hathwa Mein Fulwa Dalaiya,Anuradha Paudwal,['ghazal'],0.6,0.357,9,-10.063,1,0.0273,0.837,0.00382,0.123,0.548,104.19,302453,1,1,Dance Party
4H7WNRErSbONkM06blBoGc,Stay,Post Malone,[],0.479,0.468,5,-5.396,1,0.0274,0.414,0.0,0.148,0.35,85.913,204427,4,1,Dance Party
4HG1YiGBseVKzjyKcmAJen,Summer Games,Drake,[],0.775,0.482,1,-11.269,1,0.0357,0.477,0.0456,0.11,0.134,136.016,247893,4,1,Dance Party
4HQTkZDmx5uTjSWcb1ZpGR,Dum Ali Ali,Shafqat Amanat Ali,['sufi'],0.689,0.821,9,-11.779,1,0.104,0.0523,0.00249,0.108,0.545,107.048,352679,4,2,Instrumental Calm
4HYGpWdiE7Y8CqUpsp7R5K,Poster Lagwado Bazaar Mein,Lalit Sen,['bollywood'],0.759,0.842,2,-10.296,1,0.0567,0.0705,3.12e-05,0.417,0.832,111.978,363907,4,2,Instrumental Calm
4Hf2aSkZGk3R70X4faMzIe,Maha Shivratri Aayi,Alka Yagnik,['bollywood'],0.568,0.442,1,-10.787,0,0.0569,0.509,5.86e-06,0.367,0.791,81.757,276036,4,1,Dance Party
4HnJgXHNaXMnarVmKzUn6u,Ostavljam Vam Sve Što Imam,Boris Ciro Gasparac,['pop'],0.425,0.437,11,-10.0,0,0.0388,0.85,0.0106,0.156,0.388,120.316,220427,4,1,Dance Party
4HrfmUsfEq116EJLDIKIut,I'm Gonna Make You Mine,Lou Christie,['pop'],0.862,0.456,4,-13.312,1,0.0709,0.519,0.00938,0.119,0.962,127.911,157587,4,2,Instrumental Calm
4Ht0ZeZY75v55IIU6smMT3,Main Aaya Tere Liye,Nazia Hassan,['bollywood'],0.643,0.645,1,-12.151,0,0.0804,0.408,1.78e-06,0.14,0.612,123.48,486933,4,2,Instrumental Calm
4I3pQt1LtT3FhlCMixf1Jf,Wolves - Said The Sky Remix,Selena Gomez,[],0.591,0.746,11,-4.642,0,0.0456,0.0541,1.52e-06,0.119,0.493,135.181,208000,4,2,Instrumental Calm
4IGyiyJuBFNbx6nlLUadyN,"Dil De Diya - From ""Radhe - Your Most Wanted Bhai""",Payal Dev,['bollywood'],0.718,0.752,6,-4.669,1,0.0487,0.0503,0.0,0.0711,0.381,128.892,286279,4,2,Instrumental Calm
4IHYnHGb5baiZSuczKuGQA,More Balma,Lata Mangeshkar,['bollywood'],0.459,0.403,1,-11.673,1,0.0547,0.926,0.00906,0.495,0.822,118.527,199707,4,1,Dance Party
4IPu421z9Gt5zWqHYlYxDf,Aasaar Keh Rahe Hain Qayamat Kareeb Hai,Chhote Majid Shola,['qawwali'],0.482,0.622,10,-10.471,1,0.0682,0.268,0.0,0.358,0.838,129.478,1004293,3,0,Energetic Happy
4IcevFDvoJndqsWqyRXHEM,Bhagwan Mita De Meri Hasti Ko,Shamshad Begum,['ghazal'],0.525,0.239,11,-14.072,0,0.187,0.993,0.838,0.111,0.689,135.065,188392,4,4,Rap / Spoken
4IjtE14cdHoIXWFHIvi5sB,Wrong About That,Hipsway,['pop'],0.763,0.832,9,-12.477,0,0.0461,0.23,0.000886,0.0702,0.88,127.139,246333,4,2,Instrumental Calm
4IkN8DoIuCYzCpcSeMcQSS,The Christmas Song (Chestnuts Roasting On An Open Fire),John Legend,[],0.244,0.448,0,-9.201,0,0.0402,0.782,6.61e-06,0.268,0.283,182.647,255893,3,1,Dance Party
4IsUVI3AiFaJQDj3zDvLa7,Meri Chhatri Ke Neeche Aaja,Mohammed Aziz,['bollywood'],0.546,0.884,11,-9.54,0,0.13,0.259,0.0,0.766,0.691,87.994,623609,4,0,Energetic Happy
4IslZ4znpjxEqotKMGpVsJ,Yaadon Ki Baraat Chali Hain,Ghulam Ali,['ghazal'],0.436,0.404,1,-14.141,1,0.0384,0.728,0.0,0.0342,0.5,142.108,439475,4,1,Dance Party
4J4zx8xGJpuGndrVc06KaT,Diamond Heart,Alan Walker,[],0.499,0.638,0,-6.145,1,0.0438,0.129,0.0,0.631,0.253,89.98,239835,4,0,Energetic Happy
4JGwzGT3yer1kevLkucd57,Be-Sabab Baat,Jagjit Singh,['bollywood'],0.679,0.5,0,-9.881,0,0.0356,0.681,0.484,0.12,0.675,154.124,436827,3,4,Rap / Spoken
4JHrL3Qf5DSJO7ITdn7vQE,Chithi,Nusrat Fateh Ali Khan,['qawwali'],0.635,0.823,8,-8.814,0,0.0409,0.231,0.0,0.281,0.767,103.152,312257,4,2,Instrumental Calm
4JeheuEDLa8JawrrmfsiOq,Hum Buton Ko Jo Pyar Karte Hain,Nusrat Fateh Ali Khan,['qawwali'],0.41,0.82,11,-4.25,1,0.0885,0.447,0.0,0.946,0.669,115.423,900561,3,0,Energetic Happy
4JsOMTAmz7rFa29WXspLzU,The Way I Am - Acoustic,Charlie Puth,[],0.571,0.263,1,-9.965,1,0.0554,0.802,0.0,0.119,0.775,113.574,188021,4,1,Dance Party
4K34wkUKqd7leweceYqPFM,Barbie Dreams,Nicki Minaj,[],0.852,0.787,8,-4.134,0,0.334,0.315,0.0,0.194,0.701,87.976,279867,4,2,Instrumental Calm
4K7WaA7EYgds48MyQswAs3,Drops Of Jupiter - Live,Taylor Swift,[],0.378,0.52,2,-8.404,1,0.0403,0.793,0.0,0.804,0.305,109.019,316173,5,1,Dance Party
4KCnoeYaE1og8UAveLvM3G,Rabbit In The Headlights,Michael Oakley,['pop'],0.543,0.57,2,-9.933,1,0.0394,0.0845,0.00535,0.296,0.308,107.938,253333,4,2,Instrumental Calm
4KDzonRmM8oI9GLyyoTgmw,Zindagi Da Kee Etbar,Naseebo Lal,['sufi'],0.554,0.42,8,-11.713,1,0.0419,0.334,0.000725,0.481,0.822,80.886,319107,4,1,Dance Party
4KE2nIIrEY5YbwmuBcDEjW,Guru Rajendra Ko,Anuradha Paudwal,['ghazal'],0.503,0.73,9,-5.541,1,0.0428,0.836,0.000706,0.495,0.808,153.197,356682,4,0,Energetic Happy
4KGokuzSPLNAfge6RfGZAe,Ashroo NI EK Boond,Manhar Udhas,['bollywood'],0.636,0.417,1,-7.602,1,0.0259,0.754,0.0,0.0724,0.487,93.963,494000,4,1,Dance Party
4KLXNggnzrpMrtZX1DAK8g,Chal Diye,Zeb & Haniya,['sufi'],0.546,0.409,2,-9.878,1,0.0254,0.766,9.81e-05,0.118,0.288,129.968,333707,4,1,Dance Party
4KPPnuPc1U3ZdVgjrBnwQj,Kuch Iss Ada Se Aaj,Abida Parveen,['ghazal'],0.69,0.626,4,-5.449,1,0.0347,0.5,0.0,0.217,0.843,120.59,527006,3,2,Instrumental Calm
4KSR89qXVIeKAzuGMOVSg1,Bheegi Hui Aankhon,Mehdi Hassan,"['ghazal', 'sufi']",0.533,0.497,9,-7.382,0,0.031,0.944,3.3e-05,0.187,0.54,81.947,329000,3,1,Dance Party
4KYS9GK68yeuUJ8vJfPxrq,WHO? WHAT!,Travis Scott,[],0.834,0.731,10,-5.603,0,0.0566,0.0462,0.0,0.0731,0.681,140.001,176720,4,2,Instrumental Calm
4KevTcBXEIYxXVyPE78XXm,Candy Cane Lane,Sia,[],0.589,0.91,1,-4.206,0,0.0623,0.00366,4.87e-05,0.0843,0.394,130.017,212387,4,2,Instrumental Calm
4Kf86T9gw6bqT4kwyIiQ9q,Jo Mange Soi Soi Paveh,Jagjit Singh,['ghazal'],0.591,0.568,8,-9.155,1,0.0341,0.637,1.18e-06,0.0772,0.578,135.77,370427,4,1,Dance Party
4KhVQoVvhZiubkNkKKBW06,Khush Piya Wassen,Tina Sani,"['ghazal', 'sufi']",0.389,0.509,8,-9.637,0,0.0492,0.322,0.0,0.378,0.557,159.02,158545,3,0,Energetic Happy
4KmKVK7SujzcgfBiE4wN9Y,Shed Nalon Mitha Mera,Naseebo Lal,['sufi'],0.732,0.868,6,-4.956,0,0.0636,0.187,0.0721,0.343,0.969,91.068,303027,4,2,Instrumental Calm
4KuQeFDR4VCNGCbhnFiMHF,Nazan Hai Jis Pe Husn - Live,Sabri Brothers,"['ghazal', 'qawwali']",0.48,0.225,2,-17.311,1,0.111,0.802,0.000261,0.749,0.474,111.092,1268949,4,3,Acoustic Chill
4Kuymqj73QbOtdXT5MuZFA,Asghar Tere Jhoole Main Khamoshi Bari Hae,Rahat Fateh Ali Khan,['qawwali'],0.285,0.392,0,-14.309,1,0.0642,0.724,0.0,0.213,0.556,69.992,714878,4,1,Dance Party
4L56AgFNbIXQneBkjtArwo,Say My Name (feat. Bebe Rexha & J Balvin) - Sidney Samson Extended Mix,David Guetta,[],0.736,0.91,0,-6.927,1,0.101,0.0816,0.239,0.133,0.236,121.989,270492,4,2,Instrumental Calm
4LQkU5a5saLFRi4evne8Uq,Yaar Tum Bhi Kamal Karte Ho,Faiz Ali Khan,['qawwali'],0.681,0.784,9,-8.723,0,0.0664,0.159,0.000202,0.238,0.715,102.021,414034,4,2,Instrumental Calm
4LRKHjC3WH5AKZSGZzlnGk,Tempo (feat. Missy Elliott),Lizzo,[],0.833,0.722,1,-5.563,1,0.136,0.0573,1.14e-05,0.358,0.588,107.019,175343,4,2,Instrumental Calm
4LZa4kbt6xXkYBoGYgoU1N,Main Ho Gayi Teri Zalman - Jabroo,Noor Jehan,['ghazal'],0.609,0.648,10,-2.785,0,0.057,0.936,0.0191,0.216,0.794,92.507,238773,4,2,Instrumental Calm
4LoaLlrmePtx3tisNWU6Kg,Karan Tasbeeh Mein Data Tere Naam Dee,Nusrat Fateh Ali Khan,['qawwali'],0.455,0.594,7,-14.947,1,0.0701,0.016,1.74e-06,0.0795,0.815,111.402,936000,4,0,Energetic Happy
4Lt3Z7zMc6ERIycm5cLHBG,Nach Malanga,Rahat Fateh Ali Khan,['qawwali'],0.511,0.853,5,-9.035,0,0.0623,0.253,9.23e-06,0.852,0.894,123.196,908341,4,0,Energetic Happy
4LvXQDy62I5MD6JEBZcDXS,"Motto (feat. Lil Uzi Vert, G-Eazy & Mally Mall)",David Guetta,[],0.742,0.827,2,-5.067,1,0.0584,0.052,0.0,0.263,0.654,85.014,149520,4,2,Instrumental Calm
4M0pT9kNYndhyPw15ZDR8C,Let You Love Me - Möwe Remix,Rita Ora,[],0.685,0.773,3,-3.885,1,0.101,0.138,0.0,0.415,0.175,95.993,186395,4,2,Instrumental Calm
4M3lKpl0EIAF1XSJvRPCla,Mithu Miyan,Falguni Pathak,['bollywood'],0.655,0.797,10,-7.609,1,0.0616,0.193,3.11e-05,0.12,0.963,172.466,311223,3,2,Instrumental Calm
4M747nrmSu7ee1Ld4l9FP9,Loyal - Mixed,Major Lazer,[],0.795,0.485,7,-8.814,0,0.0506,0.0968,0.0,0.343,0.964,100.0,62381,4,2,Instrumental Calm
4MDD9A6cp5Ua02a6DWUwLz,Alif Allah Chambe Di Booti,Nusrat Fateh Ali Khan,['qawwali'],0.443,0.532,8,-8.738,0,0.047,0.862,0.000363,0.297,0.237,132.452,1818848,4,3,Acoustic Chill
4MPTj8lMMvxLwT3EwuXFop,Call Out My Name,The Weeknd,[],0.449,0.599,1,-4.892,1,0.0369,0.211,0.0,0.327,0.165,134.144,228373,3,0,Energetic Happy
4MVHBXfz8VvW6y1Nl5sj8y,Akh lare Te,Naseebo Lal,['sufi'],0.739,0.723,11,-12.323,0,0.0842,0.00917,2.11e-05,0.0733,0.575,124.064,260267,4,2,Instrumental Calm
4MXhiYIRDMGAuvZc5IFTwC,ASTROTHUNDER,Travis Scott,[],0.7,0.46,4,-8.111,0,0.0661,0.142,4.81e-05,0.111,0.286,151.901,142969,4,2,Instrumental Calm
4MkmZtKvZszEUWlwVQjYKe,Aaj Ki Raat Koi Aane Ko Hai - Remix,Sonu Kakkar,['bollywood'],0.658,0.956,5,-9.37,0,0.0601,0.0721,1.51e-05,0.0615,0.802,134.996,275120,4,2,Instrumental Calm
4MmSkhBnhEiX9KmayMvOOv,Keu Dekhe Dekhuk Na,Runa Laila,['ghazal'],0.741,0.627,10,-8.944,1,0.0737,0.24,0.0,0.323,0.538,89.971,290613,4,2,Instrumental Calm
4MqyhuDzVxB8MFFzvBuXR7,Main Tumse Na Poochhoon,Nayyara Noor,['ghazal'],0.514,0.472,7,-10.414,1,0.0374,0.831,2.2e-06,0.0996,0.592,149.023,248773,3,1,Dance Party
4MxQnMi1bCyge1NvGYsPUI,Mera Eh Charkha,Nusrat Fateh Ali Khan,['qawwali'],0.503,0.557,5,-10.479,0,0.0603,0.673,0.00159,0.653,0.544,120.663,481935,4,0,Energetic Happy
4MyWGzrivhWRFIN3saP4ug,Love,Lana Del Rey,[],0.528,0.355,10,-10.896,1,0.0273,0.467,0.00237,0.108,0.277,98.889,277373,4,1,Dance Party
4N6vezcuRXhAzYumCENyQp,Tajdar-E-Haram,Sabri Brothers,['qawwali'],0.437,0.264,3,-18.161,1,0.0722,0.945,0.0,0.0575,0.522,126.979,799187,4,1,Dance Party
4N9V7YYPoN4DoSnjjfHW1k,Ambiente,J Balvin,[],0.789,0.736,2,-6.279,0,0.0898,0.135,0.0,0.681,0.782,81.016,249253,4,2,Instrumental Calm
4NBTZtAt1F13VvlSKe6KTl,This Feeling,The Chainsmokers,[],0.575,0.571,1,-7.906,1,0.0439,0.0558,0.0,0.0912,0.449,105.049,197947,4,2,Instrumental Calm
4NDV8r0M33E0RRxBZyJCOv,Ve Akhiyan Wekhan Rawan,Naseebo Lal,['ghazal'],0.677,0.762,9,-7.726,0,0.0423,0.445,0.00155,0.224,0.836,145.066,385494,4,2,Instrumental Calm
4NKgQWzVpG2fvSZ0MqgXL1,Kaisa Khil Ryaa Phool Hazaraa,Dilraj Kaur,['bollywood'],0.576,0.875,8,-2.382,1,0.234,0.929,0.872,0.722,0.867,98.977,200520,4,4,Rap / Spoken
4NMULwKJ27foIbwGizeLMl,Tere Sapne Mere Sapne - Chitra Singh Version,Jagjit Singh,['sufi'],0.395,0.583,8,-8.477,0,0.0334,0.493,0.018,0.063,0.461,133.156,314000,3,0,Energetic Happy
4NhhITk2lJDsMv5ZifW4Up,Ae Mere Dil Sun Meri Jaan,Mukesh,['bollywood'],0.51,0.218,11,-11.546,1,0.0982,0.989,0.139,0.124,0.626,85.112,203894,4,1,Dance Party
4NkqyQNnSvGt0RUSDCnUNA,Photo rakh Ke Sarhane,Naseebo Lal,['ghazal'],0.75,0.495,7,-11.461,1,0.0373,0.545,0.109,0.069,0.751,139.973,358467,4,1,Dance Party
4NschDQHoI7DuNHsX62OMZ,Ali Da Malang - Live,Nusrat Fateh Ali Khan,['qawwali'],0.449,0.546,6,-13.802,1,0.0568,0.355,0.00163,0.0843,0.854,88.463,450667,4,0,Energetic Happy
4O5O0KpK05AJCfimmrOXTf,Khayal Raag Bhopali (Lage Re Nain To Se),Asad Amanat Ali Khan,['ghazal'],0.451,0.332,10,-19.816,1,0.107,0.938,0.272,0.188,0.536,152.037,1681720,4,3,Acoustic Chill
4O7Sl4bpfZA9lA5Vf7Il1t,Appapa Velaiyya,Mukesh,['bollywood'],0.788,0.725,7,-6.435,1,0.0941,0.333,0.0,0.301,0.718,129.951,359077,4,2,Instrumental Calm
4OAhXA685mbnXGp67UyDiN,Thandiyan Chawan,Noor Jehan,['ghazal'],0.416,0.436,7,-8.888,0,0.0739,0.161,0.000361,0.116,0.723,172.622,340170,4,2,Instrumental Calm
4OBUPy0UMFBVob3Zvx0LYR,Tere Liye (Instrumental),Madan Mohan,['bollywood'],0.545,0.486,1,-6.819,0,0.0246,0.782,0.388,0.13,0.273,97.972,320888,4,1,Dance Party
4OW3e4X6sfVgwRKw5FG0Vs,Tere Ishq Mein,Rekha Bhardwaj,['bollywood'],0.499,0.474,9,-7.261,1,0.0304,0.245,0.0,0.289,0.286,148.049,341133,4,2,Instrumental Calm
4OWQBuMoP4HXDL7qNNWuIw,Woh Ek Dard,Ghulam Ali,['sufi'],0.614,0.803,3,-5.546,1,0.0476,0.259,1.2e-05,0.362,0.517,101.997,320847,4,2,Instrumental Calm
4OafepJy2teCjYJbvFE60J,breathin,Ariana Grande,[],0.568,0.656,8,-5.413,1,0.0433,0.0211,1.37e-05,0.213,0.364,100.049,198160,4,2,Instrumental Calm
4Of27nwjXcl2Pgo5VhnLQ5,Don't Get Any Closer,Bebe Rexha,[],0.555,0.499,9,-7.147,0,0.0324,0.0109,0.0,0.0797,0.199,124.963,168787,4,2,Instrumental Calm
4Oh7PNQJp0FuiXd4ujk2kP,Don't Leave Me Alone (feat. Anne-Marie) - Tom Staar Remix,David Guetta,[],0.662,0.928,11,-4.212,0,0.0431,0.000218,0.799,0.0708,0.213,125.992,231406,4,4,Rap / Spoken
4OhPEOpAbJfo6EvfUDJ265,Eh Kurri Kaun Nachdi,Arif Lohar,"['ghazal', 'sufi']",0.718,0.868,4,-7.307,1,0.0487,0.617,0.00616,0.891,0.966,98.001,303418,4,0,Energetic Happy
4OhfGiEADfXzLA8Tr7CtYS,Akeli Mein Aayi,Alisha Chinai,['bollywood'],0.58,0.876,0,-8.38,1,0.282,0.603,0.000403,0.451,0.707,178.421,432000,3,0,Energetic Happy
4OsrxglKhhT4V8dsjYHvA1,kisi Ne Meri Jan,Pankaj Udhas,['ghazal'],0.61,0.319,1,-20.636,1,0.0461,0.682,4.9e-05,0.0843,0.812,103.596,337240,4,1,Dance Party
4Oy1gm7IhBNt5zhMzvZ388,Tere Dil Vich Ki Eh,Naseebo Lal,['ghazal'],0.779,0.779,11,-5.941,0,0.0431,0.466,0.0133,0.321,0.797,130.085,410173,4,2,Instrumental Calm
4P5frGQ2SQua5lhLSY7MRC,"Sham Ki Zulfain (From ""Goong"")",Mehnaz,['ghazal'],0.593,0.568,6,-9.59,0,0.0423,0.501,0.0,0.212,0.962,105.575,264840,4,2,Instrumental Calm
4P63LQVabBn460PTP0pZRd,Maula Ya Salli Wa Sallim - Live,Fareed Ayaz Abu Muhammad Qawwal,['qawwali'],0.474,0.573,6,-7.402,1,0.495,0.809,0.0,0.658,0.478,77.011,802969,4,3,Acoustic Chill
4PEEOW7oYFdIY2jpJDDVjR,Je Toon Rab Noon Manunan,Nusrat Fateh Ali Khan,"['sufi', 'qawwali']",0.7,0.792,6,-6.08,1,0.0677,0.468,0.0172,0.409,0.905,105.513,406992,4,2,Instrumental Calm
4PHJ8LEH6kRmSCEBHhfX0y,"Mukhi Yelkot, Bharla Malvat",Sonu Kakkar,['bollywood'],0.46,0.704,11,-14.431,0,0.0663,0.493,0.0326,0.528,0.642,93.972,348880,4,0,Energetic Happy
4PJemfTmOrVXrDGagZfIDG,Mon vieux copain,Johnny Hallyday,['pop'],0.325,0.315,9,-10.737,1,0.0369,0.883,2.09e-05,0.099,0.422,207.284,175573,3,1,Dance Party
4PUIT1yd5xgvnsBnlfG8lN,Khuwaja Ji Ke Angan Main,Rais Anis Sabri,['qawwali'],0.54,0.595,1,-10.089,1,0.043,0.277,0.0,0.34,0.859,121.625,1036906,4,3,Acoustic Chill
4Phx3tKAqtDI31JRdNzb1i,Ya Moinuddin Chishti,Chhote Majid Shola,['qawwali'],0.516,0.452,10,-12.763,1,0.0338,0.38,3.13e-05,0.398,0.697,132.81,875853,1,3,Acoustic Chill
4PiKzNMolcXADsA3JXBrFC,Sanwal Nahin Aaya,Shahid Ali Khan,['qawwali'],0.562,0.665,5,-7.23,1,0.047,0.572,0.0,0.247,0.782,118.108,541670,4,0,Energetic Happy
4PlcBHYqQm6fXf6k3175Cd,"Chalo Tumko Lekar (From ""Jism"")",Shreya Ghoshal,['bollywood'],0.566,0.574,9,-10.724,1,0.0455,0.423,2.56e-05,0.243,0.238,90.096,177733,4,1,Dance Party
4PuDBnGYv4asZzwJIlyOsI,Safari,J Balvin,[],0.71,0.673,0,-4.294,1,0.229,0.496,1.13e-06,0.125,0.617,180.019,205600,4,2,Instrumental Calm
4Q0yfgpERfkp59Pf2tdI4q,Every Teardrop Is A Waterfall - Live In Buenos Aires,Coldplay,[],0.397,0.943,9,-5.619,1,0.0663,0.00406,0.0,0.981,0.325,118.005,244307,4,0,Energetic Happy
4Q2ql0zcPfEZnifVH6qdYL,Meri Zeest Pur Mussarrat,Nusrat Fateh Ali Khan,['qawwali'],0.468,0.628,3,-7.641,1,0.0519,0.288,0.000485,0.345,0.689,148.234,774745,3,0,Energetic Happy
4QIo4oxwzzafcBWkKjDpXY,xanny,Billie Eilish,[],0.512,0.128,9,-17.827,1,0.313,0.778,0.00118,0.277,0.0473,109.102,243725,4,1,Dance Party
4QOeSyjKqrCohNoBlbqJ9g,Rang De Chunariya (Live),Anup Jalota,['bollywood'],0.327,0.894,3,-2.131,0,0.0504,0.708,7.01e-06,0.0973,0.706,80.115,593684,4,0,Energetic Happy
4QOn3Ev8c0C7Tn7eXGzO5k,Lagi Lagi (Remix),Himesh Reshammiya,['bollywood'],0.604,0.811,6,-9.573,1,0.0402,0.0256,0.266,0.247,0.782,128.011,223973,4,2,Instrumental Calm
4QWPbI6UrWd2cC4Vgsrkb0,Kya Khawab Tha,Abida Parveen,"['ghazal', 'sufi']",0.362,0.758,6,-9.859,0,0.0866,0.326,0.0,0.488,0.634,86.07,401517,4,0,Energetic Happy
4QZyB1MYPJM9Hdl87rWMGG,Silence,Marshmello,[],0.499,0.75,4,-3.071,1,0.0745,0.245,8.48e-06,0.177,0.306,142.083,180827,4,2,Instrumental Calm
4Qbsl1XqYzldrxFguwPV6L,Chal Tul Chal Pritan Waliya,Mohammed Rafi,['bollywood'],0.407,0.0462,4,-17.492,0,0.0399,0.987,3.33e-05,0.158,0.39,86.44,71787,3,1,Dance Party
4Qgh3EE7TO74MvIvAGNC7S,Tand Hussan Di Ishq Di,Shazia Manzoor,['sufi'],0.734,0.971,6,-1.859,1,0.0536,0.598,0.0051,0.245,0.856,120.157,349697,4,2,Instrumental Calm
4Qm6laA45wGzR8b6qlDWEv,Madhuro Madhuro,Anup Jalota,['ghazal'],0.629,0.55,6,-6.652,1,0.0277,0.649,2.82e-06,0.302,0.69,83.004,276832,4,1,Dance Party
4R07KIkFvSZ8MmGs0IyS1N,Je Toon Rab Nahin Te Rab Das - Complete Original Recording,Nusrat Fateh Ali Khan,"['sufi', 'qawwali']",0.502,0.746,1,-5.727,1,0.0623,0.752,0.000144,0.661,0.682,119.288,837953,4,0,Energetic Happy
4RAcbbkUKexQ61n2qMv10E,meri rooh,Jagjit Singh,['ghazal'],0.499,0.243,6,-13.903,1,0.031,0.762,0.00198,0.0613,0.186,157.988,330960,4,1,Dance Party
4RM2EtJ3ZD0Kh9uCpqI7EQ,IDGAF - Anna of the North Remix,Dua Lipa,[],0.617,0.669,4,-7.312,0,0.398,0.0717,0.000124,0.0633,0.603,203.913,220035,4,2,Instrumental Calm
4RPIrktGSksKNHRuIXLcy4,Bansi Ki Taan,Anuradha Paudwal,['ghazal'],0.6,0.547,8,-9.357,1,0.0355,0.419,1.9e-06,0.0891,0.73,76.587,438021,4,2,Instrumental Calm
4RVy94hgEi3cIqGy1VFt3Z,Main Hosh Mein Tha,Mehdi Hassan,['sufi'],0.522,0.341,7,-11.994,1,0.0288,0.92,0.0127,0.137,0.36,84.202,421680,4,1,Dance Party
4Rerg34JqbbeAGXndFxEe4,Ye Kaisa Anyay Data,K. L. Saigal,['ghazal'],0.4,0.309,9,-10.296,1,0.0438,0.994,0.946,0.161,0.28,67.891,211566,4,4,Rap / Spoken
4RqWsTIlrMxyiN2ijBO6fM,Paya Badlan Ne,Naseebo Lal,['ghazal'],0.659,0.934,2,-3.175,1,0.118,0.646,6.19e-06,0.938,0.78,160.152,302575,3,0,Energetic Happy
4RquIxE9fa04hiBs7oxXFs,Jhanjhar Khul Khul Jaaye,Ila Arun,['bollywood'],0.493,0.47,4,-13.064,1,0.0584,0.645,0.0,0.07,0.9,147.758,283493,4,1,Dance Party
4RvHCABM9i2D1uKpvnTlZ9,Liya Tera Naam,Mohammed Irfan,['bollywood'],0.63,0.377,8,-12.4,1,0.0299,0.291,0.0,0.101,0.106,117.961,209492,4,1,Dance Party
4RvilvGyqptp3MYcdo9YH8,Dilruba Sa Chehra - Remix,Nusrat Fateh Ali Khan,['qawwali'],0.746,0.767,11,-3.572,0,0.267,0.144,0.0,0.132,0.813,104.971,181990,4,2,Instrumental Calm
4S3RRHCVYbhj5lKvLZ4EoA,Gaani,Naseebo Lal,['sufi'],0.653,0.749,9,-4.25,0,0.074,0.486,0.0,0.711,0.732,149.76,166699,4,0,Energetic Happy
4S8d14HvHb70ImctNgVzQQ,I Love It (& Lil Pump),Kanye West,[],0.901,0.522,2,-8.304,1,0.33,0.0114,0.0,0.259,0.329,104.053,127947,4,2,Instrumental Calm
4S9KQne7dEDEusA9vZemjr,Be Wafa,Sajjad Ali,['sufi'],0.446,0.26,11,-14.772,1,0.0274,0.743,0.0408,0.0765,0.392,133.033,364413,4,1,Dance Party
4SDxY0zOFIJKmLcUFZ1CrQ,Khat Likhan,Atta Ullah Khan Esakhelvi,['ghazal'],0.692,0.876,9,-7.08,1,0.0448,0.245,0.00744,0.115,0.92,108.106,458619,4,2,Instrumental Calm
4SHiAsRIsmpOZa7raV3lGm,Meri Ankhon Ko Bakhshe Hain Ansoo,Nusrat Fateh Ali Khan,['sufi'],0.346,0.736,5,-7.824,0,0.0725,0.188,0.0,0.48,0.791,101.384,654886,4,0,Energetic Happy
4SJBCjBuGFZS6dYWKUU0EX,Kabhi Kabhi Bhagwan Ko Bhi,Anup Jalota,['ghazal'],0.649,0.442,4,-10.218,1,0.107,0.535,0.0,0.464,0.618,81.418,256747,4,1,Dance Party
4SS1VE11VjjwhmBOMg7ydY,Hum Jis Raste Pe Chale - Teri Kasam / Soundtrack Version,Lata Mangeshkar,['bollywood'],0.609,0.513,7,-7.73,1,0.0516,0.694,6.27e-05,0.058,0.78,76.31,311107,4,1,Dance Party
4SSnFejRGlZikf02HLewEF,bury a friend,Billie Eilish,[],0.888,0.395,8,-14.645,1,0.324,0.752,0.14,0.106,0.162,120.058,193143,4,1,Dance Party
4SUwJA3eUVNHExxMPEUhQe,Ratchet Happy Birthday,Drake,[],0.657,0.571,2,-12.519,1,0.14,0.106,0.00121,0.0735,0.626,167.961,207307,4,2,Instrumental Calm
4SZepBIPDRwPaHIjAKwRDb,R.I.P. SCREW,Travis Scott,[],0.607,0.609,0,-5.978,0,0.291,0.389,1.6e-05,0.111,0.556,74.946,185610,4,2,Instrumental Calm
4SvMdcjPxJr3cgQLhoyeNs,O Mar Jani Sutti Reh Gai,Atta Ullah Khan Esakhelvi,['qawwali'],0.475,0.897,1,-5.734,0,0.188,0.407,0.0,0.193,0.843,77.633,505213,4,0,Energetic Happy
4SvkdxhznhSM8JAe2vnJIZ,Kaise Bataoon Unse,Shamshad Begum,['ghazal'],0.457,0.297,6,-8.763,1,0.029,0.984,0.000214,0.149,0.461,79.39,172480,4,1,Dance Party
4SxMkNG3frs2zmcmEbrsqH,Assi Te Pehli Waar Vichre,Naseebo Lal,['sufi'],0.634,0.715,10,-7.001,0,0.118,0.297,0.000334,0.307,0.907,77.98,550371,4,2,Instrumental Calm
4Szh5UND4yflUB84Z34pg3,Ethe Nosho Di Noshahi,Yasir Iqbal Heera Qawwal,['qawwali'],0.481,0.807,1,-9.316,1,0.113,0.12,0.0,0.521,0.783,122.131,739138,4,0,Energetic Happy
4T0gOJr23MSzBdeua6ldxz,Mujra Vikhawan Ke Hujra - Pappu Badmashan Da,Naseebo Lal,['sufi'],0.818,0.895,1,-5.705,1,0.0582,0.159,0.00341,0.185,0.884,119.996,314067,4,2,Instrumental Calm
4T652DlATVHe0jdLKaN3Bw,in my head,Ariana Grande,[],0.662,0.6,0,-6.402,1,0.0703,0.173,0.000137,0.109,0.331,134.979,222947,4,2,Instrumental Calm
4T9HERhdptbraE2hrbtiN7,Kisey Nahin Teri Jaat Puchhni,Nusrat Fateh Ali Khan,['qawwali'],0.408,0.813,3,-7.012,1,0.165,0.544,0.0,0.35,0.734,107.776,927570,4,0,Energetic Happy
4TAOPTRV6n1USVpeqlvvxh,Tumse Nazrein Mili,Kumar Sanu,['bollywood'],0.674,0.79,10,-6.798,0,0.0501,0.0213,5.2e-06,0.0642,0.703,95.002,343587,4,2,Instrumental Calm
4TLMjgsp2Ra9g6RREBhrAX,Mainu Yaar Di Namaaz Padh Lain De,Nusrat Fateh Ali Khan,['qawwali'],0.502,0.471,6,-14.616,1,0.0573,0.307,2.53e-05,0.112,0.793,116.188,1184197,4,3,Acoustic Chill
4TNvGJwfVzkScyRmRXdyrX,Á leið til Mandaley,Karlakórinn Heimir,['pop'],0.383,0.209,1,-12.393,1,0.0305,0.99,0.000247,0.142,0.305,111.275,240466,3,1,Dance Party
4TNzipbkHuhp5DtHcZ9osE,Sajan Das Na,Atif Aslam,"['bollywood', 'sufi']",0.67,0.68,8,-6.849,0,0.0372,0.229,4.24e-06,0.067,0.422,139.965,236674,4,2,Instrumental Calm
4TX9QaOKkUA1maKmtuYHM2,Trushna Na Jaye,Anup Jalota,['bollywood'],0.479,0.7,1,-6.547,1,0.0613,0.738,0.0,0.104,0.474,144.777,425529,4,0,Energetic Happy
4TbA9zUfQLenNshTO9la6X,Side Effects (feat. Emily Warren),The Chainsmokers,[],0.662,0.741,8,-5.256,1,0.0317,0.0013,0.0,0.566,0.532,110.032,173840,4,2,Instrumental Calm
4TcRLwFQO49L03a6lJZv5S,Tere Qurban Pyare Muhammad,Nusrat Fateh Ali Khan,['qawwali'],0.418,0.773,8,-7.978,1,0.213,0.737,0.0,0.795,0.658,100.896,925399,4,3,Acoustic Chill
4TkFuS1UvqUSKTA9VKFfPy,Bari Bari Imam Bari,Nusrat Fateh Ali Khan,['qawwali'],0.503,0.486,1,-14.93,1,0.0673,0.436,0.00186,0.215,0.89,157.484,779560,4,1,Dance Party
4TlZtoFcV9fKSxs3RVy9Td,Karma - Skit,Juice WRLD,[],0.652,0.218,2,-18.186,1,0.206,0.933,5.11e-05,0.591,0.688,114.424,74590,4,1,Dance Party
4Tvw0lweq9l2JPQKFbpbBQ,Better When You're Gone,David Guetta,[],0.647,0.795,1,-3.548,0,0.0372,0.0635,0.0,0.188,0.409,127.992,192402,4,2,Instrumental Calm
4U4EfEG3lOhJ2w73Jgf0VL,Sab Kuch Kaisa Acha,Ghulam Ali,"['ghazal', 'bollywood', 'sufi']",0.447,0.438,8,-17.002,1,0.0353,0.88,0.668,0.307,0.865,157.211,321000,4,4,Rap / Spoken
4U5Cr41d1K6s48GAndvCdM,Everglow - Live In Buenos Aires,Coldplay,[],0.292,0.434,4,-8.881,1,0.033,0.711,0.000205,0.383,0.234,154.04,295373,4,1,Dance Party
4UAW2gObi5o6sJla0qZpPn,Mariners Apartment Complex,Lana Del Rey,[],0.528,0.284,9,-11.487,1,0.0287,0.795,0.000303,0.109,0.172,76.012,246421,4,1,Dance Party
4UAXTeuxzbKWAO1hsLK7vW,Madina Tera Wasda Rahwe,Nusrat Fateh Ali Khan,['qawwali'],0.379,0.761,3,-6.231,1,0.0608,0.702,0.0279,0.379,0.588,104.499,974035,4,0,Energetic Happy
4UFavAW3HjcPTdWSAbig3c,Zikir,Halil Necipoğlu,['sufi'],0.734,0.483,3,-10.179,1,0.0531,0.585,0.0,0.0931,0.55,120.014,272090,4,1,Dance Party
4URNzWDwsPrZ4YnaTV2a8Y,Kab Se Zainab Tumhe,Rais Anis Sabri,['qawwali'],0.763,0.36,6,-12.448,1,0.0306,0.147,0.0,0.0869,0.72,110.018,903659,4,2,Instrumental Calm
4UkYzI1sQ1zFHugqW8ZN8x,Mera Piya Ghar Aya - Live,Fareed Ayaz Abu Muhammad Qawwal,['qawwali'],0.585,0.595,11,-6.406,1,0.136,0.844,0.0,0.741,0.541,111.691,471992,4,0,Energetic Happy
4UtbRbRGdbViGna06fDoMt,Ya Haiyyo Ta Qayyum,Nusrat Fateh Ali Khan,"['sufi', 'qawwali']",0.503,0.655,1,-12.261,1,0.0675,0.0302,0.000391,0.198,0.777,109.47,1690969,4,3,Acoustic Chill
4Uw5rEWN8rMErNruwT50f2,Maye Ni Maye Mere Geetan De Nainan Vich,Jagjit Singh,"['ghazal', 'sufi']",0.51,0.419,3,-12.069,1,0.035,0.702,0.34,0.269,0.78,125.501,206827,4,1,Dance Party
4Uy3kNxW2kB8AEoXljEcth,"Familia (with Anuel Aa, feat. Bantu) - Spider-Man: Into the Spider-Verse",Nicki Minaj,[],0.658,0.888,4,-5.153,0,0.222,0.0149,0.0,0.364,0.686,167.94,174893,4,2,Instrumental Calm
4UzyDfTGL4zk2qZjr9eOxu,Bad Day,Daniel Powter,['pop'],0.579,0.813,3,-3.249,1,0.0316,0.473,0.00412,0.124,0.552,140.086,235160,4,2,Instrumental Calm
4VBstBRaK0TdwhEEXmnbJU,Dilbar Dil Wich,Noor Jehan,['ghazal'],0.582,0.647,3,-8.519,0,0.0322,0.728,0.00748,0.0996,0.802,115.791,200892,4,2,Instrumental Calm
4VDdB90GPtAVBjUHGG6Z1L,One More Memory (FYH373),Andrew Rayel,['pop'],0.532,0.989,1,-5.689,0,0.122,0.000892,0.239,0.224,0.244,138.04,257531,4,2,Instrumental Calm
4VGUWnfa85yzlm560TEt7G,Prakat Hui Maa,Suresh Wadkar,['bollywood'],0.597,0.786,10,-7.783,0,0.0546,0.515,0.0,0.383,0.956,75.054,267424,4,0,Energetic Happy
4VKXJAQXu3pp1s1zmEXsAr,"Barkat-e-Ramzan - From ""Barket-e-Ramzan""",Rahat Fateh Ali Khan,"['bollywood', 'qawwali']",0.421,0.424,2,-14.749,1,0.0604,0.722,1.47e-06,0.383,0.574,152.98,360320,3,1,Dance Party
4VLlkXBszresDZ8gc19xew,Pyar Bhare Do Sharmile Nain,Mehdi Hassan,['ghazal'],0.254,0.412,7,-13.25,0,0.0384,0.721,0.000749,0.482,0.255,145.804,398395,4,1,Dance Party
4VTCrUpWhi4lmb4O7sTnoG,Ae Khak-E-Pak,Nayyara Noor,['ghazal'],0.717,0.265,6,-14.536,1,0.0366,0.93,2.88e-05,0.1,0.76,115.495,308773,4,1,Dance Party
4VXIryQMWpIdGgYR4TrjT1,All Girls Are The Same,Juice WRLD,[],0.671,0.529,0,-7.226,1,0.307,0.0769,0.000335,0.0856,0.203,161.989,165820,4,2,Instrumental Calm
4VargQf8dDrDxtffYH78Sk,I'm a Mess - Robin Schulz Remix,Bebe Rexha,[],0.658,0.848,11,-5.735,0,0.0503,0.0066,2.09e-06,0.204,0.447,121.953,200675,4,2,Instrumental Calm
4Vl8azwvVpRZXZFwsoaH3N,Часть 7.14 & Часть 8.1 - The ТЁЛКИ (сборник),Сергей Минаев,['pop'],0.656,0.309,5,-14.787,1,0.868,0.851,0.0,0.359,0.509,114.617,185207,1,3,Acoustic Chill
4VlUvKjwt9S2FWEPfUOqar,Shri Krishna Govind,Sonu Nigam,['bollywood'],0.568,0.567,9,-8.729,1,0.0498,0.817,6.15e-06,0.223,0.743,94.812,344211,4,1,Dance Party
4Vq2pspw5mc6s95yDi6y0a,Main Piyar Tere Nal Kitta,Naseebo Lal,"['ghazal', 'sufi']",0.655,0.978,6,1.279,1,0.125,0.687,0.0285,0.378,0.866,120.995,291318,4,0,Energetic Happy
4Vq7dqxBG3VOmAlNTHogOO,Maula,Rahat Fateh Ali Khan,['qawwali'],0.479,0.624,4,-5.124,0,0.0366,0.226,3.73e-05,0.0918,0.226,125.006,304090,4,2,Instrumental Calm
4W8ZFQ9eMeInTDW4VefRBd,Closure,Maroon 5,[],0.748,0.813,0,-6.687,0,0.0704,0.183,0.0518,0.424,0.445,116.962,688742,4,2,Instrumental Calm
4W9uk9P3IoXtoNVMkQaGNu,Yavaran,Shahram Nazeri,['sufi'],0.522,0.227,0,-20.128,0,0.0413,0.19,5.58e-06,0.0737,0.343,74.05,462067,4,1,Dance Party
4WLEum25Eng2DBZcSR8bLg,"Savera Jab Ho Mere Kartaar (From ""Shambhu Teri Jai Jaikar"")",Anup Jalota,['ghazal'],0.438,0.698,3,-7.54,1,0.0458,0.679,0.0,0.102,0.592,88.625,369453,4,0,Energetic Happy
4WQHZbGmcyDAgJ3O1o6Y39,Lag Ja Gale,Rahat Fateh Ali Khan,['qawwali'],0.402,0.718,9,-5.407,1,0.045,0.53,0.0,0.454,0.673,84.261,225873,4,0,Energetic Happy
4WYQeYhFCuQ1U53r2NJvQi,Mohay Apne Hi Rung Mein,Abida Parveen,"['ghazal', 'sufi']",0.457,0.766,5,-10.984,0,0.134,0.242,0.0,0.295,0.66,154.017,437696,3,0,Energetic Happy
4WYo5dEixa8tK8pAXyNCLQ,"Cutiepie (From ""Ae Dil Hai Mushkil"")",Pritam,['bollywood'],0.799,0.929,0,-3.231,0,0.0668,0.253,0.000462,0.24,0.952,127.999,231562,4,2,Instrumental Calm
4WdHwYzTxPSgNoUbOHXwBu,"Kuchh Kehta Hai Ye Savan - From ""Mera Gaon Mera Desh""",Mohammed Rafi,['bollywood'],0.558,0.825,1,-3.102,0,0.0362,0.655,0.0,0.0846,0.779,138.644,297920,4,0,Energetic Happy
4Wu815064bdsO23b2N7lGc,Aa Gaya Mere Hothon Pe Naam E Nabi,Nusrat Fateh Ali Khan,['qawwali'],0.366,0.903,1,-4.593,0,0.124,0.772,1.79e-06,0.784,0.691,114.017,671705,4,0,Energetic Happy
4WuZULCcrjZJjiBAnPFfOu,Saiyo Mahi Vichar Gaya,Nusrat Fateh Ali Khan,"['sufi', 'qawwali']",0.388,0.792,9,-6.661,1,0.131,0.363,0.0,0.346,0.794,84.481,855467,4,0,Energetic Happy
4X2reL2UU6Hh3EGFF2sIuL,Dum Mast Qalander Mast Mast,Nusrat Fateh Ali Khan,['qawwali'],0.459,0.658,3,-11.478,0,0.0418,0.0735,5.79e-06,0.377,0.797,150.769,391580,4,0,Energetic Happy
4X5qiAOr4WmWUaYlX7biBT,Gururajachi Paule,Suresh Wadkar,['bollywood'],0.583,0.508,1,-11.083,0,0.0261,0.429,1.26e-06,0.108,0.617,95.031,375907,4,1,Dance Party
4XDZlHpT1JLOje1IdRvc2r,Pantaloncitos Calientes,Gildardo Montoya,['pop'],0.853,0.394,4,-11.285,1,0.218,0.329,0.0,0.174,0.965,120.441,157333,4,2,Instrumental Calm
4XFFADL2TLbnbzZH4v8lQw,Jai Lakshmi Mata,Mahendra Kapoor,['bollywood'],0.522,0.408,0,-14.817,1,0.0793,0.606,0.0,0.229,0.881,98.976,346133,4,1,Dance Party
4XLu3tTSZiPFVC9mmuR6Zp,All These Years,Camila Cabello,[],0.732,0.436,1,-7.409,0,0.117,0.609,0.0,0.108,0.475,94.852,164373,4,1,Dance Party
4XRI72g5SanJvbYbTybolP,Slow Motion,Mohit Chauhan,['bollywood'],0.836,0.666,1,-7.756,0,0.0471,0.00824,1.06e-06,0.0341,0.799,111.972,183171,4,2,Instrumental Calm
4XTXamS1g4g93jPxyuFJJ6,Brand New,Drake,[],0.399,0.491,6,-8.992,1,0.0714,0.631,0.0,0.171,0.356,94.542,213492,3,1,Dance Party
4XcEmFhT2n0vhkc20pPsJ8,Rab Chan Jya Yaar,Naseebo Lal,['ghazal'],0.515,0.574,6,-14.149,0,0.0774,0.169,0.062,0.279,0.928,120.504,415531,4,0,Energetic Happy
4XdvANRf8MJHk0m3R9Vsnp,Suno Fariyad Meri Baba Tajuddin Wali,Abdul Habib Ajmeri,['qawwali'],0.713,0.819,5,0.755,0,0.0718,0.521,0.0,0.367,0.972,142.511,664355,3,2,Instrumental Calm
4XfM3aygQ6dgndyMShkkDY,We Thora Jeha Koi Tak Le,Naseem Begum,['ghazal'],0.605,0.702,6,-6.46,1,0.107,0.776,0.000254,0.404,0.962,141.574,210200,4,0,Energetic Happy
4XuPJpDEh4wFonGri6RzlJ,Apne Hi Rang Mein Rang Do Sabir - Islamic,Rais Anis Sabri,['qawwali'],0.602,0.526,8,-11.448,1,0.26,0.725,0.0,0.328,0.91,103.511,880039,4,3,Acoustic Chill
4Xuhy4sKneamQJ4LS99QIh,Sochta Houn,Nusrat Fateh Ali Khan,['sufi'],0.8,0.634,1,-5.895,0,0.132,0.356,0.000605,0.0733,0.46,100.001,277279,4,2,Instrumental Calm
4Xxij7q0KD5oyJkG0y5ojx,"Jazba Jazba - From ""Dhoop Chhaon""",Kailash Kher,['sufi'],0.525,0.793,1,-6.504,0,0.0558,0.281,0.0,0.0805,0.637,86.031,214884,4,2,Instrumental Calm
4Y9lVjRD82aJOQ2v13UIoF,Viva La Vida - Live In Buenos Aires,Coldplay,[],0.428,0.948,5,-4.655,0,0.0934,0.00537,1.29e-06,0.371,0.219,138.015,251067,4,0,Energetic Happy
4YDvIkYUNQLBTA5qNhIC4K,Lagiyan De Dukh Vakhre,Nusrat Fateh Ali Khan,['qawwali'],0.739,0.643,1,-7.702,1,0.119,0.196,7.1e-06,0.316,0.732,137.215,395369,4,2,Instrumental Calm
4YERJ0MjmDLx4SZvGNIqdT,Mein Nashe Mein Hoon,Pankaj Udhas,['ghazal'],0.749,0.466,5,-10.025,0,0.0334,0.608,0.0,0.0928,0.593,117.021,432973,4,1,Dance Party
4YNHaoMc93S19CEmWE7GTU,Hiliades pagides,Giorgos Mais,['pop'],0.702,0.581,1,-5.902,0,0.0329,0.167,0.0,0.0896,0.771,139.921,236547,4,2,Instrumental Calm
4YXVaxorc7BDEsOQaWox7H,Kali Kameez Te Lal Rumal,Naseebo Lal,['ghazal'],0.57,0.973,11,-3.808,0,0.114,0.211,0.00108,0.868,0.636,128.973,306377,4,0,Energetic Happy
4YbNrj3d10tZw9UYI8i5AP,"Is Karam Ka Karu Shukar Kaise Ada, Pt. 1",Nusrat Fateh Ali Khan,['qawwali'],0.587,0.559,3,-6.347,1,0.061,0.973,0.00287,0.449,0.766,109.699,898874,4,3,Acoustic Chill
4Z2s8VRI8WEZyU0xeqnlJD,Music To My Eyes,Lady Gaga,[],0.625,0.356,2,-9.044,1,0.0319,0.392,0.00129,0.1,0.325,114.805,199200,3,1,Dance Party
4Z9cAwlkruSbWblPBthygg,10 Feet,Juice WRLD,[],0.678,0.681,6,-7.698,0,0.183,0.466,0.000657,0.263,0.525,104.014,212312,4,2,Instrumental Calm
4ZHgmSGfv6P8la9qQHGf3S,Lorsque Khawaja - When Khawaja,Zahid Husayn,['qawwali'],0.494,0.312,1,-23.067,1,0.334,0.851,0.00119,0.938,0.526,98.378,994973,4,3,Acoustic Chill
4ZOxpuWBUq4nzTHPE7jhg3,"Bezubaan - From ""Life Is Beautiful!""",Nikhil D'Souza,['bollywood'],0.693,0.87,5,-4.794,0,0.0425,0.0898,4.62e-05,0.102,0.534,103.011,290137,4,2,Instrumental Calm
4ZQ3tXWtywoR2l3BiKhxim,Vaishnav Jana To,Kailash Kher,['bollywood'],0.293,0.467,9,-7.174,1,0.0328,0.627,0.0,0.112,0.269,84.737,327274,4,1,Dance Party
4Ze1mWPhAhyCZombklkyoh,Om Namah Shivaya - Reprise,Sonu Nigam,['bollywood'],0.418,0.251,0,-15.199,1,0.0351,0.811,1.59e-06,0.12,0.384,145.769,958177,4,1,Dance Party
4Zh3rQWxnh1h8og253b79w,La chèvre,Le Grand Orchestre du Splendid,['pop'],0.749,0.83,5,-5.982,0,0.0865,0.379,1.04e-05,0.0582,0.964,125.181,142293,4,2,Instrumental Calm
4Zkw1j92x6d6mgiZ98izvV,Mera Ishq Vee Toon,Pathanay Khan,['sufi'],0.326,0.297,10,-15.324,1,0.0465,0.792,4.5e-05,0.251,0.42,74.096,1045613,4,1,Dance Party
4ZlqbRfLEkL44BPR1Qacu2,Tere Bina Chan Sajna,Naseebo Lal,['ghazal'],0.522,0.746,5,-5.451,0,0.0463,0.633,0.00375,0.22,0.767,155.947,395250,4,0,Energetic Happy
4ZnFAkXZlTKwi6iXRnJPe3,Harry,Rafika Duri,['pop'],0.365,0.415,8,-7.88,1,0.0273,0.732,0.000652,0.229,0.138,77.413,197173,4,1,Dance Party
4Zo5CbQDCWkcedTi0phhZG,Ghazab Kiya Tere Baare Mein,Mehdi Hassan,['ghazal'],0.218,0.714,5,-7.605,0,0.0563,0.774,0.722,0.639,0.546,70.918,719570,3,4,Rap / Spoken
4Zoms2UsGT5sSHunaVCr8f,Bujhi Hui Shama,Munni Begum,"['ghazal', 'sufi']",0.408,0.443,6,-13.973,1,0.127,0.903,4.23e-05,0.685,0.663,104.897,366000,4,1,Dance Party
4ZqVEkDo3LHKEW8MlFnlKD,Vichora,Rahat Fateh Ali Khan,['qawwali'],0.543,0.557,0,-8.464,1,0.0365,0.295,0.0,0.0964,0.167,133.863,315264,4,2,Instrumental Calm
4a2hq6FtOEnwUoAjPXjxb0,Umar Band Rakhvion Na,Runa Laila,['ghazal'],0.631,0.502,0,-9.054,0,0.0466,0.938,0.00652,0.0624,0.935,92.481,318019,4,1,Dance Party
4a2iQdrDZ8DmwF5NENSQEr,Main Aaya Hoon,Kishore Kumar,['bollywood'],0.257,0.652,4,-8.443,1,0.0585,0.741,0.00111,0.628,0.5,140.064,419067,4,0,Energetic Happy
4aIfyQZ9UHpGhq0BPoPxc6,Koodi Itta,Sonu Nigam,['bollywood'],0.581,0.762,4,-4.985,0,0.136,0.667,0.000541,0.113,0.596,85.519,270045,4,2,Instrumental Calm
4aJOkcrifOgqIXfHhXIYQ1,Le Aai Phir Kahan Par Qismat Hamen,Noor Jehan,['ghazal'],0.379,0.301,10,-11.788,1,0.038,0.924,0.0,0.0808,0.549,123.993,241787,4,1,Dance Party
4aPqgEb5avB4oTsqtr0OHd,Wah Wah Ramz Sajan Di,Saieen Zahoor,['sufi'],0.473,0.672,0,-6.487,1,0.0334,0.677,0.00398,0.229,0.678,79.438,501591,4,0,Energetic Happy
4aTtHBBvpBq88IKeie6S45,Lao Mehndiyan,Runa Laila,['ghazal'],0.492,0.689,9,-10.282,1,0.0648,0.259,0.0,0.164,0.845,87.94,263680,4,0,Energetic Happy
4anIGyoneDm03DDWyEGwtM,Jane Ya Ali,Rahat Fateh Ali Khan,['qawwali'],0.472,0.835,2,-9.143,0,0.0902,0.0174,0.00305,0.706,0.91,132.291,933025,4,0,Energetic Happy
4auSLmm9zx56vUdmVME1Rx,Swarna Swar Bharat,Kailash Kher,['bollywood'],0.491,0.655,10,-6.636,0,0.0604,0.692,5.94e-05,0.105,0.459,99.926,231067,4,0,Energetic Happy
4b6XRahp1RnFtm7Imkvgow,Masti Mein Aa Piye Ja,Aziz Nazan,['qawwali'],0.289,0.545,3,-11.626,1,0.0469,0.975,0.55,0.101,0.431,71.136,507901,3,4,Rap / Spoken
4b7mLZQWsy0rLnrMtPA9fQ,borderline (feat. Missy Elliott),Ariana Grande,[],0.761,0.818,6,-5.238,0,0.0978,0.058,0.0,0.11,0.348,110.99,177533,4,2,Instrumental Calm
4b8DxOrRS95gSKxkS22h3M,Aami Montro Tontro,Anuradha Paudwal,"['ghazal', 'bollywood']",0.58,0.223,6,-15.88,1,0.0491,0.948,5.8e-06,0.362,0.601,153.253,269788,3,1,Dance Party
4b905qtheatFWvBPXneM0Z,Jhoole Laal Jhoole Laal,Nusrat Fateh Ali Khan,['qawwali'],0.603,0.682,7,-7.012,1,0.0335,0.266,0.0,0.299,0.937,161.303,478507,4,2,Instrumental Calm
4bBayVRwQtL7vwvFglfA8Y,"Traditional Qawwali by Hazrat Amir Khusrau in Raga Mishra Kafi (Kirpa karo maharaj, Mohinuddin Khwaja)",Nusrat Fateh Ali Khan,['qawwali'],0.478,0.215,6,-18.772,1,0.057,0.791,0.0,0.171,0.424,115.18,832533,4,1,Dance Party
4bE84m2q6Xecrl8Etn8hKC,Aucune promesse,Loud,['pop'],0.793,0.681,9,-7.615,0,0.231,0.0123,0.0,0.0763,0.373,117.006,215555,4,2,Instrumental Calm
4bHIC1TmjMxb2LDSdzUlDP,Raja Ram Ghar Aaye,Kshitij Tarey,['sufi'],0.618,0.634,3,-6.825,1,0.0452,0.673,0.0,0.0911,0.922,175.952,276483,4,2,Instrumental Calm
4bmMr89F77ScSPbC3Hs4Xk,Saal 2019,Rais Anis Sabri,['qawwali'],0.539,0.714,8,-3.295,1,0.0695,0.497,0.0,0.0722,0.935,137.546,1827867,3,3,Acoustic Chill
4bmVp9iFuzXLutUslQL14s,Yaad-e-Nabi Ka Gulshan Mehka,Nusrat Fateh Ali Khan,['sufi'],0.45,0.939,0,-4.976,1,0.0524,0.23,0.000238,0.617,0.741,103.173,455715,4,0,Energetic Happy
4br5FQIjKdpK7HxUEaO3an,O Boribunder,Mahendra Kapoor,['bollywood'],0.585,0.791,7,-7.686,0,0.187,0.645,5.25e-05,0.182,0.928,89.676,288784,4,0,Energetic Happy
4bw3ZyWA1ui0Adu285NWDl,Without Me - ILLENIUM Remix,Halsey,[],0.639,0.71,6,-3.358,1,0.0479,0.483,2.22e-06,0.219,0.373,136.004,248906,4,2,Instrumental Calm
4c2xt1trwYZpMqPWY35Xi9,Jaded,Drake,[],0.766,0.271,0,-5.697,1,0.0412,0.037,0.0,0.175,0.0371,116.02,262453,4,2,Instrumental Calm
4cAG58iGj7cEDBgwi5vQMx,Tum Naraz Ho,Sajjad Ali,['sufi'],0.519,0.525,3,-11.652,1,0.0349,0.686,0.00672,0.152,0.407,83.303,419613,4,1,Dance Party
4cBo1iR9VftU6vtUqk8mKz,Havar Havar,Pouran,['pop'],0.582,0.463,9,-10.606,0,0.129,0.99,0.741,0.122,0.857,49.613,208827,4,4,Rap / Spoken
4cF7ojXu7qzVRKgl6KLB8h,Meri Shan Wich Farq Naeen Painda,Nusrat Fateh Ali Khan,['qawwali'],0.556,0.717,2,-6.75,1,0.18,0.626,0.00052,0.23,0.704,126.418,886063,4,0,Energetic Happy
4cHZ7W5R81upaIGZfqWxbB,Clocks - Live In Buenos Aires,Coldplay,[],0.448,0.907,5,-5.253,0,0.0531,0.065,0.0125,0.391,0.23,130.898,260200,4,0,Energetic Happy
4cPwMZLHSYihhAaDoDqROq,Teri Aan Main Teri Ranjana,Noor Jehan,['ghazal'],0.493,0.66,9,-7.62,1,0.0519,0.864,0.000187,0.564,0.865,145.087,209723,4,0,Energetic Happy
4ceN7aeWYvX11hjYxdLgeV,Ya Mustafa,Ensemble De Qawwali Faiz Ali Faiz,['qawwali'],0.418,0.775,5,-7.003,0,0.0612,0.765,0.000509,0.969,0.53,111.697,1126933,4,3,Acoustic Chill
4clZlrXywGPVBkA6rJU1RC,Rast İlahi - Gülyüzünü,İsmail Coşar,['sufi'],0.356,0.171,0,-11.413,1,0.0371,0.891,0.0,0.124,0.343,123.315,85760,5,1,Dance Party
4clmdL6WQ02UjR5J78Igyh,Bina Mahi,Nusrat Fateh Ali Khan,['sufi'],0.761,0.688,8,-6.107,1,0.0389,0.00461,0.000115,0.159,0.506,100.027,320174,4,2,Instrumental Calm
4cnv4NZoRnyEo6E46XxRhP,On Top Of The World,Imagine Dragons,[],0.619,0.865,0,-8.686,1,0.123,0.0836,5.74e-06,0.0874,0.759,99.929,190474,4,2,Instrumental Calm
4cxIMo7aYs4dVglPpoBvot,Konuşma,Süleyman Erguner,['sufi'],0.436,0.216,11,-17.45,0,0.499,0.743,0.0,0.182,0.502,152.141,45533,3,1,Dance Party
4d7C3mLLxPNnAXKg0LryPF,Humko Kisike Gham Ne Maara,Ghulam Ali,['ghazal'],0.372,0.473,5,-11.884,0,0.0337,0.907,0.00982,0.653,0.742,101.087,435442,4,1,Dance Party
4dB6g4huYVcTe5wDyrIdvr,Baba Taaz Tere Darbar Aaye,Rais Anis Sabri,['qawwali'],0.573,0.599,8,-12.941,1,0.0716,0.459,0.0,0.34,0.968,81.39,962039,4,3,Acoustic Chill
4dCumGK60yfBKJnKwM8FtO,FRIENDS - A Boogie Wit Da Hoodie Remix,Marshmello,[],0.533,0.836,9,-3.527,0,0.0666,0.0658,0.0,0.281,0.532,94.958,202105,4,2,Instrumental Calm
4dLlOYrjkrGruQ64JdiFim,Saptashloki Durga,Anuradha Paudwal,['ghazal'],0.478,0.102,1,-12.819,1,0.0569,0.961,0.0,0.102,0.536,67.641,225960,4,1,Dance Party
4dOmgE4ULbySxpeGObN8RL,Syphilis,Juice WRLD,[],0.782,0.659,1,-3.103,1,0.248,0.0696,0.0,0.168,0.336,148.03,131761,4,2,Instrumental Calm
4dSCUfKAxbtD2Qn76cM598,Maha Mrutyunjay Mantra And Shiv Arti Om Jai Shiv Omkara,Anup Jalota,['ghazal'],0.577,0.265,2,-10.871,1,0.0287,0.874,0.000412,0.106,0.19,110.019,4678973,4,3,Acoustic Chill
4daQKyxzOlhH8WTZo44KIp,Shahswar-e Karbala Kee Shahswari Ko Salam,Nusrat Fateh Ali Khan,['qawwali'],0.68,0.492,5,-9.539,1,0.364,0.826,9.46e-06,0.775,0.88,118.148,884878,4,3,Acoustic Chill
4dbDWk0cFBuvNGPDn2cFbh,Subha Taiba Mein Hui,Alhajj Muhammad Owais Raza Qadri,['sufi'],0.344,0.304,4,-13.261,1,0.0379,0.814,0.0,0.218,0.368,128.789,278038,3,1,Dance Party
4duasJ4tspAce4WoATgqXT,Kinna Sohna Tainu,Nusrat Fateh Ali Khan,['sufi'],0.456,0.694,8,-9.2,1,0.074,0.135,0.000117,0.665,0.797,108.248,578220,4,0,Energetic Happy
4duuu07iUaazKTyJUKDX48,Kankaria Maar Ke Jagaya,Lata Mangeshkar,['bollywood'],0.357,0.252,6,-17.853,1,0.0569,0.988,0.81,0.11,0.934,55.295,208493,4,4,Rap / Spoken
4e3XgfJYUXXk0nWmawv8K4,Dam Mast Qalandar,Nusrat Fateh Ali Khan,['sufi'],0.449,0.453,3,-15.855,0,0.0419,0.496,0.486,0.197,0.603,151.242,399333,4,4,Rap / Spoken
4e4ESvPLOZgPeb0ruzDjfl,The Golden Light,Pet Lions,['pop'],0.417,0.648,7,-4.65,1,0.0325,0.0292,0.457,0.113,0.316,113.948,202053,4,2,Instrumental Calm
4e4fqjx0Izh4svvTef1z7e,Meant to Be (feat. Florida Georgia Line),Bebe Rexha,[],0.642,0.772,10,-6.61,1,0.0848,0.0476,0.0,0.0646,0.589,153.995,164205,4,2,Instrumental Calm
4eDDcYJRcqfSIB9Wr8hd0g,Rambo Rambo Rambo,Noor Jehan,['ghazal'],0.54,0.782,6,-6.881,1,0.0979,0.837,0.00442,0.328,0.892,132.44,419609,4,0,Energetic Happy
4eHZuD1NdSSwtJCgGk7YLd,瞳をとじて,Ken Hirai,['pop'],0.457,0.607,3,-5.074,1,0.0297,0.597,0.0,0.102,0.394,141.67,340027,4,0,Energetic Happy
4eJwBBKJOqADZHVlndzvGu,Jitne Bhi Zakham Hain Dil Par,Nusrat Fateh Ali Khan,['qawwali'],0.484,0.683,10,-11.136,0,0.105,0.0932,1.12e-06,0.245,0.766,108.145,814158,4,0,Energetic Happy
4eKWtXoGajnaGKvKAcgc8f,Dhoom Taana,Shreya Ghoshal,['bollywood'],0.8,0.881,0,-6.077,1,0.0502,0.127,0.00011,0.0976,0.81,107.998,373357,4,2,Instrumental Calm
4eQeiAuTwLBI5YeaEjPvbl,If I Ain't Got You - Black Eyed Peas Remix,Alicia Keys,[],0.647,0.678,7,-6.536,1,0.292,0.5,9.89e-05,0.274,0.389,97.859,194160,4,2,Instrumental Calm
4eT5UiUv3oz4nt71xjZXYs,Talaash,Junoon,['ghazal'],0.621,0.864,2,-9.118,1,0.0411,0.00322,0.000174,0.278,0.629,112.856,311533,4,2,Instrumental Calm
4eTuFSSM307Ba4eo3jjnnF,Dila Kis Ki Lagan,Abida Parveen,['sufi'],0.529,0.564,3,-11.671,1,0.126,0.741,0.024,0.139,0.793,102.568,419907,4,1,Dance Party
4eWQlBRaTjPPUlzacqEeoQ,Never Be the Same,Camila Cabello,[],0.637,0.713,0,-4.333,1,0.0747,0.181,0.000637,0.137,0.243,129.923,226973,4,2,Instrumental Calm
4edS9dC0JPBlSS4p4gMOT0,This Feeling (feat. Kelsea Ballerini),The Chainsmokers,[],0.539,0.651,1,-5.304,1,0.0432,0.0651,0.0,0.0662,0.474,105.159,199227,4,2,Instrumental Calm
4egA3AJ193AsrhLxF5ajGK,Magdalena,2Kija,['pop'],0.614,0.288,0,-17.713,1,0.0776,0.0217,0.411,0.0782,0.529,178.066,436854,4,4,Rap / Spoken
4f9K8hx3DPbpC2lUaUpfuI,"Mere Rashke Qamar (From ""Baadshaho"")",Nusrat Fateh Ali Khan,['qawwali'],0.718,0.83,4,-5.488,0,0.0505,0.404,2.5e-05,0.124,0.771,105.012,220382,4,2,Instrumental Calm
4fDZzhqa7QwGUQe5kR0dfJ,Dil Dukhana Chhodiye - Live,Anup Jalota,['ghazal'],0.486,0.375,3,-13.461,0,0.0395,0.952,0.000261,0.933,0.508,106.577,354613,4,1,Dance Party
4fG5FAQfNGhwfMa4U8Zz8e,Derena,Elijah Nisenboim,['sufi'],0.561,0.447,5,-18.177,1,0.0337,0.74,0.827,0.11,0.329,82.612,673568,4,4,Rap / Spoken
4fKzDDdaX8rkqOHY8jI2ry,Yeh Sama Yeh Nazare,Anuradha Paudwal,"['ghazal', 'bollywood']",0.654,0.761,1,-7.804,1,0.0396,0.177,7.85e-05,0.0646,0.892,100.923,377267,4,2,Instrumental Calm
4fQoF0Vzc8ymDyzP7n9N3D,Sade Lai Judaiyan Reh Gaiyan,Faiz Ali Faiz,"['sufi', 'qawwali']",0.431,0.767,8,-9.546,1,0.142,0.677,0.479,0.738,0.729,118.49,1798664,4,3,Acoustic Chill
4fW4RaEHknj8iSqMJIEB6M,Wolves - Owen Norton Remix,Selena Gomez,[],0.625,0.857,11,-6.112,0,0.112,0.00616,1.83e-05,0.674,0.438,128.006,268563,4,2,Instrumental Calm
4faUCG0CdNgMx0NkMMseOl,Dillagi,Rahat Fateh Ali Khan,['qawwali'],0.585,0.759,0,-4.029,0,0.047,0.385,0.0,0.162,0.512,139.986,299141,4,2,Instrumental Calm
4fb4WgcREU6VXFjfIi4C4e,"Paatukku Palaivanam (From ""Ananda Poonkaatrae"")",Hariharan,['ghazal'],0.709,0.634,5,-10.832,1,0.0536,0.494,0.0,0.118,0.815,142.007,341880,4,2,Instrumental Calm
4fhmZXPxyB8XV23X2Evs1q,Offho Jalta Hai,Sonu Nigam,['bollywood'],0.756,0.384,6,-16.136,0,0.131,0.3,1.64e-06,0.147,0.608,83.919,320493,4,1,Dance Party
4fk9lZ1sWV0wf9XD1ssaUD,O Meri Mehbooba Mehbooba Mehbooba - From 'Dharam Veer',Mohammed Rafi,['bollywood'],0.54,0.805,2,-5.395,1,0.0447,0.657,0.0,0.0882,0.69,96.979,386400,4,0,Energetic Happy
4flna4F86JywCSCEZvRNVs,Albela Sajan,Kailash Kher,['sufi'],0.719,0.752,8,-9.465,0,0.0452,0.225,8.86e-05,0.0804,0.967,88.018,287493,4,2,Instrumental Calm
4g1MM062EGl94WVKaXYa86,Vive el Momento,Merche,['pop'],0.737,0.911,7,-3.078,1,0.166,0.0649,0.0,0.227,0.705,95.977,247707,4,2,Instrumental Calm
4g32MdRoqwGKQd3NXIRhpU,Good Guy (feat. Jessie Reyez),Eminem,[],0.696,0.634,9,-6.918,0,0.281,0.244,0.0,0.437,0.728,89.973,142192,4,2,Instrumental Calm
4gAj8T3qTeGIcwd8HvigrU,Dasht-E-Tanhai Mein,Iqbal Bano,['sufi'],0.284,0.46,5,-8.468,1,0.029,0.924,0.0,0.121,0.255,86.987,360840,4,1,Dance Party
4gE01SNe5tNOp4DZaqcMgI,Pehli Wari Aj Ohna Akhiyan,Ghulam Ali,"['ghazal', 'sufi']",0.458,0.797,1,-5.913,1,0.0769,0.396,0.0,0.565,0.908,79.5,357518,4,0,Energetic Happy
4gGBkpvOAHBtYGx4iqp0zV,Straight Up - Single Version,Paula Abdul,['pop'],0.769,0.826,7,-8.252,1,0.0624,0.268,0.0186,0.0684,0.762,95.863,251467,4,2,Instrumental Calm
4gHNB4930FTy57UGiLH2Z2,Tum Saath Ho Jab Apne - The Unwind Mix,Abhijeet Sawant,['bollywood'],0.606,0.3,5,-11.385,1,0.031,0.668,4.09e-05,0.108,0.234,98.491,239187,4,1,Dance Party
4gYVrieVUPRkVNsZl2USwh,Ek Hi Yeh Arzoo,Aziz Mian,['qawwali'],0.466,0.859,3,-9.276,0,0.391,0.538,0.0,0.733,0.472,110.031,912091,4,3,Acoustic Chill
4gdfWGyzB9j4ZVc2JWdpv2,Hair Body Face,Lady Gaga,[],0.863,0.457,4,-6.422,0,0.0526,0.0103,5.32e-05,0.109,0.401,115.009,202640,4,2,Instrumental Calm
4gnZPWL9c1ZunZuqc8Asbu,"Mountains (with Sia, Diplo & Labrinth)",Sia,[],0.625,0.6,1,-7.75,1,0.0291,0.374,0.0248,0.151,0.18,85.959,194733,4,2,Instrumental Calm
4h4CEmD5bYZRwNcySrayIQ,Din Mein Kab Socha Karte,Nusrat Fateh Ali Khan,['qawwali'],0.516,0.698,10,-8.033,0,0.0638,0.0292,4.31e-05,0.111,0.382,161.732,459957,4,2,Instrumental Calm
4hDSxyLUhgPX38qaJX8V6H,Nostalgia Di SMA,Paramitha Rusady,['pop'],0.372,0.305,9,-10.618,1,0.0254,0.681,0.00029,0.121,0.131,94.035,272910,4,1,Dance Party
4hJolpt4ZqzoZuET5l3rzV,Everybody Hates Me - Khrebto Remix,The Chainsmokers,[],0.407,0.912,11,-3.017,0,0.129,0.00138,1.47e-05,0.365,0.304,107.995,195493,4,0,Energetic Happy
4hM6dLAXYsMYhpT29QA5C6,Zara,Noor Jehan,['ghazal'],0.658,0.934,0,-10.585,1,0.129,0.281,0.0762,0.684,0.376,119.209,263105,4,0,Energetic Happy
4hQ6UGyWQIGJmHSo0J88JW,Back To You - From 13 Reasons Why – Season 2 Soundtrack,Selena Gomez,[],0.601,0.724,6,-4.856,1,0.0486,0.0945,1.68e-06,0.12,0.508,102.061,207905,4,2,Instrumental Calm
4hU6cvmz18OGzJOS6FycoO,Na Kisi Ki Aankh Ka,Mehdi Hassan,['ghazal'],0.491,0.221,1,-18.19,0,0.0307,0.954,0.0126,0.228,0.467,83.189,357000,4,1,Dance Party
4hWIRjAVeODr9T2Aq7QOzr,Na Dil Dendi Bedardi,Masood Rana,['ghazal'],0.41,0.302,5,-12.177,0,0.0396,0.982,0.00474,0.127,0.587,75.74,343880,4,1,Dance Party
4haJoBPbPj9QFKNpp9e8kx,Diplomatic Immunity,Drake,[],0.654,0.839,9,-5.076,0,0.443,0.00531,0.0,0.308,0.549,74.886,255867,4,2,Instrumental Calm
4hacFiVaHaH0Hb8qBWXqYb,Gaiye Ganpati Jagvadan,Jagjit Singh,['sufi'],0.619,0.522,7,-8.834,1,0.0342,0.746,0.0,0.19,0.6,82.981,299281,4,1,Dance Party
4heFQCyiW0RUEX1Q1lb008,Different World,Alan Walker,[],0.602,0.752,7,-4.931,0,0.0361,0.0638,0.0,0.13,0.331,130.037,202907,4,2,Instrumental Calm
4hqAa7VQxUAGddTbhWAsCU,Dil Hi Dil Mein,Mehnaz,['ghazal'],0.332,0.242,5,-15.147,1,0.0378,0.967,0.226,0.106,0.594,168.286,360973,4,1,Dance Party
4i3GraNMzBKze1WsVl38DS,Bria's Interlude (feat. Omarion),Drake,[],0.49,0.507,2,-6.205,0,0.0849,0.209,0.00104,0.119,0.237,147.037,139575,3,2,Instrumental Calm
4iERYKaxZPiaDRtPmB9rYO,"A State Of Trance (ASOT 1085) - This Week's Service For Dreamers, Pt. 1",Armin van Buuren,['pop'],0.786,0.803,6,-7.17,0,0.483,0.235,0.0,0.36,0.675,137.493,38500,1,2,Instrumental Calm
4icX2FGsA6UolG5jtkKloB,Sun Le Re (Reprise),Papon,['bollywood'],0.534,0.672,2,-6.966,1,0.0317,0.0952,3.44e-06,0.137,0.232,136.018,238288,4,2,Instrumental Calm
4ipGYERbMKT2WZC6e3SJLd,Yaari Laani Eh Te Paki Paki,Noor Jehan,['ghazal'],0.655,0.96,11,-6.155,0,0.0614,0.222,0.0748,0.267,0.669,118.198,336606,4,2,Instrumental Calm
4j7y4tqOLbrtAZtTAqD92Y,Tere Bina - Vadh / Soundtrack Version,Sunidhi Chauhan,['bollywood'],0.672,0.358,1,-14.473,0,0.0365,0.325,0.000233,0.153,0.293,111.953,306213,4,1,Dance Party
4jRQZSr6E9nAKUpsFtI7w6,Main Chari Chubare,Noor Jehan,['ghazal'],0.618,0.684,9,-6.351,0,0.0428,0.847,9.92e-05,0.105,0.91,100.196,282432,4,2,Instrumental Calm
4jYXs4UFivmqmDfBDEeu7Z,Been Bajaun Tujhe Bulaun,Mohammed Aziz,['bollywood'],0.386,0.768,2,-7.827,0,0.057,0.707,8.55e-05,0.134,0.659,91.496,575133,4,0,Energetic Happy
4janOEQrEqYC7JDuX3LryG,Dholna Ja Main Naeen Bolna,Naseebo Lal,['sufi'],0.537,0.758,9,-7.117,1,0.0472,0.385,0.0044,0.151,0.938,172.103,316218,4,0,Energetic Happy
4jgF1sLf3TkQbZkLHsc6SI,Through It All,Charlie Puth,[],0.562,0.383,4,-8.54,1,0.0356,0.762,0.0,0.0775,0.225,119.113,206453,3,1,Dance Party
4jhY55fnPowe7OxOwNjGgp,Gham Ka Fasana,Kishore Kumar,['bollywood'],0.44,0.572,2,-9.423,1,0.0898,0.841,0.000302,0.775,0.715,72.736,271552,4,0,Energetic Happy
4jj9kqLsWk0kNzXD2yGOOq,Ahista Chal,Hariharan,['ghazal'],0.604,0.449,1,-12.607,1,0.0328,0.745,0.00036,0.098,0.768,135.271,272293,3,1,Dance Party
4jkspdQfeZ4ZOuEtWY2oWq,幻覺,PiA,['pop'],0.465,0.65,0,-6.156,1,0.0622,0.176,0.0,0.167,0.431,169.857,209613,4,2,Instrumental Calm
4jlW9e33i9qyRxvIJWBdUH,Mera Dil Mera Dushman (Original Motion Picture Soundtrack),Rahat Fateh Ali Khan,['qawwali'],0.546,0.55,6,-8.614,1,0.0514,0.627,0.0,0.318,0.544,119.872,273810,4,1,Dance Party
4jrW8MeToGmCTRED9MxZWK,Tum Mile,Pritam,['bollywood'],0.74,0.795,0,-6.664,1,0.0342,0.34,4.05e-06,0.141,0.792,123.033,342333,4,2,Instrumental Calm
4juoDBahpI9BywHpMMrB5y,More Piya,Jal,['sufi'],0.411,0.689,2,-6.645,1,0.0347,0.322,0.00498,0.188,0.427,164.997,270307,3,0,Energetic Happy
4jvr23iZUFVPKodAnhOhvD,"Ek Din Aap (From ""Yes Boss"")",Alka Yagnik,['bollywood'],0.462,0.375,4,-13.184,1,0.0309,0.642,0.0,0.189,0.612,145.35,266067,3,1,Dance Party
4jxInLkOzncRw7wwSD9eCe,"Dor - From ""Gunjal""",Rahat Fateh Ali Khan,['qawwali'],0.531,0.329,8,-7.917,0,0.0273,0.851,0.0,0.179,0.272,134.736,238000,3,1,Dance Party
4k4dgeGYSLbu9iTTemBaTb,Musafir Moch Re Ankhi Jal,Anup Jalota,['ghazal'],0.411,0.462,0,-11.724,1,0.0637,0.791,0.0,0.157,0.715,85.624,309320,4,1,Dance Party
4kOpMfjIG45Tic9ntHI7BW,Mujhko Aise Na Khudaon Se,Rahat Fateh Ali Khan,['qawwali'],0.635,0.677,10,-6.843,1,0.0326,0.633,0.0,0.124,0.769,94.001,383928,4,2,Instrumental Calm
4kQWfw9safIfQIXVRiQ89g,Mohbataan Sachian,Sonu Nigam,['bollywood'],0.286,0.758,7,-6.394,0,0.0827,0.0868,5.43e-05,0.242,0.316,84.528,343013,4,0,Energetic Happy
4kV4N9D1iKVxx1KLvtTpjS,"break up with your girlfriend, i'm bored",Ariana Grande,[],0.726,0.554,5,-5.29,0,0.0917,0.0421,0.0,0.106,0.335,169.999,190440,4,2,Instrumental Calm
4kW2PcurVYRNdiA3jl7jCl,"Mitti Di Khushboo (From ""Mitti Di Khushboo"")",Ayushmann Khurrana,['bollywood'],0.64,0.754,6,-4.873,0,0.0392,0.395,0.0,0.209,0.355,94.989,247223,4,2,Instrumental Calm
4kaJD9K3xnSK8KUS1MXUeP,Endülüs'te Raks (Kürdilihicazkar),Timur Selçuk,['pop'],0.321,0.517,7,-8.08,0,0.0304,0.763,0.00235,0.289,0.434,107.348,263493,3,1,Dance Party
4kamnDMs8sxLZ2uEHHQFF5,I Love It,Kanye West,[],0.897,0.529,2,-8.302,1,0.353,0.0138,0.0,0.259,0.333,104.045,127947,4,2,Instrumental Calm
4keoy2fqgwGnbWlm3ZVZFa,Happy Now,Zedd,[],0.503,0.741,4,-5.128,1,0.047,0.579,1.49e-06,0.0712,0.458,88.335,207030,3,0,Energetic Happy
4ksuI04WMvUnJbHQjgs3L5,Talk Up (feat. Jay-Z),Drake,[],0.758,0.49,11,-9.877,1,0.139,0.00359,6.61e-06,0.292,0.335,140.116,223240,4,2,Instrumental Calm
4kunyaUJ6ARQ4FiZAwzSt6,Om Shreem Om Hreem Shreem Hreem Kleem Shreem Viteshavaraye Hanumad Devataye Shreem Hreem Aim Om Swaha 108 Times in 21 Minutes,Brijesh Shandilya,['sufi'],0.62,0.704,6,-9.024,1,0.0367,0.45,0.0,0.09,0.778,81.348,1283607,4,3,Acoustic Chill
4l2jC165rao7XXcLjYcxuA,Teri Sorat Nigahon Mein,Aziz Mian,['sufi'],0.53,0.785,5,-10.273,0,0.389,0.599,0.000276,0.267,0.779,135.182,388000,4,0,Energetic Happy
4l37XAbU94TKUMpwWmvUKn,E Hind Ke Walee,Begum Akhtar,['bollywood'],0.474,0.0907,5,-15.779,0,0.126,0.992,0.837,0.564,0.566,135.436,197528,3,4,Rap / Spoken
4l4WgUcloH1A73b0cJrmmZ,Mire vársz - Radio Edit,Radics Gigi,['pop'],0.608,0.927,6,-2.75,1,0.0495,0.0765,0.0,0.0964,0.454,122.992,214204,4,2,Instrumental Calm
4lBboagnDvP48urdFVQVf5,Chura Liya,Anushka Manchanda,['bollywood'],0.747,0.798,11,-5.798,0,0.0413,0.0288,0.00514,0.319,0.862,127.996,285000,4,2,Instrumental Calm
4lKdyWDEeNm8terqfNKMAA,Menu Yadan Terian Aondiyan Ne,Nusrat Fateh Ali Khan,['qawwali'],0.565,0.64,2,-9.57,0,0.0408,0.235,0.000287,0.083,0.808,85.328,440453,4,2,Instrumental Calm
4lLGOSUgPaIpwTC2an6pcO,Dil Ye Ladaku,Monali Thakur,['bollywood'],0.653,0.263,9,-9.248,0,0.119,0.78,0.0,0.0944,0.431,139.764,202223,3,1,Dance Party
4lUq4rlNjp6TZ8LrsIMiU4,Selâ - Saba,Kudsi Erguner,['sufi'],0.114,0.265,4,-15.267,0,0.0295,0.855,0.0042,0.107,0.172,86.772,340730,4,1,Dance Party
4lbuA9ReWFi11YaprlqVHQ,"Likha Hai Teri Ankhon Mein (From ""Teen Devian"")",Lata Mangeshkar,['bollywood'],0.465,0.478,6,-9.789,1,0.0562,0.951,0.000494,0.142,0.945,133.673,255533,4,1,Dance Party
4llqiQtIPNpxjUZRph0qLz,Kali Mantra,Anuradha Paudwal,"['ghazal', 'bollywood']",0.583,0.637,1,-6.46,1,0.0823,0.65,0.0,0.123,0.303,133.208,287820,4,2,Instrumental Calm
4lud8hAnwz0cNYNTfrbwaR,"Bahut Jatate, Chehra Kya, Dekha Hai, Dil Mein, I Am Sorry, Mere Khayal, Mere Mehboob, Mera Tohfa, Mat Kar, Jhankar",Alka Yagnik,['bollywood'],0.485,0.9,7,-4.879,1,0.169,0.586,0.0,0.393,0.809,119.88,328568,4,0,Energetic Happy
4lwhAf5rK4taT8DUkxe04N,Pyar Ki Kasmen Torr Di Tu Ne,Shahid Ali Khan,['qawwali'],0.336,0.727,11,-7.732,1,0.124,0.413,0.0,0.581,0.798,174.93,491305,4,0,Energetic Happy
4lxaGzIHShCQGg5TR9fRrz,Ab Meri Nigahon Mein,Qari M. Saeed Chishti,['qawwali'],0.425,0.535,6,-13.959,1,0.117,0.097,0.0,0.265,0.638,168.506,1121229,4,3,Acoustic Chill
4lzbNPoyaYB53HHrzBKhXG,Aarti Kaal Bhairavji Ki,Anuradha Paudwal,['ghazal'],0.682,0.708,4,-4.014,0,0.0313,0.714,0.0,0.0431,0.976,184.934,80016,3,2,Instrumental Calm
4m9irADqQhBBHm5XKM05mg,Bol Do Na Zara (Karoake),Amaal Mallik,['bollywood'],0.631,0.396,11,-11.921,0,0.0297,0.0909,0.208,0.0953,0.165,129.99,293642,3,2,Instrumental Calm
4mCRJs6CDRauuIviH9GMps,你是我一生中最大的驕傲 - 國,Andy Lau,['pop'],0.482,0.531,2,-6.528,1,0.0282,0.667,0.0,0.2,0.152,143.936,308693,4,1,Dance Party
4mGN7kApgysSTxZ6eXeRP2,Haye Kambakht Toone Pee Hi Nahin,Sabri Brothers & Aziz Mian,['qawwali'],0.594,0.517,10,-12.589,0,0.296,0.773,0.0127,0.227,0.902,117.859,1896920,4,3,Acoustic Chill
4mGhNS1K4kkIqzn3lTntXM,Thug Ranjha (feat. DJ A.Sen) - DJ A.Sen Remix,AKASA,['bollywood'],0.713,0.896,6,-3.722,1,0.0599,0.00482,0.000124,0.335,0.42,110.042,204034,4,2,Instrumental Calm
4mLkiFppf8Xvem6BSY34qw,blazed (feat. Pharrell Williams),Ariana Grande,[],0.795,0.759,6,-6.348,1,0.0528,0.0793,0.0,0.0805,0.855,110.021,196360,4,2,Instrumental Calm
4mTuLJSFyW3X8mtbujlLo9,Manrut Basant,Krishna Beuraa,['sufi'],0.765,0.467,0,-12.37,1,0.103,0.0796,1.91e-05,0.086,0.636,120.01,233552,4,2,Instrumental Calm
4mUIe9gfsdtsVP2zFIl74x,Maze,Juice WRLD,[],0.674,0.726,11,-3.813,0,0.141,0.126,1.56e-06,0.115,0.443,160.067,144090,4,2,Instrumental Calm
4maqmngQl9oVoD8pfnuPvg,Khawaja Tum Hi Ho,Nusrat Fateh Ali Khan,['qawwali'],0.506,0.861,5,-8.603,0,0.102,0.22,0.00628,0.333,0.743,103.91,947800,4,0,Energetic Happy
4meBW7HOl8kXvJnOHvzh3G,Nakhra Gori Da,Gurdas Maan,['sufi'],0.698,0.638,6,-13.314,1,0.0538,0.861,0.0177,0.133,0.863,104.023,260415,4,1,Dance Party
4muGZaIrCnUVP2kjwOFOy8,Kuch Log Jeeti Bazi,Lata Mangeshkar,['bollywood'],0.564,0.591,2,-8.505,0,0.0335,0.819,0.0141,0.3,0.608,112.002,371912,4,1,Dance Party
4n1bdaKwynQndm47x5HqWX,Blue Tint,Drake,[],0.888,0.372,7,-10.254,0,0.358,0.013,0.0,0.184,0.123,133.998,162800,4,2,Instrumental Calm
4n7jnSxVLd8QioibtTDBDq,On My Way,Alan Walker,[],0.509,0.689,1,-4.929,0,0.102,0.0209,0.0,0.301,0.297,170.087,193798,4,2,Instrumental Calm
4nIyuXb2MuJ13Ta3zD6EG4,Wolves - Rusko Remix,Selena Gomez,[],0.663,0.889,11,-4.72,0,0.0339,0.00423,0.0105,0.0637,0.366,127.964,226875,4,2,Instrumental Calm
4nbb3O2zFBnfzIstYKwaAk,Ja Peyechhi Prothom Dine,Lopamudra Mitra,['pop'],0.37,0.208,9,-9.124,0,0.0349,0.941,0.0,0.366,0.0561,129.198,230017,3,1,Dance Party
4ncDt8HRy6jC7K3qFLp1Yw,Rast İlahi,Yekta Hakan Polat,['sufi'],0.322,0.251,5,-11.161,1,0.0361,0.989,0.435,0.0645,0.601,80.077,318280,5,4,Rap / Spoken
4ngL2DOBRHLUAzHZlO6Ww4,Mehndi,Haroon,['sufi'],0.703,0.984,11,-3.554,0,0.0511,0.113,0.00243,0.175,0.915,129.049,235600,4,2,Instrumental Calm
4niNeANfGGSdmFTI1nCTC3,Dilko Tumse Pyar Hua - Lofi Beat,Roop Kumar Rathod,['bollywood'],0.625,0.173,9,-21.657,0,0.0521,0.797,0.0424,0.157,0.207,134.892,115560,4,1,Dance Party
4nqCaf5AC9dvXiTC0deJZV,Ya Mohammad Madine Bula Lo,Nusrat Fateh Ali Khan,['qawwali'],0.505,0.507,1,-15.941,1,0.0864,0.384,0.00157,0.153,0.724,111.768,1821160,4,3,Acoustic Chill
4nqNpHE4pXI3texSwFxOud,Bond Birah Ji Bahar Lagi,Muhammad Juman,['sufi'],0.399,0.909,10,-6.903,1,0.107,0.942,0.00523,0.454,0.659,108.027,410506,4,0,Energetic Happy
4oAq7W3DAuVBP0qEu0eQjr,갈매기의 꿈,조영남,['pop'],0.51,0.522,8,-19.479,0,0.0546,0.495,0.209,0.107,0.835,105.153,165960,4,1,Dance Party
4oMWxhAjmJOwLSYa6j5RiC,Gulmuhar Malare,Hariharan,['ghazal'],0.589,0.533,7,-13.128,1,0.19,0.486,7.96e-06,0.0848,0.755,175.951,325787,4,1,Dance Party
4oOWXftbkq7bGPmdWuKiUO,Ganapati Om,Hariharan,['ghazal'],0.336,0.537,2,-7.847,1,0.044,0.774,0.0,0.161,0.498,76.981,347160,4,1,Dance Party
4oZ1Yb3hFnU3x4kDbC3b1e,Bhardo Jholi Meri,Aziz Mian,['qawwali'],0.487,0.948,6,-7.966,1,0.272,0.475,0.0,0.737,0.562,117.926,1753292,4,3,Acoustic Chill
4ocCrSY2SaPCStTCWWqW8s,Tum Bin More Bidaes Piharva - Live,Dream Journey,['qawwali'],0.348,0.401,6,-10.251,1,0.0503,0.697,9.46e-06,0.175,0.253,116.196,1261061,3,3,Acoustic Chill
4oelhiRvqdqkXXh0UATq1p,Gulshan Ki Baharon,Musarrat Nazir,['ghazal'],0.566,0.437,6,-13.444,1,0.0352,0.576,0.00262,0.104,0.573,99.995,385813,4,1,Dance Party
4opouauRaS0oREqyf2mMZY,Lagian De Dukh Wakhre,Nusrat Fateh Ali Khan,['qawwali'],0.733,0.819,1,-5.61,1,0.0382,0.355,0.000125,0.215,0.727,137.181,437089,4,2,Instrumental Calm
4p8uGhVJaBaLDZxhYAozrU,Stuti,Pankaj Udhas,['ghazal'],0.742,0.503,4,-9.508,1,0.0583,0.634,0.0,0.455,0.769,131.902,401371,4,1,Dance Party
4pD71Oeja9IQ1kWbQE6F23,Wanna Wanna,Shaan,['bollywood'],0.62,0.907,7,-7.096,1,0.0613,0.0891,1.67e-05,0.0792,0.673,96.009,297500,4,2,Instrumental Calm
4pFPpJJpv4bW7KFCcU7abM,Aaj Jane Ki Zid Na Karo,Farida Khanum,"['ghazal', 'sufi']",0.553,0.47,4,-6.991,1,0.0315,0.689,0.0,0.893,0.492,107.012,453373,1,1,Dance Party
4pIGIuDBqw9WIUGqhzUUVC,"Mera Pyar Shalimar - From ""Shalimar""",Asha Bhosle,['bollywood'],0.489,0.805,8,-5.955,1,0.0728,0.912,0.0356,0.12,0.921,101.868,307347,4,0,Energetic Happy
4pUpqOZ6dhVm1pM0xtJ1Wo,Tegh Bahadur Simriye,Harshdeep Kaur,['sufi'],0.565,0.672,11,-4.778,1,0.0731,0.723,0.0,0.0842,0.624,139.874,198857,4,2,Instrumental Calm
4pbZVeyCJLZMBb10xMDKR1,Prabhu Mere Avgun,Anup Jalota,['ghazal'],0.656,0.528,9,-10.037,1,0.0358,0.724,0.0,0.148,0.795,136.023,405890,4,1,Dance Party
4pcNiazsgWCUQhneP55nvf,Run Up,Major Lazer,[],0.803,0.743,1,-3.602,0,0.0681,0.105,2.12e-06,0.099,0.674,108.005,203180,4,2,Instrumental Calm
4pfJcK6QoYQDu6goAFglWn,Mera Jism Bilori Pharkda Eh,Noor Jehan,['ghazal'],0.667,0.852,7,-5.17,0,0.0968,0.272,0.00857,0.174,0.936,93.101,238885,4,2,Instrumental Calm
4ptonNXwbPtpiPX062ruaM,Havana - No Rap Version,Camila Cabello,[],0.75,0.495,2,-5.101,1,0.0336,0.225,3.13e-05,0.149,0.439,106.019,174747,4,2,Instrumental Calm
4puj61OSNE1ck1TMHN3Hjf,Tasnife Laleh,Shahram Nazeri,['sufi'],0.395,0.281,0,-9.854,1,0.0394,0.884,0.000159,0.0601,0.437,120.003,500376,4,1,Dance Party
4qGkyEJzWgc5E8Txykhs0m,Faded - Remix,Alan Walker,[],0.484,0.307,6,-21.837,1,0.0269,0.0755,0.937,0.103,0.182,97.999,233884,4,4,Rap / Spoken
4qT0DUcwUHzbxXcitzRzwn,Supercut - El-P Remix,Lorde,[],0.785,0.478,1,-8.974,1,0.0422,0.043,0.000106,0.12,0.205,120.978,212040,4,2,Instrumental Calm
4qTqkDw55ZM6UThAwAZFbK,Aami Aaj Holam Gentalman,Abhijeet,['bollywood'],0.527,0.821,9,-8.486,0,0.108,0.596,0.000321,0.157,0.805,164.351,350483,4,0,Energetic Happy
4qWCFTuNnmGNdY4egtb4ZY,Otherside,Post Malone,[],0.645,0.657,9,-5.688,0,0.0334,0.354,5.17e-06,0.213,0.136,104.931,228227,4,2,Instrumental Calm
4qYbX76NQWsDcntwrrsHhQ,Mohabatan Vich Vichorey,Atta Ullah Khan Esakhelvi,['qawwali'],0.726,0.872,1,-7.113,0,0.0551,0.493,1.19e-05,0.0758,0.898,99.983,517640,4,2,Instrumental Calm
4qfBC6ma8e6HPTYyCYgCZn,Pilate and Christ,John Legend,[],0.619,0.447,2,-8.841,0,0.0327,0.264,3.77e-05,0.957,0.189,81.014,178893,4,2,Instrumental Calm
4qhDA6s0MkD5XpDqGLHIEY,Digital,Imagine Dragons,[],0.49,0.889,7,-5.179,1,0.17,0.00155,2.76e-06,0.162,0.383,166.779,201040,4,0,Energetic Happy
4qvLvJt8cxXyrORyDkXjoB,Manva Raam Naam Tu Gaale,Anup Jalota,['ghazal'],0.445,0.541,1,-9.859,1,0.0328,0.899,6.85e-06,0.329,0.668,81.356,408253,4,1,Dance Party
4qvduiVJVHg5WdjEAMV9Rg,Roar,Katy Perry,[],0.67,0.667,7,-8.482,0,0.0318,0.00606,9.61e-06,0.535,0.398,89.973,224880,4,2,Instrumental Calm
4r22hF1ZjUieNvwPxWGhZO,My Heart Is Beating (Remix),Pritam,['bollywood'],0.756,0.882,9,-5.701,1,0.0756,0.000863,2.15e-06,0.323,0.732,127.937,283500,4,2,Instrumental Calm
4r6kdj5CFXL6521Ek1x0TW,Main Rowan Tainon Yaad Kar Ke,Nusrat Fateh Ali Khan,['qawwali'],0.587,0.683,6,-5.753,1,0.0471,0.608,0.00287,0.369,0.889,103.004,768059,4,0,Energetic Happy
4rFeoNt8TU7G4JYsxI46tT,Khushboo Se,Rais Anis Sabri,['qawwali'],0.607,0.688,7,-7.041,1,0.038,0.606,7.88e-06,0.229,0.723,84.972,356253,4,2,Instrumental Calm
4rMeBZfLUxTXAXZAgaXDak,"Hare Krishna (Mahamantra) - Version, 2",Jagjit Singh,['bollywood'],0.439,0.738,4,-8.034,0,0.0348,0.548,0.0,0.133,0.761,90.383,184506,4,0,Energetic Happy
4rP4uZaMwCaVP5WdcHBplm,Blind Spot,Leaving Austin,['pop'],0.507,0.875,1,-3.057,1,0.0315,0.00638,0.0,0.536,0.411,118.097,171573,4,0,Energetic Happy
4rRdyCayRc1GKYTAl7gFR9,Eh Charkha Jindree Da,Saieen Zahoor,['sufi'],0.712,0.825,2,-4.037,1,0.0603,0.0775,0.0,0.189,0.488,92.001,438596,4,2,Instrumental Calm
4rSbmCUdLLNUvjrT0XUXV5,Hey Govinda Hey Gopala (Mahamantra),Jagjit Singh,"['ghazal', 'bollywood']",0.431,0.447,8,-6.826,1,0.025,0.825,0.0,0.0921,0.302,103.434,2672467,3,3,Acoustic Chill
4rWC4tiO4NCwRHdh6vyu6b,Big,Juice WRLD,[],0.768,0.641,11,-6.197,0,0.114,0.0628,0.0,0.0912,0.231,144.963,224063,4,2,Instrumental Calm
4ratRQtjYmGwmFOSjcdtOG,Likhiyan Taqdeeran Da,Naseebo Lal,['ghazal'],0.766,0.895,5,-3.283,0,0.0496,0.308,0.00041,0.305,0.875,132.029,540516,4,2,Instrumental Calm
4rqUJ0iWmpHvScLJw8qFEq,Hamsar Hayat bhajan,Hamsar Hayat,['qawwali'],0.429,0.802,6,-3.755,0,0.162,0.756,7.82e-06,0.188,0.489,127.519,2280850,4,3,Acoustic Chill
4rslbQX3iUfiuLufkgQpw3,Kaahe Mose Kare Jora Jori,Anuradha Paudwal,['ghazal'],0.31,0.833,6,-8.249,1,0.12,0.287,0.0,0.306,0.871,173.871,220547,4,0,Energetic Happy
4rxey3TPO94u7brxCTQBa8,"Yeh Gori Gori Bahain (From ""Gehra Daagh"")",Naseem Begum,['ghazal'],0.613,0.659,0,-6.041,1,0.171,0.663,0.0,0.227,0.904,107.678,214219,4,2,Instrumental Calm
4s7dXeSSZfBmra55LN9qTz,Woh Aa Gaye Hain Qaseeda,Khalid Khan Qawal,['qawwali'],0.614,0.812,6,-4.796,1,0.0636,0.0297,0.0,0.355,0.79,74.956,203669,4,2,Instrumental Calm
4s85WWBUsUky5gCrWvldtB,Do Din Ka Jag Mein Mela,Anup Jalota,['ghazal'],0.453,0.749,7,-7.395,1,0.0539,0.77,0.0,0.332,0.528,157.033,272453,3,0,Energetic Happy
4sFPt5joI6BHhs0B94X49F,"Akasavaani (From ""Priyamudan"")",Hariharan,['ghazal'],0.612,0.536,8,-9.525,1,0.0271,0.0544,0.00263,0.122,0.441,155.945,331207,3,2,Instrumental Calm
4sFVL1dS77Xabdg5frf8he,Bittaku,Adnan Sami,['bollywood'],0.583,0.888,8,-6.324,1,0.0413,0.00603,0.183,0.0726,0.781,87.913,363468,4,2,Instrumental Calm
4sLBEWYBEc01RRzEYpCVEm,Ordinary People,John Legend,[],0.521,0.134,10,-13.969,1,0.066,0.928,0.0,0.0838,0.356,95.185,281307,4,1,Dance Party
4sMnbk7rlaLN3wnrbxInuo,watch,Billie Eilish,[],0.448,0.592,0,-8.957,1,0.212,0.284,0.000971,0.0962,0.403,165.148,177887,4,2,Instrumental Calm
4sSoGAONpiZTR18daAHcsY,Hamko Chhedta Hai Dil Kaun Jane,Lata Mangeshkar,['bollywood'],0.375,0.317,1,-15.131,0,0.138,0.995,0.94,0.243,0.712,70.264,162227,3,4,Rap / Spoken
4sVTFfog6qgJRZ01TApiBr,Ali Maula Ali Ali,Nusrat Fateh Ali Khan,['qawwali'],0.45,0.709,11,-8.367,0,0.28,0.548,0.000232,0.893,0.807,94.564,1638034,4,3,Acoustic Chill
4sXKphJ4of3ulAPAbOwC43,Tumhen Dillagi Bhool Jaani Padegi,Nusrat Fateh Ali Khan,['qawwali'],0.566,0.644,4,-8.661,0,0.127,0.356,0.0,0.257,0.808,78.988,977676,4,3,Acoustic Chill
4t25jwzLlKQrGWbg6xnMks,Saradaga Untam,Sukhwinder Singh,['bollywood'],0.898,0.799,11,-5.85,0,0.0509,0.303,4.55e-05,0.134,0.686,124.939,250973,4,2,Instrumental Calm
4t2sMBajRuSKudtieXPgPp,Ranjish Hi Sahi,Ali Sethi,['sufi'],0.654,0.424,11,-9.535,1,0.0289,0.482,2.1e-05,0.139,0.297,130.03,336867,3,1,Dance Party
4tCT2NUOQwEa6qpN7tcjce,Teri Surat Nigahon,Munni Begum,['sufi'],0.496,0.626,6,-7.435,1,0.0419,0.113,1.92e-06,0.132,0.213,80.113,525582,4,2,Instrumental Calm
4tSFpfAAOwRjILPz7TaiUH,Layan Mein Layan,Atta Ullah Khan Esakhelvi,['qawwali'],0.577,0.884,11,-6.969,0,0.0597,0.234,0.0,0.324,0.866,111.223,303020,4,0,Energetic Happy
4tTcS8Bkc1w8JAeT04LLBZ,Ni Main Jaana Jogi De Naal,Nusrat Fateh Ali Khan,['qawwali'],0.502,0.672,5,-7.132,1,0.0805,0.655,9.49e-06,0.597,0.58,115.486,799717,4,0,Energetic Happy
4ta6PZwOJcOIOfXiultHf3,Aaro Padum,Hariharan,['ghazal'],0.606,0.484,1,-10.252,1,0.0314,0.817,0.228,0.0905,0.396,155.965,362000,4,1,Dance Party
4tliFm69NLIEXwAq5g8T61,Mean,Taylor Swift,[],0.576,0.754,4,-3.982,1,0.0428,0.451,0.0,0.223,0.79,163.886,238693,4,2,Instrumental Calm
4tvlbnE5Sf8KQFs3BYiBHT,Intro - F.A.M.E.,Maluma,[],0.481,0.376,3,-11.179,1,0.0705,0.971,0.0,0.354,0.276,115.173,99813,4,1,Dance Party
4txdWVzd98pHLdUjRYGrEh,Koi Mera Dil Le Gaya,Nusrat Fateh Ali Khan,['qawwali'],0.614,0.257,10,-20.702,0,0.109,0.0854,0.000139,0.0967,0.57,94.944,368000,4,1,Dance Party
4tyJLqfcdj8ncrvd1mjgMb,Koi Vekh da Nahi Khtawan Nu,Nusrat Fateh Ali Khan,['sufi'],0.393,0.586,5,-16.61,0,0.2,0.00377,0.0,0.218,0.768,110.142,1081809,4,3,Acoustic Chill
4u7akyZfRFmhwODZxIrR9A,Sacho Tero Naam Ram,Naushad,['bollywood'],0.371,0.35,2,-13.343,1,0.264,0.987,0.359,0.386,0.761,167.806,126827,4,1,Dance Party
4uGY9CqDtGtaTTLg1cgsWD,Machine,Imagine Dragons,[],0.638,0.679,4,-5.278,1,0.0425,0.0016,0.00655,0.121,0.596,81.045,181880,4,2,Instrumental Calm
4uRhSMabFHBEf2ZXLBPp67,Om Namah Shivaye - Universal Chant,Pankaj Udhas,['ghazal'],0.695,0.514,2,-10.606,1,0.0265,0.654,9.52e-05,0.221,0.417,119.974,985871,4,1,Dance Party
4uTvPEr01pjTbZgl7jcKBD,NASA,Ariana Grande,[],0.747,0.458,6,-6.891,1,0.303,0.451,0.0,0.252,0.47,75.029,182000,4,2,Instrumental Calm
4uXfostYdkFtaE5BuGZCip,Eh Mere Maula,Alhajj Muhammad Owais Raza Qadri,['sufi'],0.683,0.806,10,-3.155,0,0.0276,0.828,0.0,0.567,0.961,89.98,291362,4,0,Energetic Happy
4uc7Xv5rJ820MOfGngUwgB,Jad Toon Nahin Sajna Kol Mere,Badar Ali Khan,['qawwali'],0.602,0.692,2,-10.916,0,0.0655,0.765,6.69e-05,0.811,0.92,122.34,776882,4,3,Acoustic Chill
4ufmGHnzMADq3okI89eS0O,"Aarti Keeje Hanuman Lala Ki (From ""Shree Hanuman Chalisa (Hanuman Ashtak)"")",Hariharan,['ghazal'],0.593,0.732,4,-5.288,1,0.0306,0.722,0.0,0.768,0.882,90.977,262410,4,0,Energetic Happy
4uhUm7K4Z4XA7Q3U9tLt0T,Sugar,Starry Eyed Cadet,['pop'],0.564,0.74,4,-5.682,1,0.0283,0.0354,2.99e-06,0.207,0.786,118.095,195930,4,2,Instrumental Calm
4unLdhKmPzmzRAohIH8zO5,The Arrest,John Legend,[],0.441,0.557,0,-8.672,1,0.192,0.448,0.0,0.494,0.621,195.109,242613,4,0,Energetic Happy
4uvODjP63CTcq0asWCkewa,Ogo Maa Maa Hara Ami,Anuradha Paudwal,['ghazal'],0.656,0.666,10,-6.681,0,0.0433,0.607,0.000424,0.154,0.734,96.988,396565,4,2,Instrumental Calm
4uwwFPtro0WbQ4C63HBH5F,Mere Ansaon Par Na Itna Haso Tum,Rahat Fateh Ali Khan,"['bollywood', 'qawwali']",0.351,0.814,5,-7.157,0,0.0423,0.479,0.0404,0.306,0.851,85.037,598877,4,0,Energetic Happy
4uxAIKSo56LE12WhznygYy,Kin Min Badlan Layi,Naseebo Lal,['sufi'],0.759,0.904,6,-5.75,0,0.103,0.312,3.3e-05,0.276,0.746,105.62,389794,4,2,Instrumental Calm
4vJsrnLRzCSZa4fkJNF8Er,Kya Khaber Thi Teri,Noor Jehan,['bollywood'],0.605,0.696,5,-8.112,0,0.0361,0.841,0.215,0.0857,0.723,137.574,189520,4,2,Instrumental Calm
4vKltMFviBKMdhYu3FDLY0,Machika,J Balvin,[],0.618,0.836,9,-3.362,1,0.379,0.0474,0.0,0.172,0.54,212.058,181733,4,2,Instrumental Calm
4vTb2orHb3ALb60Z0UsLsq,"Ninnidale - From ""Milana""",Sonu Nigam,['bollywood'],0.746,0.56,3,-9.417,1,0.0451,0.176,2.55e-06,0.109,0.784,102.015,289358,4,2,Instrumental Calm
4vatwZNNxyTPTcf3jzgXKG,"Chhod gaye balam, mujhe haay akela chod gaye (From ""Barsaat'')",Lata Mangeshkar,['bollywood'],0.563,0.352,0,-9.494,1,0.0674,0.993,0.097,0.2,0.535,134.523,265751,4,1,Dance Party
4vijuDL7aLBRQpardqIamv,Tumse Milenge Sawan Ki,Chhote Majid Shola,['qawwali'],0.622,0.537,5,-10.555,0,0.0505,0.729,4.62e-05,0.0984,0.745,95.705,422269,4,1,Dance Party
4vkA9YQYu49tUIsqp8vGG9,Yaadan Vichre Sajan Diyan Aaiyan,Rahat Fateh Ali Khan,['qawwali'],0.457,0.847,1,-3.939,0,0.0548,0.235,0.0,0.335,0.745,115.606,486518,4,0,Energetic Happy
4voXJNdm1u9RZZbBbLpCFR,"Shree Ram Dhun, Pt. 2",Jagjit Singh,['ghazal'],0.586,0.411,0,-11.425,1,0.0248,0.742,0.0,0.176,0.683,91.57,1613160,4,3,Acoustic Chill
4vu3QevO1vTpqyYi0hmv1h,Pink,Jonita Gandhi,['bollywood'],0.707,0.683,5,-8.046,0,0.0316,0.0327,8.51e-05,0.396,0.643,105.973,227216,4,2,Instrumental Calm
4vzXIxYkePXHaDp9CHakTm,Aa Ke Sajda Nashin,Mehdi Hassan,['ghazal'],0.292,0.18,6,-26.584,1,0.079,0.801,0.0718,0.71,0.433,76.488,902351,4,1,Dance Party
4wJYKTQqZgGdrWN0GJTp6x,"Kitne Bhi Tu Karle Sitam - From ""Sanam Teri Kasam""",Asha Bhosle,['bollywood'],0.544,0.605,7,-7.413,1,0.0299,0.534,0.0,0.0705,0.787,134.926,272213,4,2,Instrumental Calm
4wMawSUIYEjk5ON7wq8sJD,De Maa Nij Charanon Ka Pyar,Jagjit Singh,['sufi'],0.458,0.594,7,-9.776,0,0.0271,0.401,0.00137,0.311,0.232,86.297,394920,4,0,Energetic Happy
4wN6HiUsCfAyTeiti5Sydk,Bhaala Hua Meri Maala Phooti,Fareed Ayaz Abu Muhammad Qawwal,['qawwali'],0.513,0.539,5,-9.132,0,0.359,0.711,0.0,0.115,0.425,81.869,819973,4,3,Acoustic Chill
4wRMoNicrJutXrOll80BHY,Jise Mil Saki Na Manzil Main Woh Bad Naseeb,Mehdi Hassan,['ghazal'],0.382,0.395,7,-11.057,0,0.033,0.984,0.00965,0.241,0.362,133.001,300061,3,1,Dance Party
4wpRFphBpTrGQyb3tGz6Bo,"Poikkaal Kuthiraiyile (From ""Popcarn"")",Hariharan,['ghazal'],0.516,0.634,7,-8.821,0,0.249,0.367,2.79e-05,0.0879,0.367,161.43,324653,5,2,Instrumental Calm
4wsCmnZhG6ePVp4HX7KM1n,Mukh Morr Lya Saade,"Sher Ali , Mehr Ali Qawwal",['qawwali'],0.368,0.74,9,-14.743,0,0.0594,0.0505,0.00264,0.0828,0.807,97.383,918333,4,0,Energetic Happy
4wteLyTjfKKVuqe8dSexC6,Kesariya Balam Padharo Mhare Desh,Mehdi Hassan,['bollywood'],0.252,0.453,2,-15.494,1,0.0448,0.929,0.0797,0.617,0.481,139.736,378990,3,1,Dance Party
4x4AcezuJiXL452YTFcl1Y,Mai Ni Ek Wanjara Aya,Atta Ullah Khan Esakhelvi,['qawwali'],0.288,0.29,3,-20.435,1,0.0417,0.547,1.33e-05,0.228,0.469,150.17,523907,4,1,Dance Party
4x4KsjpIn2qD6TqVHeiCNx,Zehal-E-Maskeen (Live),Ghulam Ali,['sufi'],0.394,0.192,3,-22.772,0,0.0411,0.663,0.000212,0.697,0.413,112.535,517640,4,1,Dance Party
4x571GcqiIkVptUFHYwPxD,Laanguriya Le Chal,Anuradha Paudwal,['ghazal'],0.705,0.97,4,-3.899,1,0.089,0.272,0.0,0.341,0.686,129.99,420500,4,2,Instrumental Calm
4xFIEHaBVjndIziSlkM8S8,Please Come Home For Christmas,John Legend,[],0.598,0.717,4,-5.531,1,0.026,0.191,0.0,0.0663,0.459,96.988,248120,3,2,Instrumental Calm
4xMMtVlHmo4DYijCOobtj8,Pyar Akhiyan De Buwey,Nusrat Fateh Ali Khan,['qawwali'],0.561,0.752,8,-7.003,1,0.376,0.868,0.099,0.511,0.81,120.258,896014,4,3,Acoustic Chill
4xYUhOT4oaTXRzhZqseCRC,Krishnashtakam - Bhaje Vrajaika Mandanam,Suresh Wadkar,['bollywood'],0.752,0.585,4,-5.178,1,0.049,0.545,0.0,0.179,0.708,115.665,519676,3,2,Instrumental Calm
4xl0ocYvdReXlXgWCRdIvq,Aaj Kano Ele Na,Anuradha Paudwal,['ghazal'],0.638,0.461,6,-8.334,1,0.0291,0.678,0.000673,0.0979,0.696,92.1,246733,4,1,Dance Party
4xomm84hHP30fvTnWdKocE,Semplice ricordo,Carlo Venturi,"['pop', 'folk']",0.811,0.748,0,-5.322,1,0.0691,0.398,0.896,0.0753,0.987,145.115,140565,3,4,Rap / Spoken
4xqi3ceDr9gCwq4e1fhI2t,"Ye Neela Neela Ambar (From ""Connect"")",Benny Dayal,['bollywood'],0.523,0.358,4,-11.997,1,0.0279,0.711,3.31e-05,0.41,0.319,141.841,252180,3,1,Dance Party
4xrp7IHh0xuNuGVu3oSv67,Audio,Sia,[],0.365,0.692,3,-4.586,0,0.0671,0.192,1.51e-06,0.0862,0.372,89.998,203400,4,0,Energetic Happy
4xtbGtabPCtDq08gdwgkK2,Jeevan Asha Hai - Instrumental,Bappi Lahiri,['bollywood'],0.488,0.849,5,-3.486,1,0.0326,0.096,0.727,0.525,0.631,95.97,335869,4,4,Rap / Spoken
4xv0U8PDS62TSv1omVVKgn,Koi Dost Hai Na Raqueeb,Jagjit Singh,['ghazal'],0.554,0.223,6,-18.01,1,0.0278,0.837,0.00789,0.0411,0.577,88.166,273733,4,1,Dance Party
4y1Y5PSuRssSMIDYY9uQJo,Long Nak Da - Ishtehari Gujjar,Naseebo Lal,['sufi'],0.809,0.838,7,-6.212,0,0.048,0.128,0.00392,0.331,0.956,122.849,329937,4,2,Instrumental Calm
4y3sKq0cMniXZRslO9b4jC,Nami Danam,Sabri Brothers,['qawwali'],0.375,0.563,8,-14.267,1,0.1,0.947,0.107,0.138,0.432,116.568,347000,4,1,Dance Party
4yA8HY6DwhBb0mQEOBCVTN,Dhodi Pandi Ji Ke Dan Kadi Ka,Alka Yadav,['pop'],0.748,0.962,1,-1.044,1,0.0416,0.328,0.0,0.206,0.844,126.045,226069,4,2,Instrumental Calm
4yGVpeejeeA7zPVoKAm8ji,Kamasutra,Alisha Chinai,['bollywood'],0.699,0.553,10,-12.227,0,0.0427,0.11,0.000243,0.0976,0.422,98.232,248693,4,2,Instrumental Calm
4yHcVmaqkC9gjUD36SHGOh,Come & Get It,Selena Gomez,[],0.533,0.749,5,-6.273,0,0.052,0.00878,0.000371,0.0682,0.605,80.018,232733,4,2,Instrumental Calm
4yMTfgIdjLvSVVuHVrZE4f,Fireblaze,Angelique Sabrina,['pop'],0.705,0.96,7,-3.842,1,0.147,0.0101,0.0037,0.0679,0.567,119.985,179078,4,2,Instrumental Calm
4ym6mFCFP1mLXWXRYiGcGN,Lutt Mauj Mele,Asha Bhosle,['bollywood'],0.491,0.559,1,-10.481,0,0.0773,0.79,0.00022,0.249,0.61,100.408,297667,4,1,Dance Party
4ynbbM2iMqUGgHhIlz65eR,"Neev Kelabardu - From ""Muddu Manase""",Kailash Kher,['sufi'],0.782,0.463,7,-8.232,0,0.0611,0.401,0.0,0.25,0.71,124.999,285478,4,2,Instrumental Calm
4yoQbSPoj8H3O8M3EKvC74,Won’t Let Go,Juice WRLD,[],0.617,0.791,7,-4.292,1,0.0519,0.0563,0.0,0.233,0.653,150.061,200137,4,2,Instrumental Calm
4yuWA2s1LeNNroCMN3A2Qg,Aik Jhalak Dikhla De,Mehdi Hassan,['sufi'],0.274,0.458,6,-12.932,1,0.0365,0.937,0.0292,0.0814,0.393,169.135,363667,4,1,Dance Party
4yv9iBy8FwLpssWwAeuvl0,Et juletræ fra Kolahalvøen,Monrad Og Rislund,['pop'],0.65,0.331,8,-9.552,1,0.884,0.67,0.0,0.221,0.863,88.853,35027,5,3,Acoustic Chill
4z1bO1KqEA9Bey3euqgJu8,"Antu Antu (From ""Super Star"")",Sonu Nigam,['bollywood'],0.792,0.825,3,-6.601,0,0.0357,0.0207,0.00204,0.299,0.752,95.948,310570,4,2,Instrumental Calm
4z9KHSk81UNJupAPR3rHBI,Ashqon Ke Leke Dhaare,Attaullah Khan,['ghazal'],0.469,0.661,6,-9.171,1,0.037,0.375,0.0,0.169,0.827,117.971,501759,4,0,Energetic Happy
4z9zu0K2BtbSF7hnBmF6Zk,Pagalpan,Shafqat Amanat Ali,['sufi'],0.743,0.537,8,-13.927,1,0.0719,0.356,2.26e-05,0.0648,0.348,99.994,283011,4,2,Instrumental Calm
4zE2SsLZtSTn76iZ4c1v4A,The Gold and Silver Waltz,The Manhattan Pops,['pop'],0.389,0.295,0,-12.432,1,0.026,0.642,0.865,0.374,0.379,95.421,175787,3,4,Rap / Spoken
4zOUGFV6Qc628rLUA28Rz3,"Nabi Nabi, Pt. 1",Aziz Mian,['qawwali'],0.584,0.483,6,-13.006,1,0.53,0.549,9.95e-05,0.29,0.844,105.785,1582080,4,3,Acoustic Chill
4zWB1DCwGZ8UphrvJhSgUR,Dil Mein Meethe Meethe,Amanat Ali Khan,['ghazal'],0.353,0.3,1,-14.959,1,0.0346,0.951,0.00913,0.0998,0.323,125.434,365427,3,1,Dance Party
4zeUnV3yupMnD2HIwSJMUe,Teri Soorat Jo Dekhi,Noor Jehan,['ghazal'],0.341,0.649,11,-7.925,1,0.0399,0.981,0.118,0.425,0.616,111.794,312907,4,0,Energetic Happy
4zjYxt8c1rjMjunz67wYof,Na Sawal Ban Ke Mila Karo,Nusrat Fateh Ali Khan,['qawwali'],0.687,0.492,3,-12.565,1,0.0536,0.559,0.000211,0.12,0.463,141.11,475484,1,1,Dance Party
4zljMfCfc34Q2zJzCHRCMf,Eka Eka Shunye Takiye Bose Bose,Asha Bhosle,['bollywood'],0.307,0.385,0,-6.408,0,0.032,0.894,0.000792,0.134,0.234,71.184,343057,4,1,Dance Party
4zpsVqD4bRRMJNDkWg5LyS,Sanson Ki Mala,Nusrat Fateh Ali Khan,['qawwali'],0.376,0.633,7,-8.491,1,0.0415,0.324,3.08e-05,0.0923,0.595,149.939,437891,3,0,Energetic Happy
4zxpssj8DyrfZcEUSUiNxG,Ring Ring (feat. Clever),Juice WRLD,[],0.587,0.68,0,-4.382,0,0.0502,0.068,0.0,0.35,0.594,160.098,171817,4,2,Instrumental Calm
500P0OTPmhPG3cLsmxiBwM,Monkha Deran Aahai,Muhammad Juman,['sufi'],0.312,0.701,8,-4.518,1,0.0453,0.974,0.0275,0.361,0.562,103.218,377974,4,0,Energetic Happy
504SO34U01iQ07qPNcgmrg,Ashay Ashay Khete Gelam,Kumar Sanu,['bollywood'],0.315,0.525,6,-8.371,1,0.0361,0.571,0.00105,0.247,0.359,129.452,61815,3,0,Energetic Happy
508lUjbGcPrL0CfvHC7UvI,Happier - Matt Medved Remix,Marshmello,[],0.816,0.833,5,-5.972,1,0.0511,0.126,9.09e-06,0.0625,0.793,122.032,170164,4,2,Instrumental Calm
50L15aprAJwVlpHP3licNj,Aga Naach Naach Radhe,Suresh Wadkar,['bollywood'],0.544,0.423,1,-17.331,1,0.222,0.986,0.895,0.152,0.889,105.819,309240,4,4,Rap / Spoken
50M0wJq4womPWuTrjYXhax,Aye Rab Aye Rab,Manoj Mishra,['sufi'],0.593,0.729,1,-8.539,0,0.264,0.0774,1.88e-06,0.14,0.687,63.434,251147,4,2,Instrumental Calm
50U7Szfrx47ZEu2bYeYkz3,Promises (with Sam Smith) - OFFAIAH Remix,Calvin Harris,[],0.722,0.985,10,-4.367,0,0.0407,0.0013,0.715,0.217,0.607,123.011,189887,4,4,Rap / Spoken
50acUdkrQLpxyuRr1etCyU,Dam Huma Dam Ali Ali - Live,Nusrat Fateh Ali Khan,['qawwali'],0.388,0.98,1,-0.899,1,0.359,0.337,0.00805,0.546,0.632,99.492,673686,4,0,Energetic Happy
50kUIiEK2VVVhUvAjuayHg,Ami Je Tomar Tandav,Pritam,['bollywood'],0.301,0.479,8,-10.505,1,0.0559,0.501,0.0,0.0818,0.363,77.356,143081,5,1,Dance Party
512JyhHrndIxZ81JmYZLmP,Flames - Tepr Remix,David Guetta,[],0.681,0.822,5,-4.676,0,0.0394,0.00926,0.135,0.114,0.441,123.975,232984,4,2,Instrumental Calm
514rhnksEwHUh6LxXsQ4Y9,Back To You,Selena Gomez,[],0.6,0.683,6,-6.271,1,0.0493,0.0984,1.26e-06,0.11,0.494,102.036,210240,4,2,Instrumental Calm
5174lG1mR9OYEpY6t6Cfr7,Marhaba Aaj Chalen,Alhajj Muhammad Owais Raza Qadri,['sufi'],0.271,0.367,9,-4.839,1,0.027,0.86,0.0,0.189,0.127,91.53,396867,5,1,Dance Party
51A88LKAphHAg6o2J5dLY9,Aaj Rung Hai,Nusrat Fateh Ali Khan,['qawwali'],0.49,0.524,6,-10.423,1,0.0538,0.484,0.0,0.299,0.691,112.491,1084953,4,3,Acoustic Chill
51DRIsmlJuK4lcMARBoSEn,Rock On Revisited,Shraddha Kapoor,['bollywood'],0.648,0.702,7,-5.404,1,0.0348,0.0317,0.0,0.271,0.451,129.048,213849,4,2,Instrumental Calm
51SRYKk6rLfl29XngwVtnk,Kamli Deewani,Atta Ullah Khan Esakhelvi,['sufi'],0.672,0.768,7,-3.767,1,0.0553,0.334,6.26e-05,0.134,0.944,97.173,469269,4,2,Instrumental Calm
51vOk9plbqjNOjuVjhHQlP,Lal Chudiyan Chadaoon,Lata Mangeshkar,['bollywood'],0.607,0.597,11,-12.621,1,0.0785,0.714,0.0,0.288,0.929,98.209,350667,4,1,Dance Party
523kXrzhI9WsrE4zpmfHgJ,Maine Botal Se Karni Hai Shaadi,Rahat Fateh Ali Khan,['qawwali'],0.561,0.798,5,-11.977,1,0.083,0.0843,0.000224,0.496,0.775,110.039,905276,4,0,Energetic Happy
524R9ZozCFdalUDdsIgz6V,Duvidha Mein Mann Fhasal Ba,Anuradha Paudwal,['ghazal'],0.468,0.585,10,-10.238,0,0.0511,0.53,0.0,0.0788,0.684,82.462,337402,4,1,Dance Party
524wvipGqxPKYWxkjf9y46,Little Bit (feat. Lykke Li),Drake,[],0.758,0.888,11,-4.899,0,0.0374,0.0999,0.0336,0.661,0.771,120.392,230484,4,2,Instrumental Calm
526fOTbPb1qO7nndof3NVf,"Nandri Solla Unakku (From ""Marumalarchi"")",Hariharan,['ghazal'],0.625,0.577,4,-8.743,0,0.0994,0.655,0.0,0.119,0.739,144.892,220787,4,2,Instrumental Calm
52BeeeeB5ZA9WGcYowE1IQ,Riddhisiddhichya Daatara,Kshitij Tarey,['sufi'],0.631,0.859,1,-6.07,0,0.0685,0.0857,0.0,0.0759,0.297,109.962,294000,4,2,Instrumental Calm
52CHvtkm2tjBff8zhRdpNi,Can’t You See,Total,['pop'],0.744,0.574,8,-9.445,0,0.0655,0.165,1.24e-05,0.295,0.805,86.278,281880,4,2,Instrumental Calm
52KGkoTVgZbsaB2uU8Jtnw,Dil Lagane Ki,Atta Ullah Khan Esakhelvi,"['sufi', 'qawwali']",0.694,0.637,10,-7.138,0,0.103,0.681,0.0,0.301,0.866,151.822,365009,3,2,Instrumental Calm
52nCocg4gWROtcvHiTUgKz,Watan Te Wal Aa,Atta Ullah Khan Esakhelvi,['qawwali'],0.734,0.804,6,-5.22,1,0.0699,0.663,0.00054,0.114,0.704,99.979,489115,4,2,Instrumental Calm
52xShvdsunbrNuKZ46rcXH,Aaisi Surat Baba Ki Dekhi,Badar Ali Khan,['qawwali'],0.553,0.867,5,-6.633,1,0.0613,0.444,0.0507,0.725,0.843,117.702,461613,4,0,Energetic Happy
538xJh841qQohKQJ8E5eiK,Everybody Hates Me - Michael Mar Remix,The Chainsmokers,[],0.743,0.667,11,-4.393,0,0.0557,0.0363,0.0,0.0919,0.528,93.006,202760,4,2,Instrumental Calm
53AX9MlrSCsnalmVmam0Wb,Jhoole Jhoole Lal,Nusrat Fateh Ali Khan,['qawwali'],0.58,0.828,11,-6.81,1,0.0377,0.564,0.379,0.925,0.897,101.551,729824,4,0,Energetic Happy
53CARIGdL3ShqjFao3AvMN,Chaal Ka Badalaleli,Abhay Jodhpurkar,['bollywood'],0.759,0.432,2,-9.507,1,0.0456,0.385,1.75e-05,0.0953,0.425,117.033,220698,4,2,Instrumental Calm
53P0OOj8pQ7XfA69CzS3jw,Aai Bhavani Devi,Anuradha Paudwal,['ghazal'],0.636,0.428,1,-16.612,0,0.0443,0.69,0.000473,0.204,0.851,123.239,319227,4,1,Dance Party
53QaCpl6OD3pqD5mdv83EO,Heegethake,Armaan Malik,['bollywood'],0.707,0.596,5,-6.812,0,0.03,0.557,0.0,0.2,0.639,122.075,231108,4,2,Instrumental Calm
53Tg8JYPtpoV0eJYO363a8,Shani Sahasranamabali,Anuradha Paudwal,['ghazal'],0.353,0.328,6,-12.459,1,0.04,0.917,0.00141,0.13,0.259,75.379,3415850,3,3,Acoustic Chill
53UA5GvWOP4FFW6XrcRT4B,Happier - Blanke Remix,Marshmello,[],0.648,0.735,2,-4.606,0,0.15,0.112,4.56e-06,0.519,0.235,99.986,201900,4,2,Instrumental Calm
53XRfIgocnwDCIkpCEyqbU,Kasam Se,Armaan Malik,['bollywood'],0.594,0.399,4,-9.091,1,0.0325,0.702,8.63e-06,0.356,0.486,114.894,185648,4,1,Dance Party
53hOpKJ8wVI8bkjw3Lyi0y,Awargi Mein Had Se Guzar Jana Chahiye,Munni Begum,['ghazal'],0.43,0.867,10,-6.09,0,0.147,0.585,1.96e-05,0.222,0.523,147.255,280985,3,0,Energetic Happy
53smOMSqpbS5jGGgW0xTrR,"Cheluvi Noora Chendagati (From ""O Premave"")",Hariharan,['ghazal'],0.619,0.562,8,-8.337,1,0.0437,0.372,4.1e-05,0.096,0.566,90.028,328690,4,2,Instrumental Calm
53tq3DtzY0QYalpuFvg0Dd,Kuch Bol Ve,Naseebo Lal,['ghazal'],0.485,0.818,4,-5.442,0,0.0532,0.405,0.0,0.365,0.94,81.234,331053,4,0,Energetic Happy
53zaDzNFZGwfnxr8CqJZf3,Saawan Ka Mahina Aaya,Anuradha Paudwal,['ghazal'],0.503,0.547,9,-11.736,0,0.0613,0.812,0.066,0.158,0.77,86.004,448160,4,1,Dance Party
5465JGwE8tGGapkqANPe3p,Right Now (Robin Schulz VIP Remix) - Robin Schulz VIP Remix,Nick Jonas,[],0.771,0.871,6,-3.554,0,0.174,0.0338,2.18e-05,0.317,0.674,120.01,178213,4,2,Instrumental Calm
54Bj9qTWTv7tG85LM8zHgL,Haq Ali Ali,Nusrat Fateh Ali Khan,['qawwali'],0.489,0.572,3,-8.883,1,0.149,0.721,3.37e-05,0.201,0.787,101.699,1485173,4,3,Acoustic Chill
54FrVIwZ7KEyYbh3O7iljE,Tere Ishq Ki Inteha Chahta Hoon,Asrar,['sufi'],0.643,0.565,6,-6.354,1,0.0343,0.319,1.65e-06,0.11,0.296,134.936,224000,1,2,Instrumental Calm
54JNbExxKpEXUqeSc63Xwd,Say My Name (feat. Bebe Rexha & J Balvin) - Corey James Remix,David Guetta,[],0.528,0.784,10,-4.363,0,0.0851,0.0194,0.0,0.0703,0.443,113.577,185760,4,2,Instrumental Calm
54KMrg8OS6eBojmmuaTeou,"Proper Patola (From ""Proper Patola"") (feat. Badshah)",Diljit Dosanjh,['bollywood'],0.789,0.685,3,-8.669,0,0.212,0.414,0.0,0.172,0.697,147.864,150640,4,2,Instrumental Calm
54KeQMym1phqyOKQmMYTfN,Aur Bhale Kuchh Bhi Ho Jaye,Anuradha Paudwal,['ghazal'],0.422,0.449,8,-14.448,1,0.0465,0.773,7.57e-06,0.311,0.611,76.226,309133,4,1,Dance Party
54McRh7HByYV3PZaQSvkia,Ranjish Hi Sahi,Talat Aziz,['ghazal'],0.591,0.463,8,-12.346,1,0.033,0.806,0.162,0.137,0.456,125.149,616307,3,1,Dance Party
54NeYKjsjX98kFAEvSQBdN,Sukh Mahi Naal Le Gaya,Nusrat Fateh Ali Khan,['sufi'],0.325,0.638,11,-6.652,1,0.0445,0.315,0.0,0.118,0.631,170.026,398313,4,0,Energetic Happy
54e5nUP7pHqVfaiCsq9FpW,I'll Never Love - Extended Version - Radio Edit,Lady Gaga,[],0.403,0.356,7,-6.173,1,0.0287,0.712,2.04e-06,0.109,0.194,108.989,328016,4,1,Dance Party
54eOmDg8gQNwl0rtr2l3Wo,This Feeling - Young Bombs Remix,The Chainsmokers,[],0.531,0.894,1,-2.406,1,0.217,0.201,0.0,0.0479,0.326,105.155,176027,4,2,Instrumental Calm
54ioKlp04gFOBCp1Rg7xdf,Morya Re Bappa Morya Re,Suresh Wadkar,['bollywood'],0.521,0.828,3,-8.601,0,0.0399,0.212,0.000102,0.0537,0.969,127.485,551681,4,0,Energetic Happy
54tm2aGlz8304JsWkybHZm,Aah Lei Chhalla Aah Lei Mundari,Hans Raj Hans,['sufi'],0.477,0.655,8,-11.845,1,0.0582,0.526,7.4e-05,0.332,0.882,84.263,307840,4,0,Energetic Happy
55E9wu2x0h4Wy7FPqIbp36,Taj Mahal,Pankaj Udhas,"['ghazal', 'bollywood']",0.642,0.317,6,-14.262,1,0.032,0.798,0.0,0.0966,0.341,140.101,500387,4,1,Dance Party
55EFVi1O3U6CX9od7Y4ROt,Sharab Hai Sharab Hai,Mohammed Rafi,['bollywood'],0.484,0.878,11,-8.478,1,0.098,0.817,7.75e-06,0.247,0.782,88.826,402320,4,0,Energetic Happy
55K35qGhWZPCF7mbUVTpYG,Dulha Chahi Tarc Draibarwa,Gunjan Singh,['pop'],0.473,0.929,8,-1.29,0,0.289,0.282,0.0,0.158,0.843,169.946,303812,4,0,Energetic Happy
55XyeA1MNEzHM9bhxhybA7,Meri Chichi Da Challa Mahi La Lya,Noor Jehan,['ghazal'],0.695,0.691,10,-6.983,0,0.132,0.959,0.301,0.281,0.934,102.243,220942,4,2,Instrumental Calm
55lKsWc6PiGZvCpsWgsVY7,Chalo Deyar-e-Nabi Ki Janib,Sabri Brothers,['ghazal'],0.499,0.468,4,-15.596,1,0.0558,0.936,0.0245,0.0592,0.862,75.938,1665893,4,3,Acoustic Chill
55nJGmUDh6VK5nknIkJgY2,Yeh Watan Tumhara Hai,Mehdi Hassan,['sufi'],0.466,0.475,3,-8.297,1,0.0253,0.931,0.000813,0.172,0.596,93.388,332720,4,1,Dance Party
55sJWbfqyI3XjzNua7Mqk8,Cashmere,Rita Ora,[],0.747,0.556,1,-6.95,1,0.0614,0.0239,0.0,0.112,0.647,121.994,175573,4,2,Instrumental Calm
5600nq7TiBraBX2jobyJ3l,"Swan Song (From the Motion Picture ""Alita: Battle Angel"")",Dua Lipa,[],0.588,0.821,5,-6.54,0,0.216,0.00579,0.000275,0.208,0.509,188.098,182075,4,2,Instrumental Calm
56MnLr9yA3lQn2Xp4f662n,Chahun Main Ya Na - The Remix(Remix By Su Real),Rashmeet Kaur,['bollywood'],0.498,0.646,2,-4.633,0,0.0324,0.0667,0.000588,0.257,0.165,120.412,126684,4,2,Instrumental Calm
56NfLuPDn9cvswDHFgCJsC,Mere Dil Ki Duniya Mein Aa Kar to Dekho,Rahat Fateh Ali Khan,['qawwali'],0.725,0.73,0,-6.9,1,0.0339,0.424,1.83e-05,0.14,0.674,142.548,419544,3,2,Instrumental Calm
56cU5XgtSZsNKNwigg5BsG,A Taste of Honey,Eddie Cano,['pop'],0.54,0.152,4,-19.722,0,0.0327,0.818,0.758,0.21,0.311,108.42,219280,4,4,Rap / Spoken
56d6kYZhfhzpoC3s1dRU2V,I Was Never There,The Weeknd,[],0.32,0.734,10,-4.021,1,0.0331,0.133,0.000109,0.165,0.185,113.34,241067,4,0,Energetic Happy
56qHTTNDoPlpuoJkvvaf1k,"Babul Mora, Pt. 1",Jagjit Singh,['sufi'],0.425,0.234,10,-17.385,1,0.0367,0.839,0.00592,0.0709,0.351,119.45,406240,4,1,Dance Party
571CXBICIK37VsXTAOXMKt,Sapne Toot Gaye - Islamic,Rais Anis Sabri,['qawwali'],0.505,0.417,3,-12.304,1,0.108,0.394,0.0,0.0698,0.961,80.189,895033,4,1,Dance Party
572BChNcXOIvtfn2TGmTKc,ON GOD (feat. Young Thug),Juice WRLD,[],0.797,0.722,5,-6.23,0,0.0601,0.0925,0.0,0.112,0.338,145.99,250272,4,2,Instrumental Calm
575NJxNUVDqwJGdzBrlLbv,Lost In Japan - Remix,Shawn Mendes,[],0.694,0.852,7,-5.34,0,0.257,0.0882,0.0,0.334,0.377,107.178,201253,4,2,Instrumental Calm
57C6h66Qp5YHHOCyfWYZod,Dar E Zehra,Ali Haider,['ghazal'],0.287,0.312,5,-7.634,0,0.0309,0.937,0.0,0.104,0.36,98.292,422589,3,1,Dance Party
57TNjEcakoD0f417TnTGKH,Dukh Ton Na Ghabrawin,Noor Jehan,"['ghazal', 'bollywood']",0.404,0.529,11,-6.973,0,0.038,0.729,1.31e-05,0.055,0.822,170.661,203546,4,1,Dance Party
57WZfcBYoU1xNX00qDS9RW,Tede Waal Challe Challe,Attaullah Khan,['ghazal'],0.743,0.846,6,-6.027,1,0.0406,0.587,0.0996,0.178,0.851,112.009,465612,4,2,Instrumental Calm
57iDy0t6KHmyWRgfXv2qoL,Dilan De Sode Kitay Nain,Javed Bashir,"['sufi', 'qawwali']",0.515,0.618,6,-13.413,1,0.149,0.322,0.0,0.31,0.866,94.279,905073,4,3,Acoustic Chill
57iwginMxUve0X21RHeZmV,Sewan Walia Peera,Shahid Ali Khan,['qawwali'],0.78,0.786,1,-8.946,1,0.0587,0.357,0.000114,0.0957,0.961,102.294,495072,4,2,Instrumental Calm
57m925g0uUBRU8p2z0PVlo,Khwab Jo,Rahat Fateh Ali Khan,['qawwali'],0.461,0.678,7,-5.074,1,0.0303,0.143,2.64e-05,0.402,0.136,90.997,373795,4,0,Energetic Happy
57nzorIFS8RTKLqE8c1bGI,Too Good At Goodbyes - Galantis Remix,Sam Smith,[],0.628,0.745,5,-4.451,1,0.0619,0.265,1.74e-06,0.189,0.648,95.943,194547,4,2,Instrumental Calm
57zsPaneT6R47inFlRtz2T,"Nain hi ko rah dikha prabhu (From ""Bhakt Surdas'')",K. L. Saigal,['bollywood'],0.306,0.398,5,-10.644,1,0.0547,0.995,0.93,0.257,0.393,76.909,172383,4,4,Rap / Spoken
581P2rFHTMnDdnNwjz8iuT,Maza Bappa Shree,Shaan,['bollywood'],0.584,0.91,2,-4.381,1,0.176,0.0496,0.0,0.115,0.255,80.056,310500,4,2,Instrumental Calm
585WOLp72ZY8LV88cMl4Lx,25 Flights,Drake,[],0.657,0.658,5,-12.785,0,0.0463,0.00181,0.492,0.146,0.555,126.987,189062,4,4,Rap / Spoken
58F1qfC0K11AaJ7DvSEmNG,La Moza,Hugo Liscano,['pop'],0.77,0.769,0,-5.897,1,0.0538,0.147,6.01e-06,0.0887,0.968,179.082,199947,3,2,Instrumental Calm
58JrqhVLx1rUQ3l3NIHHlG,Ye Jo Halka Halka Saroor,Nusrat Fateh Ali Khan,['qawwali'],0.52,0.495,3,-9.589,1,0.14,0.628,0.0,0.119,0.714,97.067,1136560,4,3,Acoustic Chill
58Kv33n6J4l5LxgB8w2ehl,I blå ballerina sko - Live,Lars Lilholt Band,['pop'],0.205,0.586,2,-8.297,1,0.0323,0.195,0.0,0.375,0.411,182.197,190960,3,0,Energetic Happy
58QhkbaAkLFnn7JwAnAato,Fall,Eminem,[],0.83,0.546,1,-5.716,1,0.295,0.227,0.0,0.112,0.535,182.973,262494,4,2,Instrumental Calm
58TaFP5j5i9swOf584yon2,HOUSTONFORNICATION,Travis Scott,[],0.689,0.723,0,-4.052,0,0.0836,0.0985,0.0,0.158,0.288,160.042,217828,4,2,Instrumental Calm
58q2HKrzhC3ozto2nDdN4z,I Like It,Cardi B,[],0.816,0.726,5,-3.998,0,0.129,0.099,0.0,0.372,0.65,136.048,253390,4,2,Instrumental Calm
594dO2t3vOlnjWalxZFD1k,Sarakti Jaaye,Jagjit Singh,['ghazal'],0.447,0.372,4,-8.657,1,0.0345,0.771,1.31e-06,0.246,0.578,78.196,221751,4,1,Dance Party
59HEIcIsnoU9cylvLNYtE5,"Om Namah Shivay (From ""Shiv Aaradhana"")",Anuradha Paudwal,['ghazal'],0.493,0.697,3,-6.369,1,0.0688,0.319,0.0,0.0755,0.636,102.297,176387,4,2,Instrumental Calm
59OOOfOnnR8yHNrABcIRyO,Aisi Lagi Lagan - Live,Anup Jalota,['ghazal'],0.457,0.493,3,-10.605,0,0.0517,0.493,0.00495,0.0925,0.541,129.896,484560,3,1,Dance Party
59c0xf15vWcGV5KNQsSsKz,Har Dil Ki Awaz,Sahir Ali Bagga,['sufi'],0.68,0.853,5,-8.871,0,0.0518,0.0266,0.0388,0.111,0.528,120.018,232000,4,2,Instrumental Calm
59tCtWJnK91yQU1Z68Rttk,Hasta el cielo,Andrés Calamaro,['pop'],0.711,0.487,7,-7.263,1,0.0324,0.305,1.29e-06,0.201,0.954,81.597,140930,4,2,Instrumental Calm
59wMeyYP0XangZLogbJgGa,Sai Raham Nazar Karna,Sadhana Sargam,['bollywood'],0.51,0.646,10,-4.663,1,0.0418,0.159,0.0,0.199,0.645,119.092,171076,4,2,Instrumental Calm
5A1w94uzc1kO1Zhe8WWxC3,Right Back,Khalid,[],0.789,0.427,5,-9.918,0,0.308,0.0649,3.62e-05,0.171,0.605,97.032,215227,4,2,Instrumental Calm
5AFqr9WPHYN1fS1KJgaTVV,Kaho Naa Pyar Hai - Lofi,Alka Yagnik,['bollywood'],0.582,0.438,9,-9.619,1,0.0283,0.475,0.195,0.148,0.338,115.965,220005,4,1,Dance Party
5AP2j1OwR1KbUuZXcqefJF,Aur Kaun Aayega,Lata Mangeshkar,['bollywood'],0.344,0.319,5,-13.012,0,0.0449,0.898,0.691,0.101,0.29,102.762,496227,4,4,Rap / Spoken
5APJRGcs46EC8zeyXISBWw,Kammoji,Mahendra Kapoor,['bollywood'],0.594,0.548,7,-11.795,1,0.324,0.913,0.0,0.35,0.786,119.888,261347,4,1,Dance Party
5AixiM1ss2M7fPk7VjvPQx,Dhuni Re,Osman Mir,['pop'],0.624,0.899,11,-3.864,1,0.0695,0.188,0.0,0.323,0.961,143.915,63593,4,2,Instrumental Calm
5Al0SncTKlmpBwMay7DqgS,Dil Jis Se Zinda Hai,Nusrat Fateh Ali Khan,['qawwali'],0.455,0.433,1,-11.02,0,0.0525,0.257,0.0,0.099,0.664,115.337,759536,4,1,Dance Party
5Ay20iMEmC30XsEUj2nIME,Akar Ukar Makar,Suresh Wadkar,['bollywood'],0.496,0.519,6,-11.517,0,0.0318,0.621,0.00011,0.252,0.379,114.557,469933,1,1,Dance Party
5B6YtmKVnDdXNoIbG3l4PT,Main Haideri Deewana,Ali Haider,['sufi'],0.605,0.894,8,-6.22,1,0.0698,0.326,0.00527,0.162,0.792,170.046,540971,4,0,Energetic Happy
5BN6tnggoZjd93lD7QA0c4,Jaag Jaag Shivshankara,Anuradha Paudwal,['ghazal'],0.443,0.381,8,-14.627,1,0.0431,0.802,0.00017,0.205,0.588,139.332,263734,3,1,Dance Party
5BUNaVWNj5yizp8WjDKaf3,Main Mureed Han Ali Da,Nazir Ejaz Faridi Qawwal,['qawwali'],0.549,0.723,1,-6.522,1,0.0612,0.847,6.99e-06,0.189,0.682,128.741,1369887,4,3,Acoustic Chill
5BXjoLBmRSivBNCK2jmx8r,Giant (with Rag'n'Bone Man) - Purple Disco Machine Remix,Calvin Harris,[],0.771,0.776,9,-6.161,1,0.0347,0.0374,0.0343,0.0972,0.687,122.007,208525,4,2,Instrumental Calm
5BeApeMWZDwQOzRgwuLmBX,Nazar Se,Ali Sethi,['sufi'],0.37,0.266,2,-12.164,0,0.0485,0.901,0.0592,0.098,0.334,77.593,254637,4,1,Dance Party
5BeWyVDhZsCgt76fczEWLA,Hasti Apni Habab Ki Si Hai,Hariharan,['ghazal'],0.455,0.5,7,-10.947,1,0.0421,0.901,0.00126,0.285,0.235,143.871,353067,4,1,Dance Party
5BekLihGpL6QP1z3YmRi8p,哈唎哈唎 (Harley Harley),Lowell Lo,['pop'],0.768,0.605,4,-12.957,0,0.0427,0.106,0.000462,0.0679,0.936,143.213,241947,4,2,Instrumental Calm
5BfMJ6iytQnu1r7iiCYSXe,Intro,Khalid,[],0.213,0.414,0,-9.725,1,0.0339,0.308,0.0257,0.0912,0.0553,79.556,213253,4,0,Energetic Happy
5CAAXa8zMNBi9iYbixiyep,Aisi Bhi Kya Jaldi Hai,Nusrat Fateh Ali Khan,['qawwali'],0.59,0.453,10,-14.07,0,0.0294,0.474,5.64e-06,0.0914,0.838,146.983,457000,3,1,Dance Party
5CAhAERHwbgYiWvMHClZ6k,Dil Hi To Hai,Chitra Singh,['ghazal'],0.461,0.628,1,-8.316,1,0.0343,0.565,0.000239,0.0715,0.735,115.118,309243,3,0,Energetic Happy
5CMw15fx1o2OW2jzaYy36L,You Are In Love,Taylor Swift,[],0.565,0.464,2,-8.967,1,0.0422,0.725,4.82e-05,0.0898,0.341,85.0,267107,4,1,Dance Party
5CXKZm1KE7RGym7insLJM2,Raghupati Raghav,Neeraj Shridhar,['bollywood'],0.719,0.93,9,-5.298,1,0.0592,0.0178,0.000843,0.0418,0.523,130.001,321149,4,2,Instrumental Calm
5Chf5Wb8OHUK1o2pBxhYFr,Allah Muhammad Char Yaar,Nusrat Fateh Ali Khan,['qawwali'],0.374,0.813,0,-5.111,1,0.0702,0.446,0.0,0.205,0.716,91.777,939082,4,0,Energetic Happy
5CnOdlQ9GTL4UonckkLQqH,Jai Shankar Chandra Bhaal,Ahmed Hussain,['ghazal'],0.328,0.455,1,-8.68,1,0.0293,0.835,0.000109,0.173,0.238,160.053,484314,3,1,Dance Party
5DAxn3fCrfI6oXgmwyNqhC,Bondhu Tin Din Tor Barite Gelam,Runa Laila,['bollywood'],0.542,0.543,3,-11.255,1,0.285,0.917,0.000148,0.125,0.926,183.043,172600,3,1,Dance Party
5DGqm7JeBgsTCjwQQKJGLR,"Yeah, I Said It",Rihanna,[],0.509,0.38,7,-7.479,1,0.158,0.547,1.21e-06,0.359,0.249,127.88,133157,4,1,Dance Party
5DIP4C9xSVgpiwAB2SBqnU,Rabba Mere Haal Da Mehram Tu,Abida Parveen,['sufi'],0.512,0.533,1,-11.209,1,0.0951,0.31,0.0165,0.122,0.724,87.57,895713,4,2,Instrumental Calm
5DJSSRy2FoSzfSnwQLUhYt,Haidri Deewana,Rahat Fateh Ali Khan,['sufi'],0.556,0.873,2,-9.172,1,0.0559,0.185,7.39e-05,0.298,0.909,113.953,900729,4,0,Energetic Happy
5DLgyYmobsFNTRhfLfZesO,"Punnami Puvvai (From ""Rudhramadevi"")",Shreya Ghoshal,['bollywood'],0.587,0.652,4,-5.375,0,0.0374,0.766,0.000277,0.37,0.384,81.96,275015,4,2,Instrumental Calm
5DNo5M8FNVKXC1TLbQMQkZ,Har Ek Rooh Mein Ek Gham,Bhupinder Singh,['bollywood'],0.477,0.429,0,-11.164,1,0.0278,0.955,0.135,0.0599,0.525,142.686,443027,4,1,Dance Party
5DY8cyrmS0pklvTXAGieJK,Leil Eskenderia,Moustafa Amar,['pop'],0.798,0.915,8,-5.256,1,0.086,0.651,9.98e-06,0.352,0.859,118.502,310204,4,2,Instrumental Calm
5DfVQbYITFaAqzxyP6Xzzh,"Agar Main Kahoon (From ""Lakshya"")",Shankar-Ehsaan-Loy,['bollywood'],0.816,0.727,9,-4.919,0,0.0326,0.73,8.82e-05,0.137,0.81,102.018,290987,4,2,Instrumental Calm
5DfWF0jqMgZDCiu9zJENTA,Ring (feat. Kehlani),Cardi B,[],0.767,0.543,1,-7.881,0,0.103,0.049,0.0,0.115,0.485,106.029,177140,4,2,Instrumental Calm
5E15XeG0Gx793LSjpvR2pg,Aadmi Hai Benazir,Aziz Mian,['qawwali'],0.518,0.406,6,-14.916,1,0.198,0.894,8.55e-05,0.0971,0.904,117.344,1471853,4,3,Acoustic Chill
5E8Avxuc9Erjp8GhBQ5UtA,Meri Marzi Main Gaongi Main Payal,Runa Laila,['ghazal'],0.553,0.756,0,-5.057,1,0.158,0.674,0.0,0.092,0.746,130.165,336133,4,0,Energetic Happy
5EAfBmz5JaQmUz3L1pJINh,Shahbaaz Qalander Laal,Nusrat Fateh Ali Khan,['qawwali'],0.602,0.439,7,-15.317,1,0.0371,0.283,0.0,0.314,0.953,160.383,478917,4,1,Dance Party
5EEKYHwda4l2inDej44RGR,Ajnabee Ban Ke Aaj Kahan Jata,Mahendra Kapoor,['bollywood'],0.455,0.364,8,-7.926,1,0.0505,0.954,0.0,0.255,0.732,116.067,213455,4,1,Dance Party
5EGMqeOpiIesWc9D0p9KPz,Akhiyan Udeek Diyan,Gurdas Maan,['sufi'],0.548,0.948,1,-4.049,1,0.117,0.00332,0.0,0.0697,0.607,144.896,568800,4,2,Instrumental Calm
5EPzNjoEDBvjkFEhoO2Z0P,Raag Nath Bhairon,Fateh Ali Khan,['qawwali'],0.423,0.314,1,-14.622,1,0.0534,0.603,0.00016,0.475,0.229,121.247,1891778,4,3,Acoustic Chill
5EYBryPOgIEPB7r5QIy6eG,Fallin' All In You,Shawn Mendes,[],0.853,0.476,8,-6.696,1,0.0361,0.405,0.0,0.111,0.796,92.038,235747,4,2,Instrumental Calm
5EYtErqbVZzG8876U81dn7,Rang De Chunariya,Anup Jalota,"['ghazal', 'bollywood']",0.573,0.829,3,-7.564,0,0.0417,0.338,0.0,0.0958,0.905,96.921,554227,4,0,Energetic Happy
5EeJtO8y1JxHtIzZUvb85c,Jug Jug Raj Karo Shree Gokul,Jagjit Singh,['sufi'],0.684,0.526,4,-7.855,0,0.0308,0.76,6.74e-06,0.335,0.8,83.026,310627,4,1,Dance Party
5EjmeS7B08WpS0qUXhwA6N,Hum Deewane,Anuradha Paudwal,['ghazal'],0.611,0.856,7,-9.602,1,0.0844,0.188,0.0,0.306,0.547,125.017,304080,4,2,Instrumental Calm
5F1Edww4lHSQ1hfDvCFTPR,"Mundh Sher Lahore Da (From ""Asghara"")",Noor Jehan,['ghazal'],0.697,0.854,0,-9.768,1,0.0771,0.731,0.0559,0.238,0.918,112.466,254467,4,2,Instrumental Calm
5F9nW15REpxdnSwNLy6epe,Mast Mast Dam Mast,Nusrat Fateh Ali Khan,['qawwali'],0.697,0.75,4,-12.294,0,0.105,0.364,0.064,0.129,0.857,167.602,868615,4,2,Instrumental Calm
5FGyRrTatFYmEChzDkZEMq,Meri Dastan E Hasrat (Saif-Ud-Din Saif),Munni Begum,['sufi'],0.453,0.506,4,-10.575,1,0.0368,0.289,1.33e-06,0.35,0.649,83.342,428778,4,0,Energetic Happy
5Fi4XJPTpTUPCcDRi1qFiK,Sai Ram Bolo,Anup Jalota,['ghazal'],0.526,0.386,0,-10.82,1,0.0299,0.756,0.107,0.24,0.233,138.898,238562,4,1,Dance Party
5Fk2KNlr4R4c7x5HQQdhjG,Badiyan Ashiq Mazaj Akhan,Noor Jehan,['ghazal'],0.652,0.805,2,-7.588,1,0.117,0.188,0.000329,0.325,0.768,117.266,292041,4,2,Instrumental Calm
5FkddQM9UYOgLH1TCNvWya,Mori Bhi Rung Do Chunri - Complete Original Version,Nusrat Fateh Ali Khan,['qawwali'],0.582,0.513,3,-11.505,0,0.0547,0.483,3.23e-05,0.0763,0.802,108.743,830334,4,1,Dance Party
5Fld6EZG911BY8tsaM5Cpy,Aaja Re Aaja Kar Loon,Salma Agha,['ghazal'],0.468,0.595,10,-13.611,1,0.0551,0.283,0.114,0.0834,0.559,93.041,297253,4,2,Instrumental Calm
5FoBYHnkDcrcXb5UA3UjZR,Tum Buta Habjai Ayse,Begum Akhtar,['bollywood'],0.448,0.213,11,-14.226,1,0.0728,0.979,0.904,0.128,0.528,132.107,197749,4,4,Rap / Spoken
5FoP2WEahXhfEdq9o0vPSX,Mera Koi Nahin Hai,Amjad Sabri,['qawwali'],0.478,0.965,8,-1.581,1,0.27,0.533,0.0,0.925,0.622,110.368,754968,4,0,Energetic Happy
5Fst6Z3gxAWAFcRdMWU7V9,Kar Kirpa Meri Maa,Gurdas Maan,['sufi'],0.47,0.886,6,-4.863,1,0.214,0.6,0.0,0.134,0.742,100.162,356474,4,0,Energetic Happy
5G5OkHrbaWA5mcKQfiFleY,Ghunghurba Baaje,Kanan Devi,['bollywood'],0.459,0.197,8,-11.548,0,0.188,0.993,0.907,0.104,0.563,80.252,203794,3,4,Rap / Spoken
5G7vgJl2o0y1ksA51BAUVo,Om Namah Shivaay - Dhun,Anuradha Paudwal,['bollywood'],0.551,0.612,9,-6.023,1,0.0335,0.729,0.0,0.119,0.61,91.982,504011,4,1,Dance Party
5GIdu0J4s6Zy6FuC1fdX4g,Man Wan Thandiyan Chhanwan,Arif Lohar,['sufi'],0.663,0.48,4,-8.854,1,0.0527,0.869,0.0114,0.358,0.662,156.332,444604,4,1,Dance Party
5GR3UAkHLnSP7lqvJTjSxE,Nit Khair Mangan,Nusrat Fateh Ali Khan,['sufi'],0.428,0.803,7,-6.277,1,0.0774,0.294,0.0,0.571,0.818,104.045,417093,4,0,Energetic Happy
5GZS8kBShLca7jvCgt8MEZ,Pardesiya Mera Dil Ay Dewana,Rahat Fateh Ali Khan,['qawwali'],0.57,0.682,5,-10.876,1,0.0406,0.545,0.0,0.336,0.812,80.001,479948,4,0,Energetic Happy
5GdZhzf49q7m7swchVhTuK,Tohre Jaisan Thanedar Mile,Anuradha Paudwal,['ghazal'],0.736,0.397,9,-16.134,1,0.273,0.974,0.568,0.137,0.871,101.696,241338,4,4,Rap / Spoken
5GtQkJTQ01zxZ9xRuIBRyY,Summer,Calvin Harris,[],0.596,0.856,4,-3.556,0,0.0346,0.0211,0.0178,0.141,0.743,127.949,222533,4,2,Instrumental Calm
5H0yVdvDcyMZe4u28oIuMz,Ostani S Njim,Parni Valjak,['pop'],0.326,0.935,11,-6.86,0,0.0769,0.00601,0.0002,0.972,0.33,134.08,267653,4,0,Energetic Happy
5H2VrjDWSQivUObUBjXQYv,Kuch Kuch Mil Gaya,Shazia Manzoor,['ghazal'],0.641,0.933,1,-5.346,1,0.137,0.00411,0.0108,0.13,0.747,150.013,266964,4,2,Instrumental Calm
5H2aKE95Ud9gkFoTWMYSH1,Plastic Rose,Maroon 5,[],0.666,0.736,11,-5.363,0,0.137,0.00539,0.0,0.0613,0.477,110.389,222885,4,2,Instrumental Calm
5H8lr4az4Vo3LloH67yVRt,A Head Full Of Dreams - Live In Buenos Aires,Coldplay,[],0.32,0.923,11,-6.33,1,0.136,0.0132,0.00654,0.705,0.255,122.756,299120,4,0,Energetic Happy
5HKYjs2epSIL8jInsej74I,Aerobika,Eldar Mansurov,['pop'],0.515,0.635,8,-15.949,1,0.173,0.674,0.0,0.216,0.368,136.454,182768,4,1,Dance Party
5HR9jbSgFS8ITcboNUGUZ4,Kalkatte Ki Kalavati,Usha Mangeshkar,['bollywood'],0.559,0.688,5,-9.393,1,0.135,0.657,0.00344,0.141,0.853,140.551,243040,4,0,Energetic Happy
5HbZRiMNwwoU2ccEOxij6N,We All Fall In Love Sometimes,Coldplay,[],0.37,0.0821,5,-16.098,0,0.0338,0.973,0.00124,0.116,0.151,90.765,239906,3,1,Dance Party
5HcvdFlc5HgQUsJSIyyui8,Karam Mangta Hoon,Amjad Sabri,['qawwali'],0.51,0.717,5,-9.434,1,0.0441,0.747,0.0,0.351,0.808,127.129,628114,1,0,Energetic Happy
5HwnezK198pJCEj1l2Adjy,She Loves Control,Camila Cabello,[],0.65,0.758,2,-4.02,1,0.116,0.166,0.0,0.0889,0.663,94.9,177160,4,2,Instrumental Calm
5HzmKxepK69LnQoGo0PdU1,Hai Husn Kisne Kaha,Pankaj Udhas,['ghazal'],0.433,0.477,2,-14.011,1,0.0526,0.92,0.921,0.205,0.635,95.952,413000,4,4,Rap / Spoken
5I3qJPMJbj8o9u5NSPTdKr,"Main Deewana Tera (From ""Arjun Patiala"")",Guru Randhawa,['bollywood'],0.732,0.895,0,-3.57,0,0.0334,0.0495,2.32e-05,0.172,0.557,109.995,194674,4,2,Instrumental Calm
5IDp6JFNNccPdMDCrClH2I,Chand Mahiya,Asim Azhar,['sufi'],0.71,0.599,9,-8.303,0,0.0807,0.282,0.00591,0.141,0.508,119.93,178125,4,2,Instrumental Calm
5IPQRERKcsXeaKlRpEJr28,Halka Halka,Rahat Fateh Ali Khan,"['sufi', 'qawwali']",0.626,0.695,2,-4.446,1,0.0319,0.396,0.0,0.308,0.469,115.051,273215,4,2,Instrumental Calm
5IRb8NRVwdcQPtVPmRpIWA,Мне Тебя Не Понять,Mikhail Krug,['pop'],0.424,0.467,0,-12.118,0,0.0439,0.52,0.000219,0.149,0.195,207.715,234227,3,1,Dance Party
5IU1tHEeeMf9AL0Cmi2Itb,Banjarey,Rahat Fateh Ali Khan,['sufi'],0.368,0.717,5,-4.085,1,0.0802,0.692,0.0,0.34,0.741,88.328,233667,4,0,Energetic Happy
5Ia2wXAU1lrwID1sQ66LeK,Aadhi Roti,Reshma,['sufi'],0.532,0.69,1,-6.854,0,0.246,0.591,0.0,0.189,0.93,88.921,191896,4,0,Energetic Happy
5IbY504wHNYctlJDkAoD70,Main Judai Se Ghabra Chuki Hoon,Naseebo Lal,['ghazal'],0.527,0.72,1,-6.828,1,0.0593,0.603,0.00101,0.324,0.441,174.699,434055,4,0,Energetic Happy
5Il6Oe7lr5XM7A0cWbVQtr,bad idea,Ariana Grande,[],0.847,0.579,1,-5.314,1,0.0719,0.0268,0.0545,0.102,0.569,137.998,267107,4,2,Instrumental Calm
5IuDb8qxWxGUqWUBgPH8tc,Mere Nai Hay Wasmey,Naseebo Lal,['sufi'],0.449,0.809,8,-1.506,1,0.0626,0.477,0.00199,0.178,0.652,177.714,383242,4,0,Energetic Happy
5IwywUJ28NuFRnj05NBSDJ,Tere Aane Ka Dhoka Sa,Abida Parveen,['ghazal'],0.566,0.623,7,-5.602,1,0.0422,0.495,4.1e-06,0.323,0.661,128.483,383692,3,0,Energetic Happy
5J2eRZo2BLb31L7J4fbK6l,Kaun Kehte Hain Bhagwan Aate Nahi (Achyutam Keshavam),Payal Dev,['bollywood'],0.393,0.818,2,-3.34,1,0.0601,0.425,1.6e-05,0.272,0.773,82.992,294348,4,0,Energetic Happy
5J9wdRYIAEREM4gtQ2yhgq,Mee Raksam Mee Raksam - Duet,Mohammed Rafi,['bollywood'],0.364,0.65,6,-9.725,0,0.0474,0.752,2.07e-05,0.0739,0.687,85.372,408707,4,0,Energetic Happy
5JQ6yfqhHTa5ZkUiHHpH44,Shikwa - Allama Iqbal,Nusrat Fateh Ali Khan,"['sufi', 'qawwali']",0.423,0.709,3,-10.386,0,0.265,0.198,0.0,0.36,0.801,92.631,991760,4,3,Acoustic Chill
5JVaSon0IO8T3KYX58Xgh0,Ahista Ahista,Nusrat Fateh Ali Khan,['qawwali'],0.493,0.78,1,-7.1,1,0.051,0.517,0.0,0.103,0.654,89.75,294784,4,0,Energetic Happy
5JXJzJut0f1XTXzGHZRIHy,Gebeurtenissen,Wilma,['pop'],0.472,0.218,5,-14.282,0,0.0402,0.742,1.23e-06,0.179,0.406,59.224,146751,4,1,Dance Party
5JeVb4gcgdIKkFTqOxuQyd,Jewleh Lal,Nusrat Fateh Ali Khan,['qawwali'],0.396,0.778,5,-10.237,0,0.0969,0.272,0.00905,0.215,0.813,96.818,1155307,4,0,Energetic Happy
5JjZfnrkiA6wcktagvcHtB,Sheesha Toota Shor Hua Dil Toota,Atta Ullah Khan Esakhelvi,['qawwali'],0.617,0.592,5,-10.48,0,0.072,0.829,0.0429,0.0792,0.852,79.927,428016,4,1,Dance Party
5JnPRzPMyraS531AD8BDua,Hey Ram Hey Ram,Jagjit Singh,['sufi'],0.367,0.539,7,-7.091,1,0.0317,0.274,0.0,0.63,0.617,87.803,499708,4,0,Energetic Happy
5JzGpvDK8ns13LSwCbo98x,SDFK,Oneohtrix Point Never,['pop'],0.236,0.365,0,-10.478,1,0.0385,0.00508,0.768,0.44,0.313,60.409,87269,4,4,Rap / Spoken
5K09638EBQjVMrZYXA89aC,Alone (Calvin Harris Remix) (Feat. Stefflon Don),Halsey,[],0.829,0.819,2,-3.43,0,0.131,0.137,0.00792,0.282,0.35,123.944,199199,4,2,Instrumental Calm
5K0VklRz9TzQBQmbuGnYyh,Rabba Asi Ki Kariye,Naseebo Lal,['sufi'],0.694,0.833,6,-5.523,1,0.0349,0.405,0.00309,0.12,0.764,117.021,446119,4,2,Instrumental Calm
5K7fJJAj8JDm2JfAYyQk9F,Love Lies - Snakehips Remix,Khalid,[],0.388,0.837,6,-3.022,1,0.107,0.0229,1.53e-06,0.149,0.378,143.271,202935,4,0,Energetic Happy
5KGTKwOePys7aH4o6EzXEP,I'm Still Here,Sia,[],0.437,0.719,6,-4.569,0,0.0376,0.00697,3.86e-05,0.0765,0.284,169.976,241910,4,2,Instrumental Calm
5KHzV8Gf3aweIMImliFAOs,Happy Xmas (War Is Over),Miley Cyrus,[],0.284,0.637,9,-4.893,1,0.0486,0.0626,0.0,0.371,0.197,92.045,220589,4,0,Energetic Happy
5KV02oOBVs2aKLXMhQJ7Pm,Ondee Samane,Sonu Nigam,['bollywood'],0.733,0.648,1,-8.254,0,0.0332,0.339,2.27e-05,0.0991,0.564,107.045,267607,4,2,Instrumental Calm
5KaqMht7nlTfGtucs62kpp,Rang Baaten Karey,Abida Parveen,['sufi'],0.388,0.269,5,-12.006,0,0.0509,0.937,0.00437,0.151,0.341,81.141,1051028,4,1,Dance Party
5KgcABz44Sj1eV5N920GBe,Kaavaan Kaavaan (Remix),Sukhwinder Singh,['bollywood'],0.568,0.853,4,-3.959,1,0.0702,0.0527,2.73e-06,0.187,0.556,180.004,196117,4,2,Instrumental Calm
5KvKOUK8kmSksbEXbHMFLa,Marhaba Sayyedi,Mohammed Aziz,['bollywood'],0.301,0.734,9,-9.004,0,0.144,0.776,0.0,0.152,0.473,164.363,179067,3,0,Energetic Happy
5KwO40SuQ1xoIWc9WV46je,"Roothe Ho Tum (from ""Aina"")",Nayyara Noor,['sufi'],0.25,0.619,0,-7.075,0,0.0343,0.979,0.0121,0.155,0.394,157.012,210307,3,0,Energetic Happy
5L2sL7mJVjtXVUk9uhVRFV,Maa Jotaanwaliye,Anuradha Paudwal,['ghazal'],0.6,0.637,0,-9.956,1,0.0341,0.661,3.63e-06,0.342,0.811,105.36,301929,4,1,Dance Party
5LBONrP5rLKZYxHoCSyOYb,"Pee Loon Lofi Mix (From ""Pee Loon Lofi Mix"")",Pritam,['bollywood'],0.322,0.439,8,-6.807,1,0.0441,0.658,2.15e-06,0.557,0.423,74.472,194261,4,1,Dance Party
5LITPSnX3pgSGf2GsoNnTw,"Mahi Mahi Mil Mahi (From ""Taqat Ka Toofan"")",Salma Agha,['ghazal'],0.535,0.635,5,-9.421,0,0.096,0.878,0.000364,0.107,0.743,88.884,266333,4,1,Dance Party
5LL9mLGjXrwM9M4amS2KhU,Ajje Vi Akhey Lag Ja Ni,Arif Lohar,['ghazal'],0.404,0.631,7,-5.057,1,0.0382,0.601,0.0,0.671,0.9,178.879,342945,4,0,Energetic Happy
5LZl3NxoIfEnYfjYRl0csS,Mere Gaus Piya Sarkar,Sabri Brothers,['ghazal'],0.379,0.922,2,-9.134,1,0.315,0.612,2.98e-05,0.0791,0.511,88.944,771738,4,0,Energetic Happy
5LbCUQM1p05xjnNkvIKzsh,Dooron Dooron Sanu Tarsande,Atta Ullah Khan Esakhelvi,['sufi'],0.758,0.898,6,-8.033,1,0.0501,0.109,0.0015,0.316,0.858,112.646,394173,4,2,Instrumental Calm
5LfNWsrF0zLZpf0JlmuQNX,Boom,Major Lazer,[],0.704,0.784,7,-4.463,0,0.142,0.00283,0.0,0.419,0.656,100.083,186448,4,2,Instrumental Calm
5LgFeUn0Jx8UVkPlrMbTOc,Finesse (Pink Panda Remix) [feat. Cardi B],Bruno Mars,[],0.752,0.888,5,-4.952,0,0.0828,0.0302,0.0,0.253,0.603,123.964,148064,4,2,Instrumental Calm
5LyskuxBGjC4bdtrQIVtPl,O Priya Priya,Anuradha Paudwal,['ghazal'],0.277,0.519,1,-11.04,0,0.0376,0.928,0.0163,0.106,0.363,149.13,362187,4,1,Dance Party
5M1OQdg20muXh4MLt35Zbd,Salam Ay Mariam,Runa Laila,['ghazal'],0.757,0.41,8,-14.748,1,0.0311,0.408,4.11e-06,0.167,0.862,125.981,257071,4,1,Dance Party
5MFBvI2M3Npiwwusm86i1g,Laraiyan Changian Nahin,Sher Miandad Khan,['qawwali'],0.623,0.903,1,-5.862,1,0.0381,0.229,1.77e-06,0.211,0.964,170.025,329622,4,0,Energetic Happy
5MIyEjeKe6egdyYSlU0e6B,Radhe Radhe Jap Le,Anup Jalota,['ghazal'],0.461,0.641,11,-4.718,1,0.0308,0.655,0.0,0.0838,0.444,100.995,253936,4,0,Energetic Happy
5MR962DCyQbhEq4xlgJ93V,Mitar Piyare Noon - Complete Original Recording,Nusrat Fateh Ali Khan,"['sufi', 'qawwali']",0.421,0.832,1,-6.28,1,0.0411,0.136,0.000148,0.306,0.89,100.07,891811,4,0,Energetic Happy
5MVyXzR1HARqSkQjhPrNBO,Colour Spectrum - Live In Buenos Aires,Coldplay,[],0.253,0.454,4,-11.742,1,0.0362,0.763,0.892,0.378,0.133,85.508,117760,4,4,Rap / Spoken
5MagnxJPEpTT9gjgIz7d5x,Soona Soona Din Lagta,Nusrat Fateh Ali Khan,['sufi'],0.536,0.677,1,-8.262,1,0.059,0.0837,1.68e-05,0.116,0.637,173.601,345516,4,2,Instrumental Calm
5MknXpAUgINT11lxoobaJK,Bring Me Love,John Legend,[],0.506,0.86,2,-6.276,1,0.425,0.198,0.0,0.125,0.582,191.511,199547,4,0,Energetic Happy
5MrNSHoWvFKjBQ7TRMkp9I,Pillow,Bebe Rexha,[],0.622,0.476,6,-8.943,0,0.0378,0.133,0.0,0.269,0.213,77.023,216467,4,2,Instrumental Calm
5My4LtZW8JQJoKFDWodqIt,Use Somebody - Recorded at Spotify Studios NYC,Shawn Mendes,[],0.366,0.519,5,-6.066,1,0.0331,0.35,0.0,0.145,0.308,124.632,176587,4,0,Energetic Happy
5MyKGQp5bcN50AAbfe0lzF,Aadat,Jal -The Band,['sufi'],0.636,0.614,1,-8.392,0,0.0415,0.362,0.0,0.155,0.125,106.867,269307,4,2,Instrumental Calm
5N0chuX3KiQ7b6YpocqIUj,Sweet and Low - Single Remix Edit,Debbie Harry,['pop'],0.597,0.805,5,-11.05,1,0.0345,0.0561,2.07e-05,0.329,0.805,119.642,262133,4,2,Instrumental Calm
5N33SxpIgFdx5zAolO4eIF,"Tu Pagal Premi Awara (Super Jhankar Beats With Duff) - From ""Shola Aur Shabnam""",Kavita Krishnamurthy,['bollywood'],0.582,0.96,6,-3.547,1,0.147,0.231,1.53e-05,0.346,0.717,91.963,320271,4,0,Energetic Happy
5N5k9nd479b1xpDZ4usjrg,Promises (with Sam Smith),Calvin Harris,[],0.781,0.768,11,-5.991,1,0.0394,0.0119,4.91e-06,0.325,0.486,123.07,213309,4,2,Instrumental Calm
5NQzbroPvUAoDRt1smQvAY,Sun Ri Sakhi - Jhankar,Hariharan,['ghazal'],0.618,0.364,3,-13.334,1,0.0343,0.351,0.000283,0.119,0.319,97.164,311013,3,1,Dance Party
5NWV8bE3oVYVxIuAfatMPi,Tum Aur Hum,Nazia Hassan,['ghazal'],0.675,0.682,3,-11.796,1,0.0536,0.723,0.132,0.165,0.934,160.749,248627,4,2,Instrumental Calm
5NdW6kg5d0fYBguhShmQEL,Desh Bhakti Song - Hum Kamyaab Hai,Manoj Mishra,['sufi'],0.698,0.614,0,-6.859,1,0.0591,0.457,0.0,0.127,0.688,87.962,317819,4,2,Instrumental Calm
5NjcvFJsahRqqSvNvTVJX4,Coco Chanel (feat. Foxy Brown),Nicki Minaj,[],0.559,0.881,1,-4.115,1,0.199,0.132,0.000539,0.63,0.573,121.535,224933,3,0,Energetic Happy
5NnLyKN9ikYfvsdkRphN91,Ehdi Cheti Ro Paye Oh,Atta Ullah Khan Esakhelvi,['qawwali'],0.751,0.93,1,-4.927,0,0.0717,0.611,0.00013,0.189,0.723,132.06,487008,4,2,Instrumental Calm
5NxrjrPZVMWpmrH13vX9uC,Kulli,Gurdas Maan,['sufi'],0.729,0.503,0,-15.714,0,0.104,0.886,0.0713,0.251,0.964,94.66,403097,4,1,Dance Party
5O8P1Kstc4Hz5YFCSAYYol,Para Para Hua Pairahane E Jaan - Live In India/1982,Ghulam Ali,['sufi'],0.335,0.356,1,-14.784,1,0.0361,0.943,0.00923,0.501,0.44,140.6,398120,3,1,Dance Party
5OCJzvD7sykQEKHH7qAC3C,God is a woman,Ariana Grande,[],0.602,0.658,1,-5.934,1,0.0558,0.0233,6e-05,0.237,0.268,145.031,197547,4,2,Instrumental Calm
5OIKkCjYio4xjrDb8SclkH,My Girl Across Town,Van Broussard,['pop'],0.658,0.434,0,-8.786,1,0.0304,0.0245,0.000161,0.117,0.765,135.648,300800,4,2,Instrumental Calm
5OKc1YlHjdifTwlmM48lkQ,Halka Halka Saroor,Nusrat Fateh Ali Khan,['qawwali'],0.463,0.744,3,-4.293,1,0.0387,0.592,1.88e-06,0.153,0.644,135.39,660351,4,0,Energetic Happy
5OUcH4f941jVCNnvsLCxl2,Dil Lagaya Tha Dillagi Ke Liye,Atta Ullah Khan Esakhelvi,['qawwali'],0.435,0.572,11,-4.969,0,0.037,0.765,0.0063,0.112,0.449,96.665,546520,4,1,Dance Party
5OWx9w1rYS8Msv5gsHhJDy,Do Do Ghoont Hi pee Kar Dekho,Nusrat Fateh Ali Khan,['qawwali'],0.66,0.313,10,-19.395,1,0.0456,0.257,0.0,0.24,0.482,96.968,327853,4,1,Dance Party
5OcXzlvq7KqmqQf46gFpy5,Beh Ja Mere Kol,Ghulam Ali,['ghazal'],0.538,0.326,10,-16.109,0,0.0433,0.828,0.505,0.393,0.906,137.701,515133,3,4,Rap / Spoken
5OjZF7Reoed6hYWGNvqn4L,O Mere Khuda Solo,Kumaar,['bollywood'],0.56,0.587,6,-4.342,1,0.0289,0.349,0.0,0.131,0.197,78.0,300643,4,2,Instrumental Calm
5Ou98MLnt4lA5Dg4xgqNHr,Wey Gujjra Terey Rangg Vich Ranggi Gayi,Noor Jehan,['bollywood'],0.686,0.545,1,-10.25,1,0.0414,0.814,1.21e-05,0.0855,0.817,120.685,217757,4,1,Dance Party
5OzeEBMJMJ8Lk0PBJE0SwP,Yadaan Teriyaan (Version 1),Rahat Fateh Ali Khan,['qawwali'],0.367,0.695,5,-5.771,1,0.0412,0.17,0.0,0.195,0.339,132.7,304565,4,0,Energetic Happy
5P8JRRCSXFRD93pMc3zzV0,"Masoom Chehra Male - From ""Talaash""",Kumar Sanu,['bollywood'],0.433,0.456,5,-10.307,0,0.0387,0.634,0.0,0.384,0.596,148.205,296520,3,1,Dance Party
5PNo7KtXqaf3WzhTRfMdSs,Mujhko Teri Qasam Tujhsa Dekha Nahin,Nusrat Fateh Ali Khan,['sufi'],0.501,0.792,7,-9.952,1,0.0747,0.567,0.00418,0.107,0.93,108.3,804467,4,0,Energetic Happy
5PSOyF0kNoVXhWvxlys6z5,Dil Kare,Atif Aslam,"['bollywood', 'sufi']",0.526,0.641,7,-8.623,1,0.0431,0.391,0.0,0.317,0.278,96.131,193262,4,2,Instrumental Calm
5PY1fUEy3rxVkYUam2LrdN,Tera Saath Ho,Falak Shabbir,['sufi'],0.532,0.663,0,-4.806,0,0.0464,0.355,0.0,0.0954,0.463,79.997,220497,4,2,Instrumental Calm
5Plh17FoKlhY0lwPCwQMJr,Maryada Purushottam,Anup Jalota,['ghazal'],0.39,0.606,8,-9.489,1,0.135,0.751,0.0,0.32,0.634,76.794,180846,4,0,Energetic Happy
5Psnhdkyanjpgc2P8A5TSM,Emotionless,Drake,[],0.413,0.677,1,-5.12,1,0.255,0.0249,0.0,0.0793,0.0845,172.501,302173,4,2,Instrumental Calm
5PughkhdtqpoLMIEOlSPP1,Malli Kuyave,Hariharan,['ghazal'],0.598,0.667,9,-8.223,1,0.0704,0.559,0.0,0.11,0.66,169.949,371931,4,2,Instrumental Calm
5PxGi2kxDyNKR1ILDrcXLZ,Om Namah Shivaya,Jagjit Singh,['sufi'],0.716,0.445,0,-6.892,1,0.0264,0.788,0.000106,0.0847,0.563,99.976,305400,4,1,Dance Party
5Q7xgSQqyhwrC2fJAXLeWE,Interlude,Alan Walker,[],0.467,0.0262,7,-14.617,1,0.0406,0.917,0.95,0.132,0.218,130.253,79107,4,4,Rap / Spoken
5Q7zuH8VNu7aLappSusPu6,Burn Out,Imagine Dragons,[],0.588,0.494,10,-8.831,0,0.0536,0.0213,7.2e-05,0.0966,0.291,135.004,273880,4,2,Instrumental Calm
5QLAHKawoQwVRNf1waaVW7,If You Leave Me Now (feat. Boyz II Men),Charlie Puth,[],0.362,0.268,6,-7.757,0,0.0399,0.909,0.0,0.15,0.394,81.912,243160,4,1,Dance Party
5QPDjerYmxa2xG16uUJemB,"Kal Ki Hi Baat Hai (From ""Chhichhore"")",KK,['bollywood'],0.562,0.368,1,-9.198,1,0.027,0.973,0.000164,0.105,0.25,107.914,240534,4,1,Dance Party
5Qfjz3628sdC8oiOAHTILf,Enti Msheeti,Melhem Zein,['pop'],0.732,0.7,5,-4.066,1,0.0413,0.123,4.26e-06,0.157,0.582,148.031,353053,4,2,Instrumental Calm
5Qg4z7bJxGHS3GbbD6I0eV,Ab to Jag Musafir Pyare,Wadali Brothers,"['ghazal', 'qawwali']",0.387,0.71,8,-6.625,0,0.0504,0.61,6.31e-06,0.0995,0.608,159.666,363333,4,0,Energetic Happy
5QkVPG2Hf3MmAarireF6lh,Who Do You Love - R3HAB Remix,The Chainsmokers,[],0.529,0.698,8,-6.87,1,0.0456,0.2,0.0,0.185,0.357,142.012,152120,4,2,Instrumental Calm
5QskYLFPX9y7pLU0VEMNbr,Like To Be You feat. Julia Michaels,Shawn Mendes,[],0.747,0.452,2,-9.336,1,0.209,0.804,0.0,0.108,0.649,153.849,159400,4,1,Dance Party
5QxA5kWGPWh4cprTOs7QWx,Jawab Shikwa - Solo with Orchestra,Nusrat Fateh Ali Khan,"['sufi', 'qawwali']",0.591,0.824,7,-3.417,1,0.0794,0.702,0.0,0.115,0.751,132.016,1373341,3,3,Acoustic Chill
5R0HVG3LRIr5DT4w8J9p40,"Khate Hain Hum Kasam (From ""Aatish"")",Kumar Sanu,['bollywood'],0.592,0.774,7,-7.561,1,0.036,0.394,0.00705,0.413,0.708,123.606,410840,4,0,Energetic Happy
5R5aqGKGZDUFhlZJpJaQF0,"Chalo Yunhi Rothe (From ""Shararat"")",Mehdi Hassan,['sufi'],0.574,0.538,11,-9.48,0,0.0457,0.777,0.0,0.132,0.898,105.482,226258,4,1,Dance Party
5R6bQw4yR1fBLuJbPDdUP0,Chupi Chupi Kache,Runa Laila,['bollywood'],0.744,0.841,8,-3.421,1,0.0407,0.854,1.58e-05,0.336,0.896,143.589,283664,4,2,Instrumental Calm
5R7Qv9s3Rlt14yqBncE30a,Zindagi Kitne Zakhm,Kavita Seth,['bollywood'],0.5,0.337,2,-17.021,1,0.0467,0.628,0.0153,0.151,0.444,93.03,379556,4,1,Dance Party
5RAhu7KdNYLwcUoAQfR8Ht,Laai Khushi Ki Duniya,Suraiya,['ghazal'],0.612,0.189,2,-11.874,1,0.0648,0.992,0.0844,0.159,0.764,134.044,175556,4,1,Dance Party
5RHiTyZwonwBRWco5xfDDS,Hum Tum - Dance Mix,Sukriti Kakar,['bollywood'],0.669,0.713,0,-4.915,0,0.0315,0.446,3.2e-05,0.134,0.264,129.914,183245,4,2,Instrumental Calm
5Ralw2FRyI9pyjp5zhp9Or,Mujhko Dafna Kar Woh Jab,Shahid Ali Khan,['qawwali'],0.505,0.649,6,-5.857,1,0.0966,0.592,6.36e-05,0.118,0.764,165.445,446425,3,0,Energetic Happy
5RdfdMVxSdAWX0DR87nDfQ,Ghata Ghonghor,Nayyara Noor,['ghazal'],0.584,0.345,5,-12.001,1,0.0317,0.767,0.0,0.0575,0.731,93.224,199480,4,1,Dance Party
5RyF5j6WZvkF3Gi7rm54VA,Ho Gaya Hai Ishak Hume Ho Gaya Hai,Javed Ali,['bollywood'],0.567,0.516,10,-3.7,1,0.115,0.673,0.0,0.125,0.455,171.697,295863,4,1,Dance Party
5S6pbyA2keBvhE56wpY73D,Chemta,Atta Ullah Khan Esakhelvi,['qawwali'],0.391,0.744,8,-9.818,1,0.111,0.13,7.06e-05,0.109,0.779,78.796,277812,4,0,Energetic Happy
5S7MkLySyhiidBKVKZm1MY,Tu Mil Gaya: # Swipe It Right Yaar,Shirley Setia,['bollywood'],0.605,0.644,4,-6.985,1,0.0361,0.78,1.36e-05,0.213,0.742,96.035,224862,4,1,Dance Party
5SAK6LDOY7OBskMVsg5uVH,Raat Baqi Hai,Javed Bashir,['qawwali'],0.619,0.864,1,-6.53,1,0.0442,0.431,0.000382,0.132,0.705,91.068,375054,4,2,Instrumental Calm
5SFAgH1ucOkG247eqb8qCw,Love Lies - Rick Ross Remix,Khalid,[],0.711,0.673,6,-5.333,1,0.0549,0.099,0.0,0.174,0.391,143.948,253695,4,2,Instrumental Calm
5SNISinXkLXldkP8eBGWfO,"Aa Chal Ke Tujhe (From ""Door Gagan Ki Chhaon Mein"")",Kishore Kumar,['bollywood'],0.449,0.494,5,-7.4,0,0.0341,0.369,0.00327,0.0928,0.299,112.002,279464,4,1,Dance Party
5SjHrBUkxg3LcAQpzE6pIm,Sab Kuch Chadya Main,Naseebo Lal,['sufi'],0.769,0.955,9,-2.112,1,0.0573,0.54,0.0258,0.0794,0.897,132.285,247968,4,2,Instrumental Calm
5SpwQk5O6tbQXywq50LL5Y,Dil Ka Baje Ektara,Kumaar,['bollywood'],0.527,0.742,10,-7.185,0,0.0348,0.0466,0.0,0.129,0.499,89.965,271125,4,2,Instrumental Calm
5SwEgzUFDHwpWHKrbnP32Z,Youth feat. Khalid,Shawn Mendes,[],0.62,0.594,11,-6.678,0,0.0775,0.578,0.0,0.147,0.312,99.962,190867,4,2,Instrumental Calm
5SxkdsY1ufZzoq9iXceLw9,No Tears Left To Cry,Ariana Grande,[],0.703,0.696,0,-5.482,1,0.0529,0.0375,5.65e-06,0.274,0.366,121.969,205947,4,2,Instrumental Calm
5SyZ5maJKX94hZ5DScg2cA,Kia Hussain Hein,Amjad Sabri,['sufi'],0.571,0.841,1,-8.371,1,0.156,0.702,0.0,0.448,0.877,103.242,614505,4,0,Energetic Happy
5T2b6s3Dy3jCELizXeuy6h,Milta Hai Sachcha Sukh Kewal Shiv Tumhare Charno Mein,Anuradha Paudwal,['ghazal'],0.547,0.425,5,-12.218,1,0.0528,0.75,2.88e-06,0.182,0.372,140.572,284600,4,1,Dance Party
5TEh3HHHEp1uu7PfMt6xnb,Kuchh Hua,Sonu Nigam,['bollywood'],0.664,0.34,2,-17.531,0,0.171,0.539,0.0113,0.104,0.407,116.968,328680,4,1,Dance Party
5TJyTV87vgWSeadLZayG6M,Gayatri Mantra,Suresh Wadkar,['bollywood'],0.599,0.52,9,-6.244,1,0.0273,0.683,0.0,0.146,0.104,115.86,247805,3,1,Dance Party
5TO8VVqgvC88kD1FSiiunf,Goraly Söýgimizi,Azat Dönmezow,['pop'],0.718,0.686,4,-5.945,0,0.0624,0.0595,0.00038,0.0804,0.499,100.026,173163,4,2,Instrumental Calm
5TWSlh2g8V6HQwcdYukPKA,Readymade Sweat,Dada Life,['pop'],0.686,0.927,5,-5.838,1,0.0657,0.00925,0.816,0.274,0.0705,128.065,173027,4,4,Rap / Spoken
5Tg9jOxiFRHzJ3HdM7LB57,Kisne Likha Hai Mohabbat,Shabbir Kumar,['bollywood'],0.509,0.629,8,-8.436,1,0.0344,0.832,5.8e-06,0.0879,0.733,132.222,376160,4,1,Dance Party
5TlSLmMmPjwnuDA7bIxbfa,Crazy Remix,Pritam,['bollywood'],0.725,0.892,11,-7.413,0,0.0628,0.00663,8.69e-05,0.625,0.682,110.025,238028,4,2,Instrumental Calm
5ToXLj81FvbGVkGF5NRXRm,Ishq Na Puchda Deen Mazab,Sher Miandad Khan,['qawwali'],0.772,0.936,9,-6.221,0,0.0467,0.164,0.00135,0.0877,0.932,99.892,353841,4,2,Instrumental Calm
5ToiRhf34vC2kpRwKLkwEH,Jagdati Maa,Sonu Nigam,['bollywood'],0.772,0.674,8,-4.98,1,0.0674,0.314,0.0,0.0913,0.959,146.024,1316918,4,2,Instrumental Calm
5U19gUj2nxpVX6qTVAdCgl,Yashomati Maiya,Sadhana Sargam,['bollywood'],0.375,0.522,9,-8.714,0,0.0544,0.367,0.0,0.114,0.645,81.466,272944,4,0,Energetic Happy
5UEG75PcdxHNTGTuXbNQhz,Waada Karke Jate Ho Tum,Kumar Sanu,['bollywood'],0.495,0.846,0,-5.592,0,0.059,0.286,1.49e-06,0.0534,0.493,106.07,408280,4,0,Energetic Happy
5UQR5ff7NKhconE9irIgey,Acha Lagta Hai Tu Ehraam-E-Junoon (Original Score),Sahir Ali Bagga,['sufi'],0.566,0.573,5,-9.559,1,0.0642,0.092,0.00032,0.152,0.508,187.932,353617,4,2,Instrumental Calm
5UiYpfLNPlFNQHu2mC8oQy,Gulon Mein Rang Bhare,Mehdi Hassan,['ghazal'],0.304,0.354,0,-18.86,1,0.041,0.51,0.000519,0.0904,0.375,142.262,376394,4,1,Dance Party
5Uj1LL6HaSFYlfyC6o42ZC,Puppies Are Forever,Sia,[],0.462,0.944,11,-3.588,1,0.141,0.0241,0.0,0.134,0.679,169.926,223360,4,0,Energetic Happy
5UthTi0MlB4K0TznWFynNn,Imagine,Marshmello,[],0.7,0.933,8,-1.366,1,0.0316,0.00169,0.0517,0.424,0.234,110.047,231273,4,2,Instrumental Calm
5VDA6r9R5TDsLRRj7Ir8iX,Heer,Hans Raj Hans,['sufi'],0.52,0.44,3,-10.826,0,0.0367,0.825,0.0158,0.0647,0.705,144.965,609480,4,1,Dance Party
5VFUzXlRSFk497aXdrquvu,Sultanım Illallah (Hicaz),Fatih Koca,['sufi'],0.591,0.642,9,-5.773,1,0.0369,0.513,0.0,0.337,0.756,78.951,190767,4,2,Instrumental Calm
5VFdLShbyF8zbSJUntxeMe,Jhalliya (Coke Studio Season 9),Javed Bashir,['qawwali'],0.597,0.826,1,-5.829,1,0.0429,0.299,0.0,0.0922,0.749,102.971,431000,4,2,Instrumental Calm
5VGgizgn9FGaI3u1UxuIZ8,Sohne Mukhre Da Lain De Nazaara,Nusrat Fateh Ali Khan,['qawwali'],0.353,0.556,3,-13.659,0,0.0898,0.505,0.0,0.861,0.855,99.245,462819,4,0,Energetic Happy
5VMlZumMCRtjyAGmd8N4DQ,La Pila De Saqiya,Munni Begum,"['ghazal', 'sufi']",0.477,0.418,5,-16.419,0,0.123,0.96,0.132,0.364,0.716,88.294,338493,4,1,Dance Party
5VO5GIZEoW2xSrOyE3Wn5Z,"Man Ki Bas Tu Hi Jaane - From ""Penalty""",Aaman Trikha,['bollywood'],0.344,0.406,1,-5.376,1,0.0268,0.691,0.0,0.104,0.313,103.171,267273,4,1,Dance Party
5VuxWXbt7XENQCtE9TzpTv,Spoil My Night (feat. Swae Lee),Post Malone,[],0.669,0.675,1,-2.869,1,0.0337,0.337,1.5e-05,0.109,0.262,160.911,194560,4,2,Instrumental Calm
5VxoNNFDUvTbKkUqe1KWz7,Aaj Piya Holi,Abida Parveen,['ghazal'],0.686,0.848,0,-4.688,1,0.0381,0.224,0.0,0.4,0.889,118.204,360751,4,2,Instrumental Calm
5W3IWlewPKiFemZXzxT8sG,Taskeen Ko Hum Na Royen,Begum Akhtar,['bollywood'],0.213,0.28,2,-12.595,0,0.0318,0.892,5.65e-06,0.317,0.385,89.655,245760,4,1,Dance Party
5WECzOZRjDj7X7Bb1PLgR0,Dheere Dheere Se Meri Zindagi Mein Aana,Bhushan Dua,['bollywood'],0.381,0.637,4,-4.517,0,0.034,0.944,0.864,0.137,0.628,92.299,231322,4,4,Rap / Spoken
5WFF3XeJGoUS3BCR283AdS,Voga E Va,Gianni Dego,['pop'],0.588,0.594,4,-6.982,1,0.0324,0.266,4.81e-06,0.192,0.622,120.337,210930,4,2,Instrumental Calm
5WI6rLEhidkC4QaP0g1d7J,Dilli,Palash Sen,['sufi'],0.628,0.855,5,-7.305,1,0.0656,0.0134,0.000963,0.452,0.802,104.992,217759,4,2,Instrumental Calm
5WhQTzpuo6KX6jzJKYkpG0,Woh Chandni Ka Badan - Live,Anup Jalota,['ghazal'],0.522,0.583,6,-11.973,1,0.0721,0.578,1.18e-05,0.858,0.68,113.91,389013,4,0,Energetic Happy
5WhcsbA93jwzreC3ZcS4Kj,The Temple,John Legend,[],0.276,0.761,4,-7.215,0,0.107,0.406,0.0,0.362,0.362,180.787,317253,1,0,Energetic Happy
5X9vP8ndYEZCMm1RyfYsnC,Shake It Saiyyan,Sunidhi Chauhan,['bollywood'],0.82,0.798,7,-8.625,1,0.196,0.00372,0.0527,0.282,0.476,104.007,232341,4,2,Instrumental Calm
5XEfmdQNlMqs5Pz0IB7hVm,Bakhoobi Hum Chou,Ustad Bahauddin Qawal,['qawwali'],0.389,0.768,10,-9.149,0,0.104,0.609,0.00759,0.343,0.601,134.823,542119,3,0,Energetic Happy
5XFUcBCUx1lCKfzMAKDJlk,Hare Rama Hare Rama Rama Rama,Jagjit Singh,['ghazal'],0.641,0.5,0,-7.376,1,0.0259,0.688,6.1e-06,0.142,0.607,83.003,294400,4,1,Dance Party
5XUtJWOqC4HBMMWxkq66aO,Hone Laga Hoon Tera,Arko,['bollywood'],0.542,0.501,6,-12.179,1,0.13,0.467,0.0,0.0989,0.413,74.83,218123,4,1,Dance Party
5XbzQ41WS6gJCu8PmIhAO1,Hans Ke Bola Karo,Ghulam Ali,['sufi'],0.485,0.285,1,-16.138,1,0.0296,0.844,0.0198,0.112,0.549,103.733,322720,4,1,Dance Party
5XcvSZVEUCGYc64brHyp0w,Kundadhiruvudhe,Shankar Shambhu Qawwal,['qawwali'],0.407,0.407,7,-9.633,0,0.0333,0.636,0.0,0.335,0.431,83.822,390766,5,1,Dance Party
5XfHmHJNxDl4Tsy29oLD7v,"Falak Dekhun Sonu Nigam (From ""Garam Masala"")",Sonu Nigam,['bollywood'],0.706,0.949,9,-7.436,0,0.0464,0.386,7.5e-05,0.0764,0.859,124.994,313333,4,2,Instrumental Calm
5Xn4IyTtW6FUGIUyWjbUHG,Goodbye (feat. Nicki Minaj & Willy William),Jason Derulo,[],0.643,0.904,0,-3.694,1,0.0739,0.0776,0.0,0.189,0.481,103.028,195419,4,2,Instrumental Calm
5XoPLiYf8zSEWU1rTF5Ga8,Tumko Dekhe Huwe,Abida Parveen,['ghazal'],0.411,0.203,8,-18.331,1,0.0402,0.632,5.79e-05,0.169,0.345,112.514,458733,4,1,Dance Party
5XrbCw5F4O6ICOKQW5mpwH,Jab Ishq Tumhen Ho Jaye Ga,Mehdi Hassan,['ghazal'],0.692,0.26,8,-12.83,1,0.084,0.677,0.0761,0.102,0.81,86.159,324177,4,1,Dance Party
5Y8Ex46qHVlaNVxWTIEJvT,Abhi Mood Nahi Hai,Sajjad Ali,['sufi'],0.666,0.847,6,-7.983,1,0.0792,0.048,0.0,0.0547,0.947,183.345,237416,4,2,Instrumental Calm
5YIDAUpfqFXwdOA8DJFtho,Asa Dil Dendan,Attaullah Khan,['ghazal'],0.718,0.698,9,-6.579,1,0.0601,0.595,3.88e-05,0.0757,0.63,147.005,395760,3,2,Instrumental Calm
5YRp633QNQiysUXVv9qiJO,Seyreyle Güzel,Süleyman Yardım,['sufi'],0.172,0.173,4,-13.6,0,0.0368,0.878,0.0192,0.119,0.313,72.107,603547,4,1,Dance Party
5Yb09qWYrwbnqIOj7oBvVf,Amaan Vich Rakh Baba,Rahat Fateh Ali Khan,['qawwali'],0.522,0.965,5,-1.28,1,0.0731,0.276,1.4e-05,0.507,0.904,127.884,690475,4,0,Energetic Happy
5YbWKpMosfOMhb4ZkgwJJt,Gharia,Rahat Fateh Ali Khan,['qawwali'],0.459,0.709,2,-10.79,0,0.0427,0.0461,0.00173,0.267,0.822,112.521,905999,4,0,Energetic Happy
5YcArQIzNs9ceL7RtWerdy,Mahiya,Adnan Sami,['bollywood'],0.58,0.863,2,-6.155,1,0.0694,0.523,2.19e-06,0.165,0.933,171.941,292591,4,0,Energetic Happy
5YeHLHDdQ4nKHk81XFWhCU,successful,Ariana Grande,[],0.847,0.603,0,-4.607,0,0.0397,0.107,7.4e-06,0.106,0.735,114.045,227387,4,2,Instrumental Calm
5YjxI55BzGgmsMeeUUMUTF,Meri Tamannaon Ki Taqdeer (Jhankar Beats),Lata Mangeshkar,['bollywood'],0.694,0.774,1,-9.928,0,0.0368,0.628,0.000183,0.0833,0.882,120.048,230493,3,2,Instrumental Calm
5YkqDsu50VwK9lFB5DxVri,Mahamantra Namokaar (Jaap),Lata Mangeshkar,['bollywood'],0.293,0.183,6,-10.645,1,0.0323,0.95,1.48e-06,0.127,0.192,105.875,1460973,4,1,Dance Party
5Yl94WSneRXo6sS0S0hKm3,Athra Ishq Ni Saon Denda,Nusrat Fateh Ali Khan,['qawwali'],0.522,0.741,4,-5.03,0,0.0706,0.206,0.0,0.7,0.72,111.162,925964,3,0,Energetic Happy
5YmquyyIIMxKMfVnRxrNv8,Sahalo Na Jata,Sameer,['bollywood'],0.537,0.849,1,-3.35,1,0.0448,0.534,0.0,0.114,0.803,79.897,356780,4,0,Energetic Happy
5YntgLJa2Z56fUwBXbPEOT,Baki Nahin Tamnna Ya Mere Waris,Ashok Zakhmi,['qawwali'],0.468,0.688,4,-9.737,1,0.0651,0.515,0.0,0.132,0.745,107.673,1036569,4,0,Energetic Happy
5YyBybka9LekgJZBGLlD1w,Puri Dwarika Mathura Dekhi,Anup Jalota,['ghazal'],0.449,0.554,11,-11.387,1,0.0525,0.699,0.0,0.118,0.705,87.217,377013,4,1,Dance Party
5Z77qbIskzqwUvP2IOPA3L,Minute,Ehla,['pop'],0.721,0.681,5,-5.766,0,0.313,0.0231,0.00347,0.448,0.698,114.918,170867,4,2,Instrumental Calm
5Z9SQPYU95S6M1vcbLsDt2,Stuck,Imagine Dragons,[],0.621,0.478,5,-8.246,1,0.0351,0.263,0.0,0.257,0.248,115.023,190853,4,2,Instrumental Calm
5ZDAmuqnJOcEvXKD22F4JC,La'u Rosa,Aniseto Falemoe,['pop'],0.561,0.313,3,-11.597,1,0.031,0.704,4.21e-05,0.0862,0.494,121.56,279541,3,1,Dance Party
5ZE90PKRaPm0hMOjZZne2Q,Mewar Ka Raja Deewana Rais Anis Sabri,Rais Anis Sabri,['qawwali'],0.548,0.858,1,-3.844,0,0.0327,0.833,0.0888,0.379,0.826,122.125,736105,4,0,Energetic Happy
5ZMVxtCwmlgtFK5lHhHY4G,Be Wafa,Nusrat Fateh Ali Khan,['sufi'],0.51,0.462,5,-14.139,0,0.212,0.798,0.0551,0.106,0.803,113.643,712973,4,1,Dance Party
5ZOEulH7fvK4ZkMLTOyKL0,Demonz (feat. Brent Faiyaz) - Interlude,Juice WRLD,[],0.502,0.309,6,-11.389,1,0.0601,0.268,0.279,0.127,0.18,169.522,95267,1,1,Dance Party
5ZVcGk81LJB6kJ5YX2LGk2,Pehni Si Judai Sajna,Naseebo Lal,['sufi'],0.727,0.803,8,-8.78,1,0.0447,0.459,0.0421,0.147,0.933,91.991,531781,4,2,Instrumental Calm
5ZZ8RASKQFeEIYUW8MUzwG,"Shree Vishnu Amritwani (From ""Shree Vishnu Amritwani"")",Anuradha Paudwal,['ghazal'],0.621,0.52,6,-11.479,0,0.12,0.667,0.0,0.0414,0.964,144.677,2937351,4,3,Acoustic Chill
5ZgHopEBJcNNpi2SomV0Mb,Par Gayi Par Gayi,Shazia Manzoor,['sufi'],0.702,0.887,8,-3.232,1,0.0895,0.437,8.21e-06,0.242,0.867,132.014,279396,4,2,Instrumental Calm
5ZqSvkWJekfxUta0DUnO5b,Dekha Jo Aaeena,Jagjit Singh,['ghazal'],0.376,0.635,6,-8.789,0,0.165,0.972,0.46,0.639,0.839,128.795,586240,3,4,Rap / Spoken
5a8RPWgKSmcGBGcffmIrUi,"Thunderclouds with Sia, Diplo & Labrinth",Sia,[],0.691,0.716,7,-5.985,1,0.0351,0.0085,9.06e-06,0.263,0.507,112.035,187027,4,2,Instrumental Calm
5aFW3CduDz6HwyLx7mKGB7,Koi Kuri Karle Pasand Mundeya,Masood Rana,['ghazal'],0.569,0.272,5,-14.538,1,0.0918,0.991,0.0123,0.145,0.607,120.987,340219,4,1,Dance Party
5aXzraczXnZfIlr1hnhwsy,"Bhagwan Kis Qasoor Ki, Pt. 1 - Jhankar Beats",Mohammed Aziz,['bollywood'],0.349,0.631,11,-11.314,0,0.104,0.112,1.58e-06,0.366,0.542,148.954,164881,4,0,Energetic Happy
5adHWbB96T8lTlEsVIcmSx,Chanon Chodhwen Se Mahi,Badar Ali Khan,['qawwali'],0.381,0.382,0,-21.278,1,0.0594,0.656,0.00513,0.548,0.833,201.058,709172,4,1,Dance Party
5af5UGV1xpzY09EN1ScdEU,Gal Gal Utte Mehna Dehn Waliya,Naseebo Lal,['sufi'],0.715,0.73,4,-7.944,0,0.0532,0.275,1.38e-06,0.0963,0.742,140.235,343397,4,2,Instrumental Calm
5agv13rQ1YeZ7CtcDFuNQ1,Raur Nevta E Hamar Devta Badi Mahanaga Padi,Pawan Singh,['pop'],0.676,0.955,6,-0.918,1,0.182,0.163,0.0,0.442,0.862,132.061,183541,4,2,Instrumental Calm
5ahiRBoMhl2oMk1dhP5DhM,Dhole De Gal Wich,Atta Ullah Khan Esakhelvi,['ghazal'],0.795,0.777,0,-9.108,1,0.0485,0.419,0.0,0.168,0.864,96.309,474050,4,2,Instrumental Calm
5bL01nu6SMRjm6DdQAcibQ,Dirty Sexy Money (feat. Charli XCX & French Montana) - BLVK JVCK ReVibe,David Guetta,[],0.724,0.862,1,-3.949,1,0.0778,0.103,0.0,0.0817,0.767,160.091,222267,4,2,Instrumental Calm
5bPrtY7mWFbMdxGdKjUOli,Akhian Noon Chain Na Awe,Nusrat Fateh Ali Khan,['qawwali'],0.725,0.573,7,-7.137,0,0.0367,0.442,1.11e-05,0.13,0.535,93.097,396997,4,2,Instrumental Calm
5bTHhVqrDAUfoJKAxwwj3G,Dil Jala Ke Mera Muskurate Hai,Ghulam Ali,"['bollywood', 'sufi']",0.563,0.395,1,-12.791,1,0.0325,0.515,0.00634,0.235,0.694,80.782,400000,4,1,Dance Party
5bdUbdLvkpYpvAhAmcjYJX,Dam Dam Ali Kehndian Rehna,Badar Ali Khan,['qawwali'],0.531,0.861,5,-5.677,1,0.0798,0.0896,0.0,0.563,0.877,104.298,842447,4,0,Energetic Happy
5bf4ZNbysosOuUl1CcY0rm,Chitian Sajna Diyan,Faiz Ali Faiz,['qawwali'],0.611,0.599,1,-10.271,1,0.086,0.488,2.93e-06,0.465,0.904,113.331,597068,4,0,Energetic Happy
5bozsM3XLqlH9PEJEEFtUv,Kuchh To Duniya Ki Inayaat Ne Dil Tod Diya (LoFi Flip),Begum Akhtar,['ghazal'],0.278,0.45,9,-9.485,1,0.0336,0.813,0.00573,0.384,0.341,129.812,218827,4,1,Dance Party
5brDwbxB2lJCj0wL7lsm2K,Sunbuki Phool,Marmik Lama,['pop'],0.782,0.752,3,-7.018,0,0.0682,0.185,0.0,0.0616,0.899,119.95,195500,4,2,Instrumental Calm
5bxiM86qC7XooQo9GoWAfa,"Paaduvaanoru Veenayum - Version, 2",Usha Khanna,['bollywood'],0.661,0.538,2,-6.501,0,0.0297,0.688,1.55e-06,0.147,0.825,114.057,245317,4,2,Instrumental Calm
5cF0dROlMOK5uNZtivgu50,Attention,Charlie Puth,[],0.775,0.613,3,-4.586,0,0.0542,0.109,2.33e-05,0.134,0.797,100.066,208787,4,2,Instrumental Calm
5cF1kTjUnskZrOTwDtOx3e,Tute Huye Dil Ko,Mohammed Rafi,['bollywood'],0.644,0.218,10,-11.196,0,0.037,0.797,1.88e-06,0.122,0.535,107.357,197480,4,1,Dance Party
5cFVOdEzQJgN0zu5pzyhMb,"Aahun Aahun (From ""Love Aaj Kal"") - Trippy Club Remix",Neeraj Shridhar,['bollywood'],0.704,0.778,1,-9.379,1,0.0498,0.00146,0.157,0.0664,0.503,130.009,249231,4,2,Instrumental Calm
5cMQtYJDREJcmXLbpjCwxW,Phul Na Javein Kitey,Naseebo Lal,"['ghazal', 'sufi']",0.626,0.739,0,-4.42,1,0.0523,0.267,7.01e-06,0.349,0.901,152.018,458893,4,2,Instrumental Calm
5cSIYSZZmflOAZ3hssBr82,Bare Badnaseeb The Hum,Aziz Mian,"['ghazal', 'qawwali']",0.529,0.824,4,-7.393,0,0.379,0.0722,3.91e-05,0.13,0.464,130.951,953947,4,0,Energetic Happy
5cWbAuxYWDZofmEAsmoOia,Aaj Ki Raat ( Part 2 ),Aziz Mian,['qawwali'],0.609,0.577,6,-8.588,1,0.282,0.83,0.0,0.894,0.632,122.617,1831800,4,3,Acoustic Chill
5cepAtqnEQ6yVG6088zMMu,Corazón,Maluma,[],0.722,0.738,9,-6.073,0,0.247,0.328,1.47e-05,0.198,0.748,198.075,184720,4,2,Instrumental Calm
5cfUcf46LZQDx8cOzyCtcU,Touloh-e-Seher Hau Sham-E-Galander,Amjad Sabri,['qawwali'],0.36,0.94,4,0.596,1,0.163,0.646,0.0122,0.15,0.912,88.14,523347,4,0,Energetic Happy
5cfaWKqvY9ofn4S7EzaA1e,Kabhi Ghuncha Kabhi Shola (Live),Jagjit Singh,['ghazal'],0.409,0.519,10,-12.035,1,0.0333,0.763,0.0137,0.332,0.71,84.817,289829,4,1,Dance Party
5cjVsWqIkBQC7acTRhL0RO,Kamariya,Aastha Gill,['bollywood'],0.825,0.666,4,-4.847,0,0.0554,0.143,2.81e-06,0.237,0.763,96.987,187983,4,2,Instrumental Calm
5cjwMtWieH57DwbWVBhHCe,Hansta Hua Noorani Chehra,Lata Mangeshkar,['bollywood'],0.475,0.58,7,-8.887,1,0.155,0.726,0.00136,0.458,0.813,127.725,220400,4,0,Energetic Happy
5clgCa0JOdOlAAX3tSokQx,Kaliyar Mein Sab Ka Deta Hai Beta,Rais Anis Sabri,['qawwali'],0.73,0.492,1,-12.953,1,0.138,0.156,0.0,0.29,0.959,77.912,659100,4,2,Instrumental Calm
5cw6FhjWCbOA0kBRd1kL01,Sanware Tore Bin Jiya,Nusrat Fateh Ali Khan,['qawwali'],0.689,0.3,0,-8.857,1,0.0309,0.836,0.00343,0.1,0.194,132.12,415194,4,1,Dance Party
5d41vXH0zvpwUrHrmqKqDc,Love,Imagine Dragons,[],0.697,0.507,8,-6.178,1,0.04,0.0535,1.19e-06,0.0469,0.382,82.483,166360,4,2,Instrumental Calm
5d4Erc2xmVzH5Hj3gq6Sw6,Ali Ali Ya Ali Ali,Sabri Brothers,['qawwali'],0.53,0.182,6,-22.237,1,0.374,0.603,0.0,0.0834,0.769,90.807,822733,4,1,Dance Party
5d6y5ifxOjucqNuHKfCZe9,Mahia Ve Dhol Sipahia,Atta Ullah Khan Esakhelvi,['qawwali'],0.563,0.578,10,-9.96,0,0.0726,0.733,1.38e-05,0.0897,0.745,132.863,464127,4,1,Dance Party
5dH0EoaxWImcEnnmmEQcm6,Mushkil Badi,Gajendra Verma,['bollywood'],0.828,0.498,0,-6.51,1,0.0516,0.166,0.0,0.118,0.873,96.965,195090,4,2,Instrumental Calm
5dLw29WFK5n7pzmENtWPcA,He Shib Shambhu,Nitin Mukesh,['bollywood'],0.415,0.398,6,-14.578,0,0.0316,0.902,0.0147,0.64,0.63,85.69,313284,4,1,Dance Party
5dS0gN3roX1DpFE2n9kdAN,Data Tera Darbar Hai,Nusrat Fateh Ali Khan,['qawwali'],0.414,0.944,6,-5.976,1,0.0957,0.0363,0.000531,0.753,0.721,107.617,948793,4,0,Energetic Happy
5dbO1LG80krSrKqtKNtYY9,Humein Tumse Pyaar,Armaan Malik,['bollywood'],0.61,0.261,10,-11.139,0,0.0257,0.892,4.68e-06,0.0993,0.312,98.982,166061,4,1,Dance Party
5di3SyNkGZeB1QTnD6TWNe,Jab Samne Tum Aa Jate Ho,Asha Bhosle,['bollywood'],0.753,0.531,6,-9.59,0,0.0431,0.208,0.000271,0.184,0.729,123.591,410400,4,2,Instrumental Calm
5djzMEkev2VIH6epV1633f,Mein To Rangma Kapda Bodiya,Falguni Pathak,['bollywood'],0.603,0.687,0,-8.296,1,0.0698,0.782,0.0,0.436,0.801,82.677,407253,1,0,Energetic Happy
5dlnEjv6QJIKk76GlMLsOW,Yo Te Esperaré,Cali Y El Dandee,['pop'],0.481,0.809,9,-5.704,1,0.132,0.234,0.0,0.0808,0.327,175.701,232253,4,0,Energetic Happy
5dzsIXvca6TvTUNbyz2yV8,Peeli Pati Lachi Wala,Noor Jehan,['ghazal'],0.609,0.767,4,-7.497,0,0.0728,0.713,0.661,0.427,0.908,78.344,266994,4,4,Rap / Spoken
5e5w0R95D8b6ZaG97jgbVS,"Dheyan Ditiyan Te Kyun Na Ditta, Pt. 1",Masood Rana,['ghazal'],0.443,0.271,10,-11.348,1,0.0327,0.982,1.06e-06,0.0807,0.7,100.641,172501,4,1,Dance Party
5e6l13Kn0asvD3jF5DNgTx,Do Akhiaan Ye Do Sakhiyan,Ahmed Rushdi,['ghazal'],0.563,0.602,4,-3.929,1,0.0365,0.967,0.00816,0.363,0.704,111.496,197600,4,1,Dance Party
5eGX87IiKsGuzS3iw4CfCX,September - Recorded at The Tracking Room Nashville,Taylor Swift,[],0.641,0.444,6,-6.482,1,0.0239,0.412,0.00121,0.179,0.588,107.081,187824,4,2,Instrumental Calm
5eHLEYiUehpF7IPOGo9Cwv,"Mujhe Pine Ka Shauk Nahin - From ""Coolie""",Shabbir Kumar,['bollywood'],0.478,0.567,9,-11.13,0,0.0378,0.82,8.19e-05,0.0527,0.736,86.942,380973,4,1,Dance Party
5eRo6g2COIM4OE3UEHMA4g,Heal Me,Lady Gaga,[],0.606,0.544,9,-8.36,0,0.0593,0.0481,0.0,0.0916,0.456,86.013,196800,4,2,Instrumental Calm
5eX7Rc5GBhwBtJn4nbsxGt,"Tou Hi Sartaj E Alam, Pt. 1",Fareed Ayaz Abu Muhammad Qawwal,['qawwali'],0.542,0.232,6,-16.501,1,0.0637,0.987,0.269,0.159,0.633,105.375,800900,4,1,Dance Party
5eXSxaHTxju7Q5AESG9xfH,Dhare Baanki Paag,Shubha Mudgal,['sufi'],0.376,0.476,8,-9.881,1,0.0317,0.351,0.0329,0.0818,0.171,97.914,548080,1,1,Dance Party
5etuDMYaAMqK2mREqcTpep,Bhar Do Jholi Meri,Sabri Brothers,['ghazal'],0.438,0.712,7,-7.734,1,0.25,0.85,0.0,0.408,0.748,169.861,1193924,3,3,Acoustic Chill
5eynaLBdxu92v1AJAUi5GB,Jania Ve Jania,Naseebo Lal,['sufi'],0.626,0.885,1,-5.968,1,0.0631,0.601,0.0636,0.735,0.938,102.042,297076,4,0,Energetic Happy
5ezKhlg0ZwDPgOtMCoQt1S,Lips On You,Maroon 5,[],0.652,0.555,9,-6.608,1,0.032,0.137,2.18e-05,0.09,0.107,103.043,216931,4,2,Instrumental Calm
5f0bz4jqG4tVtURRdpJgkt,...E Intanto Il Tempo Passa,Negrita,['pop'],0.33,0.846,8,-6.541,1,0.0434,0.00712,9.66e-06,0.081,0.35,169.572,282840,4,0,Energetic Happy
5f0yDmrBHPt3msA9zZxG0C,Notun Puhor,Papon,['bollywood'],0.51,0.723,7,-7.099,0,0.0387,0.0477,1.01e-06,0.167,0.352,129.963,275409,4,2,Instrumental Calm
5fJy2KK1y2tUyELeaFZuUV,Joensuun Elli,Tapio Rautavaara,['pop'],0.374,0.361,11,-7.067,0,0.0325,0.938,0.0,0.281,0.442,146.195,213053,3,1,Dance Party
5fK0Q3j2iUcQtiRDXlPW0K,Want To,Dua Lipa,[],0.572,0.691,8,-4.783,0,0.123,0.0788,0.000132,0.0619,0.318,92.082,211818,4,2,Instrumental Calm
5fKGE9tECbwxAqVtaromCT,Yeh Aarzoo Thi Madine Ka,Nusrat Fateh Ali Khan,['qawwali'],0.485,0.722,1,-8.154,0,0.0706,0.488,0.0,0.404,0.704,120.204,659460,3,0,Energetic Happy
5fPtfsopZHm6wjwFGbUa3U,Kya Hussain Hain,Amjad Sabri,"['sufi', 'qawwali']",0.552,0.973,1,-1.567,1,0.207,0.747,0.0,0.684,0.892,102.916,625790,4,0,Energetic Happy
5fTEI1SzwX60MVIokD8Ai4,Dilbar Dil Kolon,Naseebo Lal,['pop'],0.714,0.62,6,-8.196,1,0.0445,0.0991,0.00102,0.131,0.896,80.012,429061,4,2,Instrumental Calm
5fTXQ5aWNYjIWHvAJImBj2,Este Payo,Tam Tam Go!,['pop'],0.783,0.589,4,-11.28,0,0.0337,0.122,8.4e-05,0.213,0.905,107.999,224000,4,2,Instrumental Calm
5ffntNJnJOeFv7b7DCd0Bw,Takin' Shots,Post Malone,[],0.767,0.625,5,-6.193,1,0.0836,0.597,0.0,0.409,0.577,120.092,216747,4,2,Instrumental Calm
5fm0GiEGvxypBjYcKCJF6i,Simplemente un Soñador,Tormenta,['pop'],0.48,0.548,9,-6.31,1,0.0285,0.208,0.0,0.394,0.437,127.282,166933,4,2,Instrumental Calm
5fvGdY1Thf2i8KgUoG2t9Q,Zaroori Hai,Krishna Beuraa,['sufi'],0.624,0.564,1,-7.527,1,0.037,0.697,0.0,0.216,0.549,96.852,319592,4,1,Dance Party
5g9dvFh8e689Z7tOCUmciR,Promises (with Sam Smith) - Mousse T.'s Disco Shizzle Remix,Calvin Harris,[],0.738,0.886,6,-6.242,1,0.0341,0.0502,0.789,0.275,0.966,122.984,210396,4,4,Rap / Spoken
5gDVe2ZnEP9xlAEfqBYcXB,Jehda Nasha,Tanishk Bagchi,['bollywood'],0.881,0.676,1,-4.76,1,0.0812,0.0848,0.000387,0.0693,0.843,119.965,222055,4,2,Instrumental Calm
5gLDRaMlYm9LyCtUUNjCt4,Bhopali (Tarana) - Teen Taal,Fateh Ali Khan,['qawwali'],0.48,0.579,6,-14.717,1,0.303,0.919,5.74e-06,0.636,0.634,147.398,166013,4,1,Dance Party
5gW3kI83886nVV9apaFLWu,Mutual,Shawn Mendes,[],0.919,0.478,11,-6.697,0,0.156,0.254,0.0,0.134,0.799,115.03,148360,4,2,Instrumental Calm
5gfJVcjmpUbWWdterIWGql,Main Nahi Maakhan Khayo,Anup Jalota,['bollywood'],0.339,0.889,6,-2.253,1,0.0641,0.794,1.29e-05,0.103,0.618,76.225,977189,4,0,Energetic Happy
5grvaI6QZi9lRZn3eXikWH,"Mere Hath Wich Chimta (From ""Mohammad Khan"")",Noor Jehan,['ghazal'],0.676,0.683,0,-8.721,1,0.033,0.391,1.55e-05,0.125,0.888,114.428,288480,4,2,Instrumental Calm
5gvtExjZWlMv62e4aY3KeK,Garden,Dua Lipa,[],0.46,0.828,10,-4.005,0,0.148,0.00475,0.0,0.141,0.419,151.548,227947,4,0,Energetic Happy
5gxkkXdYHzI3HuTCne7UNa,Jeetenge Reprise,Arko,['bollywood'],0.566,0.712,9,-5.927,1,0.0318,0.147,0.0,0.055,0.292,90.001,232167,4,2,Instrumental Calm
5hDEYxmVddmSer7CKut3EI,Eid Ka Chand,Nusrat Fateh Ali Khan,['qawwali'],0.541,0.683,6,-5.045,1,0.029,0.641,0.000338,0.0453,0.724,108.132,384698,4,0,Energetic Happy
5hL9sF7DUCM6IG5IjMGcwC,כוכב נולד,Riki Gal,['pop'],0.58,0.542,1,-7.936,1,0.0442,0.339,1.22e-06,0.208,0.692,171.44,209027,4,2,Instrumental Calm
5hdD82r5EMmjK9b7f9Dq8k,Shono Go Dakhin Hawa (Lofi),Madhubanti Bagchi,['bollywood'],0.334,0.285,1,-16.987,0,0.0557,0.793,0.154,0.134,0.336,110.056,172398,4,1,Dance Party
5hs7DX1JwnZcQZEBIXRMk3,Avaghe Jan Amha,Suresh Wadkar,['bollywood'],0.553,0.396,6,-10.052,1,0.0318,0.816,0.0,0.107,0.432,132.041,358740,4,1,Dance Party
5hzW2gmtnVDQLXif40L0Ey,Tere Samney Baith Ke Rona,Nadeem Abbas Lunewala,['sufi'],0.647,0.821,1,-6.844,0,0.0522,0.353,0.000874,0.235,0.933,78.097,447850,4,2,Instrumental Calm
5i4bVjIREWIxbS0vmA3L0h,Vennila Vannu Nee,Benny Dayal,['bollywood'],0.834,0.707,10,-7.683,0,0.0753,0.034,0.00117,0.134,0.735,133.009,239438,4,2,Instrumental Calm
5i94Qx9BEKpcR8iZIZ8CRM,Carousel,Lontalius,['pop'],0.621,0.336,10,-14.275,1,0.0334,0.655,0.012,0.362,0.143,104.081,275030,4,1,Dance Party
5iOOi2odAK8JRjr2HO21Rz,Maan Dey Hundaye,Anuradha Paudwal,['bollywood'],0.335,0.624,9,-9.571,1,0.0651,0.974,0.000213,0.136,0.615,79.843,394533,4,0,Energetic Happy
5iUNPlkWIfSl2Sm1AOj03v,Dhiaan Dhar Mehsoos Kar,Diljit Dosanjh,['bollywood'],0.535,0.554,11,-9.979,0,0.0362,0.794,5.51e-05,0.0961,0.342,139.967,322363,4,1,Dance Party
5iUYAjGj57Y6euAU9McI6z,Menoun Yadan Teryan - Taken from the Album: Loay Loay Aaja Mahi,Nusrat Fateh Ali Khan,"['sufi', 'qawwali']",0.486,0.535,10,-17.482,0,0.0675,0.351,0.00596,0.347,0.813,93.928,485293,4,1,Dance Party
5iVreO3KyErNthZDRySBB3,Main Hoon Tere Pyar Mein,Anuradha Paudwal,['ghazal'],0.747,0.792,8,-10.848,0,0.0819,0.261,0.0277,0.028,0.883,97.082,288000,4,2,Instrumental Calm
5iVwHiv4cSaD7lBAq93dGI,Kaliyon Si Palken,Hariharan,['ghazal'],0.478,0.0998,6,-27.567,1,0.035,0.799,0.0,0.116,0.512,81.52,269914,4,1,Dance Party
5icOoE6VgqFKohjWWNp0Ac,Here With Me,Marshmello,[],0.791,0.565,5,-3.933,0,0.0439,0.0623,0.0,0.156,0.181,99.961,156347,4,2,Instrumental Calm
5ifl2o19imcIGdkXh6rLuk,Payoji Maine (Live),Anup Jalota,['ghazal'],0.461,0.337,1,-20.901,1,0.0539,0.396,0.000133,0.165,0.743,92.307,475900,4,1,Dance Party
5itOtNx0WxtJmi1TQ3RuRd,Giant (with Rag'n'Bone Man),Calvin Harris,[],0.807,0.887,1,-4.311,0,0.0361,0.016,0.000503,0.0811,0.606,122.015,229184,4,2,Instrumental Calm
5izJoFeYASIvsVNtMSHSpi,I'm a Mess - Ofenbach Remix,Bebe Rexha,[],0.678,0.823,11,-3.873,0,0.0325,0.0939,3.04e-06,0.177,0.498,120.038,164894,4,2,Instrumental Calm
5j3UDboCS1kngNwHK0XvFC,Khooni Akhiyan (feat. The Professional Brothers),Rahat Fateh Ali Khan,['qawwali'],0.562,0.815,7,-5.18,0,0.0612,0.14,0.0,0.415,0.317,91.97,452030,4,0,Energetic Happy
5jHAzJQDHYm3meWLirfWLS,Asan Hor Bala Rab Kolon,Nusrat Fateh Ali Khan,['sufi'],0.452,0.858,8,-5.096,1,0.0694,0.288,3.33e-06,0.328,0.856,104.866,336512,4,0,Energetic Happy
5jHLIu7iDCsc2TMaxRoz2u,Nadi Kinare Nariyal Ka Ped,Anuradha Paudwal,['ghazal'],0.482,0.776,8,-11.557,0,0.104,0.745,0.431,0.716,0.826,181.855,380509,3,0,Energetic Happy
5jRcoMzfqB5XOfjxZOHfMZ,Jind Kookan Mardi - Pagdi Sambhaal Jatta,Naseebo Lal,['sufi'],0.705,0.822,1,-8.08,1,0.0451,0.0436,0.0176,0.0996,0.816,92.062,304030,4,2,Instrumental Calm
5jsfyVGrBqSjIHvKsS7qHu,Siddhkunjikastotram,Anuradha Paudwal,['ghazal'],0.349,0.201,7,-9.391,1,0.0345,0.935,0.0,0.205,0.192,77.5,470933,3,1,Dance Party
5jvFlZqb8N3Kf9CthcXuJz,Dễ Yêu Dễ Quên,Nhat Tinh Anh,['pop'],0.383,0.537,1,-4.517,0,0.0332,0.477,0.0,0.0727,0.42,171.794,280781,4,0,Energetic Happy
5jyyPsIGM2yqkZN9R3TmvN,The Ways (with Swae Lee),Khalid,[],0.727,0.72,11,-5.856,0,0.0488,0.0626,1.21e-06,0.176,0.589,140.08,238893,4,2,Instrumental Calm
5jzY7ZGaXYbeDVpgPp2CsI,Mitwa,Shankar-Ehsaan-Loy,['bollywood'],0.595,0.653,4,-6.513,1,0.0374,0.275,1.74e-05,0.0941,0.52,107.079,381373,4,2,Instrumental Calm
5k3UsXojqrWTyvYVDkLhAT,Kal Raat Tumhare Hothon Ki,Rahat Fateh Ali Khan,['sufi'],0.405,0.534,0,-11.97,0,0.0363,0.00987,1.49e-06,0.0734,0.319,83.502,457410,4,2,Instrumental Calm
5kHiJqKBwaeso7mJWF2K4j,Dareecha,Kaavish,['ghazal'],0.596,0.32,8,-12.495,1,0.0296,0.859,0.000127,0.104,0.319,109.935,283128,4,1,Dance Party
5kJEVc2YxVy8QB0D8kxFbp,Mein Kala Jora Paya Teri Farmaish Ye,Shaukat Ali,['sufi'],0.727,0.88,1,-3.941,1,0.0792,0.506,1.13e-05,0.327,0.931,88.928,591238,4,2,Instrumental Calm
5kSTZYK3wJBxIBzxZzH8MO,Ishq Mein Hum Tumhein,Munni Begum,['ghazal'],0.494,0.613,8,-10.382,1,0.0391,0.337,4.23e-05,0.267,0.716,149.972,477034,3,0,Energetic Happy
5kaTslx6DP9wKwpKuPsy2Y,Shri Krishna Sharanam Mamah,Anuradha Paudwal,['ghazal'],0.621,0.454,5,-9.892,0,0.0637,0.498,0.0,0.355,0.771,157.671,467997,4,1,Dance Party
5klW7ojkquv89dn2ECq66m,Anayurt Şarkısı,Oruç Güvenç ve Tümata,['sufi'],0.477,0.6,2,-9.642,1,0.0403,0.842,3.34e-06,0.534,0.944,121.263,185110,4,0,Energetic Happy
5kscYY1nj3vHG0qSbKLwpz,"Tum Milay Zindagi (From ""Kauwari Bewa"")",Mehdi Hassan,['ghazal'],0.621,0.341,2,-9.251,1,0.0531,0.975,1.34e-05,0.278,0.666,125.521,207813,3,1,Dance Party
5kwd8EKu1DMGEAHDVQEu9S,Love Yourself,Justin Bieber,[],0.785,0.269,4,-14.911,1,0.409,0.866,0.0,0.21,0.57,100.132,235507,4,1,Dance Party
5l9Ol2C9snwd6OmhdKLuMY,Ram Naam Jo Manua Gaye Re,Anup Jalota,['bollywood'],0.595,0.629,6,-8.097,1,0.0294,0.691,0.0,0.293,0.73,76.902,335933,4,1,Dance Party
5lDiC2VRPIEdLHo8AEULb9,Tere Jhumke,Shazia Manzoor,['sufi'],0.765,0.693,1,-9.916,1,0.0849,0.00543,0.0175,0.309,0.452,106.015,344994,4,2,Instrumental Calm
5lJcVMhSnGMs0a8ZnTHUx6,Punaha Punaha,Hariharan,['ghazal'],0.741,0.458,0,-9.294,1,0.0354,0.476,0.0,0.0599,0.273,109.993,208222,4,1,Dance Party
5lQupy57EG3bPxVemABU0d,Rab Ne Mere,Kunal Ganjawala,['bollywood'],0.517,0.335,2,-8.455,0,0.0306,0.672,0.0,0.0986,0.415,134.084,329453,4,1,Dance Party
5lZZmityu9TAjNvSY6GLhR,Zack And Codeine,Post Malone,[],0.742,0.84,5,-5.198,0,0.0471,0.143,0.0,0.133,0.287,138.032,204360,4,2,Instrumental Calm
5lftyIyKODochs0aNqIP0p,Bari Bari Imam Bari,Nusrat Fateh Ali Khan,['qawwali'],0.509,0.763,1,-6.363,1,0.0687,0.58,0.00715,0.234,0.868,157.524,776117,4,0,Energetic Happy
5lmRl7HLHk1p7vge24ntJ7,Mahiya,Alam Lohar,['sufi'],0.546,0.466,9,-13.153,0,0.0962,0.377,0.0,0.215,0.843,97.328,265915,4,1,Dance Party
5lnfsBvuE4SB7XY8ThK68F,Ae Dil,Shiraz Uppal,['sufi'],0.531,0.512,9,-8.778,1,0.0449,0.791,0.0,0.0966,0.496,99.724,280007,4,1,Dance Party
5lukU5DfJaYDVIIoAsMYPf,Is Karam Ka Karon Shukar Kaise Ada,Nusrat Fateh Ali Khan,['qawwali'],0.418,0.85,9,-7.028,1,0.0905,0.328,3.14e-06,0.68,0.833,93.42,1199314,4,0,Energetic Happy
5luulWZzFEZbduDAT2NJ5i,Prabhu Kala Shreemukha,Anup Jalota,['ghazal'],0.508,0.618,9,-8.975,1,0.0328,0.721,3.65e-05,0.24,0.622,95.713,296960,4,1,Dance Party
5lvpAWAAvmADlsGLeldj1a,Prem Bansuria Bajao,Pankaj Mullick,['bollywood'],0.576,0.284,3,-8.912,0,0.0613,0.961,0.0,0.114,0.586,115.65,180518,4,1,Dance Party
5m3AoZoiuM4rJBZsXBzsMJ,Chhu Gayi Jab Se Tera Aanchal,Pankaj Udhas,['ghazal'],0.571,0.282,5,-16.156,1,0.037,0.431,0.000386,0.102,0.456,94.779,338147,4,1,Dance Party
5mW6AFZuLXsf4gKqAECAf5,Sassi Punnu,Faakhir,['sufi'],0.394,0.737,7,-10.433,1,0.149,0.171,0.0,0.113,0.833,87.365,294490,4,0,Energetic Happy
5nDJKMf3qqzfwGv4M3Hlyi,Ya Ali Tere Sadqe Jawan - Live Qawwali,Javed Bashir,"['sufi', 'qawwali']",0.505,0.621,5,-9.637,1,0.064,0.293,0.0,0.14,0.832,79.114,398161,4,0,Energetic Happy
5nDMgLMaAC75umqkoe281L,Jhulana Jhulao Ri,K. L. Saigal,['ghazal'],0.47,0.403,5,-10.155,1,0.0323,0.99,0.102,0.116,0.741,118.745,186225,4,1,Dance Party
5nEGryMNEvkuYlZO9Y3Vml,Chori Chori Dil Tera,Kumar Sanu,['bollywood'],0.389,0.861,4,-4.232,0,0.0433,0.503,2.77e-06,0.34,0.843,161.903,399450,3,0,Energetic Happy
5nIkPShXTH8QsZGhdrbAdn,"Han Deya Hani Sajnan (From ""Naag Devta"")",Noor Jehan,['ghazal'],0.536,0.741,8,-6.621,1,0.0409,0.373,0.000998,0.112,0.948,121.638,285156,4,0,Energetic Happy
5ncfXLlFoRVS7gFqV0s7dP,Jai Ambe Gauri,Anuradha Paudwal,['ghazal'],0.589,0.825,1,-4.918,0,0.0586,0.701,0.0,0.458,0.696,96.484,451275,4,0,Energetic Happy
5nfFHJW6s2O3nzsRbjqB3S,Ya Waris Haq Waris,Chhote Majid Shola,['qawwali'],0.596,0.74,6,-8.494,1,0.0638,0.578,0.0,0.077,0.911,92.574,1042367,4,0,Energetic Happy
5ngNneNm8wCakXptOPH1Xq,Uzr Aane Me Bhi,Mehdi Hassan,['ghazal'],0.416,0.652,6,-8.875,1,0.0482,0.959,0.394,0.312,0.541,133.901,694813,4,4,Rap / Spoken
5nk9Z1cEOD4k5bEmCcabeX,Tumne Samjha Hame,Hariharan,['ghazal'],0.705,0.723,2,-9.207,1,0.0505,0.524,4.54e-06,0.311,0.561,103.957,264559,4,2,Instrumental Calm
5nuEgOtXllejlJ8Hlq1iA5,Ere Bhikhari Sajaye,Kanika Banerjee,['pop'],0.242,0.632,10,-2.161,1,0.0325,0.994,0.345,0.335,0.151,103.959,230516,3,0,Energetic Happy
5nvNI0uBUFVPzEfyCiSyq1,Rajiv Lochan Ke Amar Kahani,Anuradha Paudwal,['ghazal'],0.643,0.662,9,-6.432,1,0.0733,0.306,0.0,0.52,0.665,88.953,436097,4,2,Instrumental Calm
5nyabZhnCL3NzfiFEx1aR8,Itni Muddat Baad Miley Ho,Ghulam Ali,['bollywood'],0.534,0.243,10,-20.414,1,0.0548,0.959,0.345,0.0581,0.701,101.629,808813,4,1,Dance Party
5o5b8L4z8I5OMcqnzkqCZI,"Jug Jug Jeeve (From ""Badhaai Ho"")",Shubha Mudgal,['sufi'],0.448,0.314,2,-12.344,1,0.027,0.881,0.00115,0.132,0.168,79.895,285659,4,1,Dance Party
5o5iGE4wT4oivbkkLEr6SK,Piya Re Piya Re,Nusrat Fateh Ali Khan,['sufi'],0.71,0.694,2,-6.867,1,0.104,0.122,2.17e-06,0.201,0.417,92.075,464420,4,2,Instrumental Calm
5o8L091pREf6pPJewNfmuD,Amaro Swapno Chilo,Kumar Sanu,['bollywood'],0.283,0.8,0,-7.105,0,0.0496,0.478,0.00149,0.469,0.507,82.467,250921,4,0,Energetic Happy
5oCBQ3ydA2DGODCTnDANHf,Baisi Lo Baisi,Anuradha Paudwal,['ghazal'],0.494,0.547,6,-6.933,1,0.0444,0.806,2.03e-06,0.138,0.679,150.719,302788,4,1,Dance Party
5oSHYs4Lqx4YTqBSFbxzQx,Dreams,Dua Lipa,[],0.728,0.824,9,-4.581,0,0.07,0.0688,0.0,0.332,0.894,105.001,220240,4,2,Instrumental Calm
5oXKDr7yXfV8ayOn21uBsP,Fake,Hamid Sefat,['pop'],0.791,0.802,3,-4.976,0,0.11,0.112,6.82e-05,0.338,0.667,128.015,210864,4,2,Instrumental Calm
5oYnFvtoEIpa7SFWUVACsA,Laal Meri Pat,Abida Parveen,['ghazal'],0.511,0.519,2,-11.694,0,0.209,0.678,0.000635,0.121,0.445,104.544,249359,4,1,Dance Party
5ogy6bKVmVxLqkU8XMZ80g,Door Na Khilo Ve,Naseebo Lal,['sufi'],0.827,0.963,6,-2.136,1,0.0939,0.443,0.00148,0.308,0.838,120.015,274933,4,2,Instrumental Calm
5ojJKuVW2Jo9zMMifHmHcX,Man Ke Gehre Andhiyare Mein,Anup Jalota,"['ghazal', 'bollywood']",0.543,0.497,8,-11.659,1,0.0323,0.778,0.0,0.392,0.446,83.934,340467,4,1,Dance Party
5ojk43NbHYsZUt13BDtH1k,Na Na Na Yeh Kya Karne Lage Ho - Bombay 405 Miles / Soundtrack Version,Hemlata,['bollywood'],0.502,0.775,9,-7.566,1,0.0881,0.531,8.08e-05,0.0922,0.797,104.053,291187,4,0,Energetic Happy
5oq2XvefH0tawcM7Z0DDoz,Ali Haq Di Pehchan,Rahat Fateh Ali Khan,['qawwali'],0.61,0.8,8,-9.648,0,0.0808,0.136,5.67e-06,0.151,0.826,101.971,461528,4,2,Instrumental Calm
5oqLvyurERb9ItddpWcySP,Yenu Helabeku,Sonu Nigam,['bollywood'],0.549,0.727,6,-6.995,1,0.0377,0.528,2.07e-05,0.32,0.762,82.958,301009,4,0,Energetic Happy
5oquJiGMYvxeId3dFfKzaI,Barsaat Ka Mausam Hai,Nahid Akhtar,['ghazal'],0.554,0.472,0,-9.803,0,0.0356,0.936,0.0326,0.11,0.755,153.468,355507,4,1,Dance Party
5otvrC0X1OQKqDBRwpTcn7,"Bolna (From ""Kapoor & Sons (Since 1921)"")",Tanishk Bagchi,['bollywood'],0.488,0.403,5,-7.004,1,0.0272,0.598,4.26e-06,0.434,0.495,131.496,212832,3,1,Dance Party
5ovAmpjJv27ebkwe9K252o,Char Dino Ka Mela,Mahendra Kapoor,['bollywood'],0.484,0.551,0,-9.134,1,0.0607,0.801,0.841,0.196,0.573,174.14,297000,4,4,Rap / Spoken
5p7ujcrUXASCNwRaWNHR1C,Without Me,Halsey,[],0.752,0.488,6,-7.05,1,0.0705,0.297,9.11e-06,0.0936,0.533,136.041,201661,4,2,Instrumental Calm
5p91YWSbG8cscWGyRc8LfY,Yeh Zindagi Ke Mele,Atta Ullah Khan Esakhelvi,['sufi'],0.396,0.473,5,-6.336,1,0.0528,0.671,0.0,0.0763,0.201,155.894,438867,3,1,Dance Party
5pAJ6vADtVFSBci8lMsvTI,Dam Mast Qalandar,Nusrat Fateh Ali Khan,['sufi'],0.713,0.826,4,-7.688,0,0.093,0.0284,0.0434,0.0778,0.495,83.426,873592,4,2,Instrumental Calm
5pChtGFY08zd4YhoMKjbQA,Kisse Ni Teri Zaat Puchni,Nusrat Fateh Ali Khan,['qawwali'],0.397,0.807,3,-7.062,1,0.168,0.538,0.0,0.281,0.738,104.277,926544,4,0,Energetic Happy
5pG1pSntKCRk8032kINDRr,Sooni Dharti Allah Rakhe,Farida Khanum,['sufi'],0.477,0.637,11,-13.578,1,0.0379,0.887,0.718,0.933,0.961,125.74,174264,4,4,Rap / Spoken
5pLJWlkAIbzZSa9wQejivZ,Door Na Khilo Ve,Naseebo Lal,['sufi'],0.827,0.963,6,-2.136,1,0.0939,0.443,0.00148,0.308,0.838,120.015,274933,4,2,Instrumental Calm
5pSUQEm9dw2f2kmVSaOvop,Soey Mekada Na Jate - Part 1,Aziz Mian,['qawwali'],0.552,0.553,1,-11.833,1,0.276,0.705,0.0,0.849,0.624,110.848,1791464,4,3,Acoustic Chill
5pbWAmRZMtwGm2VAaFNM2W,Devojcice moja,Šaban Šaulić,"['pop', 'folk']",0.302,0.455,9,-6.906,1,0.0268,0.271,0.0,0.119,0.263,93.587,214093,4,0,Energetic Happy
5phBOf5ayEEOQ8mGEMuiG9,Hai Yeh Eilan Saaqi,Munni Begum,['ghazal'],0.386,0.578,4,-7.912,1,0.0845,0.636,0.0,0.16,0.44,157.01,405922,3,0,Energetic Happy
5plDQNrTQkND1PW9hm1MV8,Flames - Extended,David Guetta,[],0.674,0.717,5,-4.465,0,0.0651,0.00434,0.000436,0.0388,0.504,93.982,291702,4,2,Instrumental Calm
5qBrBjTjZ80VVZrvYuzd9w,All My Life,Major Lazer,[],0.428,0.904,5,-4.189,1,0.261,0.0404,4.1e-06,0.0754,0.834,199.869,174000,4,0,Energetic Happy
5qEsQiKndh4h3d16LiZs5x,Raise A Man,Alicia Keys,[],0.244,0.482,6,-5.574,0,0.0305,0.831,2.27e-05,0.0894,0.41,169.658,373703,4,0,Energetic Happy
5qFeMRz4TvetPmzjre9Dq7,No Es Justo,J Balvin,[],0.684,0.811,7,-4.494,1,0.0714,0.161,0.000363,0.0871,0.721,87.866,250840,4,2,Instrumental Calm
5qHKTmW55nYuVps30cVJpn,Ali Maula Ali Ali,Nusrat Fateh Ali Khan,['qawwali'],0.528,0.798,3,-9.28,0,0.083,0.542,1.37e-05,0.838,0.815,119.799,1715396,4,3,Acoustic Chill
5qLB1H7ioczPPT0LE1rOp1,Jedného rána,Dano Heriban,['pop'],0.451,0.163,1,-17.986,0,0.0378,0.931,0.00391,0.133,0.377,68.685,120837,4,1,Dance Party
5qO4Z4I55rA7aIL9BhbM7l,Keu Jaane Naa,Arijit Singh,['bollywood'],0.515,0.554,5,-7.179,1,0.036,0.138,0.0,0.0783,0.172,91.96,279769,4,2,Instrumental Calm
5qRLKqoES504WmtWITvl5w,Shriman Narayan - Instrumental,Kishore Kumar,['bollywood'],0.147,0.531,5,-10.208,1,0.0416,0.888,0.0674,0.0848,0.311,76.094,463853,1,0,Energetic Happy
5qaPTVfyLoX9cqd0aLQwBB,Better When You're Gone - Nicky Romero Pop Edit,David Guetta,[],0.695,0.651,0,-7.279,0,0.0543,0.0685,0.0,0.105,0.289,133.933,183246,4,2,Instrumental Calm
5qr0lBr5O6xrQbpE39q6p2,Ghar Aya Sajan,Shazia Manzoor,['sufi'],0.751,0.901,7,-7.796,0,0.0281,0.00253,0.0394,0.0423,0.801,126.998,315478,4,2,Instrumental Calm
5r32aHKc3VdCtTbmcPn1SM,Sanun Nahar Wale Pool,Noor Jehan,"['ghazal', 'bollywood']",0.667,0.552,5,-10.348,1,0.0426,0.899,0.198,0.522,0.925,78.461,245000,4,1,Dance Party
5rFj8OzffT0iggSjcBaeND,"Fire On Fire - From ""Watership Down""",Sam Smith,[],0.584,0.407,1,-7.356,0,0.046,0.476,0.0,0.18,0.341,115.124,246735,4,1,Dance Party
5rGVyHWAAEaQjcVl5vnUQX,Sikh Chaj Koi Yaar Manowan Da (Bulleh Shah),Nusrat Fateh Ali Khan,['qawwali'],0.476,0.483,4,-9.393,1,0.0462,0.814,0.0,0.32,0.395,115.578,1213560,4,3,Acoustic Chill
5rHDz7HyJ3WovlPiwif3ve,Allay Allay,Khalid Khan Qawal,['qawwali'],0.634,0.929,1,-4.987,1,0.111,0.289,3.6e-06,0.0894,0.757,135.976,145147,4,2,Instrumental Calm
5rJb73FNTaqYUD7Rz4pkCk,Rédeas Do Possante,Lairton e Seus Teclados,['pop'],0.789,0.448,7,-10.377,1,0.0437,0.74,1.05e-06,0.508,0.776,121.98,137600,4,1,Dance Party
5rVkMU3AAK112iOI3EeLW8,Aja Sajna Vichora Naiyon Jarda - Complete Original Version,Nusrat Fateh Ali Khan,['qawwali'],0.431,0.854,10,-4.791,0,0.131,0.765,0.000224,0.7,0.607,111.582,971315,4,0,Energetic Happy
5rcxEwduXIVMMT8zJdKh10,Ya Nabi (s.a.w) Durood o Salaam,Javed Bashir,['qawwali'],0.646,0.767,8,-5.054,1,0.052,0.42,0.0,0.0848,0.814,149.879,339200,4,2,Instrumental Calm
5rfyr8I2rMu0JwMT5WYOtc,Zindagi De Mele,Naseebo Lal,['ghazal'],0.62,0.703,9,-6.184,1,0.0356,0.417,0.0532,0.431,0.724,130.062,352807,4,2,Instrumental Calm
5rjleLoKUMWnYwN3iHu5Di,Ta Onira Mou,Tolis Voskopoulos,['pop'],0.381,0.198,5,-15.982,0,0.0345,0.563,0.00225,0.161,0.337,77.209,188267,4,1,Dance Party
5rltTMhbu7APEL5ygBlphR,Mujhda Baad,Alhajj Muhammad Owais Raza Qadri,['sufi'],0.247,0.569,8,-7.759,1,0.0451,0.758,0.0,0.72,0.45,165.805,184007,4,0,Energetic Happy
5rxyYdIZHtNnFYKPdesugb,Ýagşydyr,Turkmen Mukamlary,['pop'],0.297,0.586,6,-5.664,1,0.0536,0.979,0.00105,0.28,0.656,73.166,162952,4,0,Energetic Happy
5s9VpJ3wepeivuG2sMavKp,Be Had Ramzan Dasda,Nusrat Fateh Ali Khan,['sufi'],0.482,0.806,10,-4.455,0,0.0985,0.202,2.33e-06,0.945,0.685,114.233,1184080,4,3,Acoustic Chill
5sF6JTXc61BNuUIIkIb5Ak,Ai Sehwan De Wich,Rahat Fateh Ali Khan,['qawwali'],0.721,0.7,0,-7.363,0,0.0329,0.275,0.0,0.0697,0.962,89.708,351968,4,2,Instrumental Calm
5sIx4BlfYGuZeSLF40N9GH,Remind Me to Forget,Kygo,[],0.685,0.508,0,-6.4,1,0.0987,0.193,0.0,0.139,0.315,99.063,217287,4,2,Instrumental Calm
5sMdxLstGSjW7XSqaiAYjp,O Nirdai Preetam,Lata Mangeshkar,['bollywood'],0.573,0.121,7,-18.092,0,0.0545,0.99,0.146,0.521,0.616,100.575,194347,4,1,Dance Party
5sP1WPrKKjx3MArEVZMLil,"Burning - Recorded At RAK Studios, London",Sam Smith,[],0.537,0.18,6,-10.206,1,0.0394,0.919,0.0,0.105,0.369,75.91,231160,4,1,Dance Party
5sRJ3wRvDdeYk4hBQRBAbw,"Hum Bhool Gaye (From ""Souten Ki Beti"")",Lata Mangeshkar,['bollywood'],0.393,0.671,3,-3.503,1,0.0298,0.931,0.000791,0.212,0.413,107.24,298818,4,0,Energetic Happy
5sTI3WpUpkmWvQ6ToWHhqz,Rut Sawan Di Aae,Noor Jehan,['ghazal'],0.523,0.662,5,-5.866,1,0.0439,0.511,0.000715,0.0925,0.804,128.673,292680,4,0,Energetic Happy
5sY9tWFzFro0OEM4BCkfEF,Bhajman Ram Charan Sukhdai,Anuradha Paudwal,['ghazal'],0.562,0.552,6,-9.289,0,0.0473,0.517,0.0,0.0662,0.798,79.791,534082,4,1,Dance Party
5skLCNozUWF46aR82BdFRF,Intro For Roger,DJ Quik,['pop'],0.761,0.721,0,-4.021,1,0.189,0.101,0.0,0.32,0.616,90.08,178678,4,2,Instrumental Calm
5sntpF9s7x1AgTtWu74RfD,Kacang Lupa Kulit,Repvblik,['pop'],0.665,0.776,9,-4.715,0,0.0313,0.206,0.0,0.185,0.668,96.011,172460,4,2,Instrumental Calm
5spJyCsgTyK6Kr1XysGaP1,Red Nose,Sage The Gemini,['pop'],0.861,0.459,11,-5.742,0,0.109,0.438,0.0,0.274,0.746,97.512,193573,4,2,Instrumental Calm
5ssi8k015gKhPXEgC7qDU2,Ahora,J Balvin,[],0.81,0.784,3,-3.223,0,0.0622,0.0873,0.000166,0.083,0.817,88.001,254907,4,2,Instrumental Calm
5su3i7O5h0mn8ckjm3OaiD,Kamli,Hadiqa Kiani,['ghazal'],0.476,0.764,7,-6.439,0,0.0728,0.755,0.0224,0.107,0.386,96.293,522785,4,0,Energetic Happy
5swdesijCQ081837TsGOUq,Closer Than The Sun/Forever Blue,Swing Out Sister,['pop'],0.371,0.527,3,-11.918,1,0.0368,0.774,0.0397,0.371,0.471,148.042,459947,3,1,Dance Party
5swgfYjeoPQbSMP4hcvcuU,Kash Yeh Dua Meri,Amjad Sabri,['qawwali'],0.451,0.771,4,-2.924,1,0.0554,0.158,0.0,0.074,0.786,136.497,719360,3,0,Energetic Happy
5swjM0u7HH4x8WEh5vGhgf,Jai Go Chalo Jai,Asha Bhosle,['bollywood'],0.59,0.621,4,-10.704,1,0.0691,0.301,0.00134,0.363,0.916,120.39,240800,4,2,Instrumental Calm
5t3Vk8bRKylx4fjj7qlbib,bitches broken hearts,Billie Eilish,[],0.777,0.422,0,-10.114,1,0.0482,0.919,0.00877,0.0958,0.187,120.041,176472,4,1,Dance Party
5t8qshocWXdzkaam8oIJTq,"Aarti Keeje Hanuman Lala Ki (From ""Shree Hanuman Chalisa (Hanuman Ashtak)"")",Hariharan,['ghazal'],0.593,0.732,4,-5.288,1,0.0306,0.722,0.0,0.768,0.882,90.977,262410,4,0,Energetic Happy
5tWdGk1e1ePvp1BzKepjKe,Door Door Tak Sannata hai,Nusrat Fateh Ali Khan,['sufi'],0.606,0.284,9,-20.083,1,0.0463,0.427,0.000922,0.28,0.646,141.477,390813,4,1,Dance Party
5taaa5o04YDBZnf2Cy9Ny7,Zulf Raaton Si Hai,Ghulam Ali,['ghazal'],0.315,0.569,1,-13.435,1,0.0473,0.509,0.0018,0.108,0.548,150.493,794586,4,0,Energetic Happy
5tajCCd82LDEyQYXrP4Ynm,Ni Main Jawan Kidhre,Salma Agha,['bollywood'],0.413,0.379,11,-11.855,1,0.0528,0.824,0.000123,0.0575,0.781,138.223,327632,4,1,Dance Party
5tjpOTsbVVbqWRQuymGnuy,Beach House - Ashworth Remix,The Chainsmokers,[],0.772,0.707,0,-7.031,1,0.0507,0.0521,3.96e-06,0.0719,0.403,112.032,204453,4,2,Instrumental Calm
5tkuS47yvTg7Yvo1M39McI,Dam Mast Mast,Nusrat Fateh Ali Khan,['qawwali'],0.696,0.838,4,-7.126,0,0.116,0.0374,0.000899,0.124,0.677,169.666,847852,4,2,Instrumental Calm
5tq3Ygbw8ReO3pkehrmdFH,Cumbias del pasado,Victor Bernal,['pop'],0.52,0.989,9,2.121,0,0.0687,0.319,0.0,0.125,0.684,98.95,347128,4,0,Energetic Happy
5tsZgJv9QqdrIqxU9piCku,One Kiss (with Dua Lipa) - R3HAB Remix,Calvin Harris,[],0.59,0.919,9,-3.314,0,0.146,0.158,0.000214,0.0595,0.133,126.926,190866,4,2,Instrumental Calm
5u4uuPBVmIaaK3gZsJd7wx,La niña morena,Elefantes,"['pop', 'indie']",0.398,0.566,9,-6.652,0,0.0307,0.128,0.00124,0.101,0.386,158.838,322120,4,2,Instrumental Calm
5u5UMBxXfcLZJhwdrBC1GH,Better - Jayvon Remix,Khalid,[],0.761,0.641,0,-7.441,0,0.0415,0.00218,0.109,0.113,0.586,110.0,211636,4,2,Instrumental Calm
5uC2bee3Ft2HMrcWcwnxwY,Kamaal,Badshah,['bollywood'],0.854,0.548,2,-12.436,1,0.245,0.239,1.54e-06,0.119,0.754,100.01,178260,4,2,Instrumental Calm
5uCShxwFntt2DATWj9V1g3,Baat Niklegi To,Jagjit Singh,['ghazal'],0.638,0.375,0,-13.473,1,0.0365,0.719,0.0235,0.124,0.388,128.365,216053,3,1,Dance Party
5uL2nzaRLakjYQmQ4csWCG,Ud Kaanwan,Shaukat Ali,['sufi'],0.704,0.742,1,-8.381,0,0.0714,0.125,0.000111,0.222,0.771,135.988,387587,4,2,Instrumental Calm
5uU7svkeS1WK7Aemtjxws8,Khwaja e Khwajgan Moinuddin,Dream Journey,['qawwali'],0.423,0.477,0,-8.636,0,0.107,0.846,0.0,0.829,0.423,99.172,790000,4,3,Acoustic Chill
5uYC0DSfCGZWxsp4VKmBn5,Danza Kuduro,Don Omar,"['pop', 'reggae']",0.7,0.917,0,-4.897,1,0.115,0.0773,0.0,0.065,0.888,130.04,198787,4,2,Instrumental Calm
5usxjLsfAnDqnflgZwtqMo,"Ik Baar Milo Hum Se (From ""Bobby"")",Salma Agha,['bollywood'],0.406,0.425,7,-9.232,0,0.0395,0.859,0.0,0.283,0.596,173.355,241491,3,1,Dance Party
5ut9gDIj7oKyjPfr97VCvD,Sanson Ki Mala Peh Simroon,Nusrat Fateh Ali Khan,['qawwali'],0.408,0.747,7,-5.638,1,0.0465,0.37,2.04e-05,0.625,0.563,144.788,382303,3,0,Energetic Happy
5v98VA4TXznJNrw0XRphIb,I'm Not Alone - 2019 Edit,Calvin Harris,[],0.6,0.982,11,-3.921,1,0.0337,0.00349,0.48,0.124,0.212,127.994,201314,4,2,Instrumental Calm
5vAEnWrHxLv78uwZrAJcX6,Thought I Knew You (feat. The Weeknd),Nicki Minaj,[],0.77,0.715,1,-5.92,1,0.0449,0.0373,0.00172,0.0959,0.468,150.024,198280,4,2,Instrumental Calm
5vDDaPYoWklOIXVyoo84KV,Radhe Radhe Piya Piya,Jaswinder Singh,['sufi'],0.345,0.648,6,-6.022,1,0.0493,0.63,0.00377,0.118,0.641,108.0,2535136,4,3,Acoustic Chill
5vX685rmuF6vqzVJgukbWC,Rana Vikrama,Kunal Ganjawala,['bollywood'],0.772,0.811,0,-5.467,0,0.0946,0.0763,2.75e-06,0.0623,0.643,104.014,206875,4,2,Instrumental Calm
5vZAoWwZuMcK3x5s1ZLvid,Sadguru Wakiwale Baba Tajuddin,Abdul Habib Ajmeri,['qawwali'],0.705,0.671,10,-6.34,1,0.0286,0.347,0.0,0.23,0.963,140.063,502596,3,2,Instrumental Calm
5vj7xvilPeCv3DQgpy9auU,"Swan Song (From the Motion Picture ""Alita: Battle Angel"") - Acoustic",Dua Lipa,[],0.685,0.391,0,-6.723,0,0.0339,0.585,0.0,0.102,0.141,90.073,189614,4,1,Dance Party
5vn56iqs5OvcfMXFsFiTeW,Wolves - Total Ape Remix,Selena Gomez,[],0.373,0.817,2,-5.668,0,0.0854,0.0205,0.000994,0.223,0.433,139.677,185157,4,0,Energetic Happy
5vnpANH92iEajvGwE2oQ6r,Real Friends,Camila Cabello,[],0.701,0.512,0,-6.869,0,0.0969,0.235,5.07e-06,0.135,0.663,91.947,223583,4,2,Instrumental Calm
5wJ3c7IE6e6e9aWSG1PgRf,Whatte Fun,Neeti Mohan,['bollywood'],0.719,0.903,8,-7.078,1,0.0674,0.525,0.0108,0.11,0.747,92.491,217804,4,2,Instrumental Calm
5wKaIFvQtWmk1K71bAMZVN,Rabba Lakh Lakh Shukar Manaawa,Nusrat Fateh Ali Khan,['qawwali'],0.446,0.917,1,-3.205,0,0.156,0.403,0.0,0.816,0.772,110.845,856000,4,0,Energetic Happy
5wNNLKgIUSsRp3W22p60aD,Aa Ghum-e-shabbir Seene Se Laga,Nusrat Fateh Ali Khan,['qawwali'],0.549,0.678,4,-6.856,0,0.201,0.751,0.0,0.791,0.838,52.372,943053,4,3,Acoustic Chill
5wY5vXuojS9V4e9Nh9yrwS,Sick Boy - Trobi Remix,The Chainsmokers,[],0.726,0.748,4,-4.819,0,0.111,0.0136,0.0,0.217,0.349,107.986,169187,4,2,Instrumental Calm
5wZbJ4bTCa4uKXKssHyHS9,Laaj Khud Mustahid,Munni Begum,['ghazal'],0.688,0.688,11,-5.78,0,0.0387,0.442,0.000573,0.219,0.931,140.487,323140,4,2,Instrumental Calm
5weKCP07IGA1565wfI3cZ1,Happier - Acoustic,Ed Sheeran,[],0.493,0.4,0,-8.117,1,0.0261,0.0425,1.47e-06,0.133,0.15,91.004,206209,4,2,Instrumental Calm
5wujBwqG7INdStqGd4tRMX,Armed And Dangerous,Juice WRLD,[],0.736,0.67,10,-6.702,1,0.311,0.186,0.0,0.114,0.845,130.032,169999,4,2,Instrumental Calm
5wxurz8J6YlyQRNnGN8zXS,Nervous,Shawn Mendes,[],0.841,0.623,0,-6.76,1,0.0776,0.0404,0.0,0.126,0.744,121.983,164147,4,2,Instrumental Calm
5x3xBCKBzzo53a7JbLVYgE,Menoun Yadan Teryan,Nusrat Fateh Ali Khan,['qawwali'],0.356,0.541,10,-17.453,0,0.069,0.343,0.00443,0.349,0.8,91.506,483293,4,0,Energetic Happy
5x4Ac1mND8INWsjjjwb8Uz,Khelenge Khelenge - Female Version,Sunidhi Chauhan,['bollywood'],0.842,0.803,7,-9.577,1,0.0731,0.0054,0.000974,0.0174,0.441,120.005,319216,4,2,Instrumental Calm
5x9wTRfs5unVfG5FHy2rXY,De Ke Dard,Sher Miandad Khan,['qawwali'],0.543,0.705,6,-7.752,1,0.033,0.0733,0.0,0.162,0.884,92.603,659461,4,0,Energetic Happy
5xEIIwEtboyWhy4jrFsNYE,Judayaian,Satinder Sartaaj,['sufi'],0.358,0.591,8,-5.655,0,0.0912,0.766,0.0,0.338,0.643,73.187,406309,4,0,Energetic Happy
5xHrSmdFRXvy4h096zGLvN,Tomar Birohe Priyo,Runa Laila,['ghazal'],0.641,0.689,2,-5.453,1,0.0301,0.827,0.0,0.362,0.786,137.118,177202,4,0,Energetic Happy
5xNrn0PgkpyXmz3yS5R87j,Jai Jai Shivsankra,Anuradha Paudwal,['ghazal'],0.672,0.669,2,-11.162,0,0.0601,0.602,7.26e-05,0.0936,0.893,103.952,264011,4,2,Instrumental Calm
5xQyeo1rXqNAMgZhFXv8z7,Thunderclouds - Lost Frequencies Remix,Sia,[],0.521,0.692,7,-6.542,1,0.0532,0.0892,0.000287,0.057,0.398,124.059,198493,4,2,Instrumental Calm
5xXxIp0ys3fiOwet7o2L6a,Main Teri Aan Dilbar,Noor Jehan,['ghazal'],0.578,0.483,10,-11.418,1,0.0325,0.891,0.0123,0.216,0.743,124.426,307807,4,1,Dance Party
5xaV3gdr0AZH2S4bWIPkUv,Christmas Time Is Here,John Legend,[],0.464,0.489,0,-8.308,1,0.0327,0.16,2.01e-05,0.12,0.414,112.197,201000,4,2,Instrumental Calm
5xbgINjKmPb2tzG4IQ7gnl,Has Ke Chain Qarar Ve Sanwal,Atta Ullah Khan Esakhelvi,['qawwali'],0.581,0.76,6,-5.641,1,0.0448,0.631,0.00011,0.164,0.95,87.999,435017,4,0,Energetic Happy
5xi2SXmF3A5AIsuGXiUIZu,Inside Out,Camila Cabello,[],0.737,0.697,8,-5.31,1,0.0895,0.43,0.000382,0.0821,0.655,94.101,182560,4,2,Instrumental Calm
5xjsWlRDaLc6uSBLVmOZcO,"Muhaabat Ki Daastaan Aaj Suno, From ''Mayur Pankh''",Lata Mangeshkar,['bollywood'],0.566,0.326,3,-9.719,1,0.117,0.994,0.89,0.119,0.682,81.642,309708,4,4,Rap / Spoken
5xvo9nqOEd2EANEnMmZwef,Aa Ja Sajnan Udeekan Menoon Terian,Nusrat Fateh Ali Khan,['qawwali'],0.365,0.756,1,-7.576,1,0.0538,0.288,0.0,0.815,0.567,118.38,1003478,4,0,Energetic Happy
5y6X9nQBZfZnwggm4mOSz7,Main To Beghar Hoon,Asha Bhosle,['bollywood'],0.387,0.669,4,-7.997,1,0.068,0.916,0.00152,0.339,0.542,94.777,305507,4,0,Energetic Happy
5yEVJiZeDiuyS6GXHU3wnj,Mangte Hain Karam Unka,Nusrat Fateh Ali Khan,['sufi'],0.522,0.391,5,-15.335,0,0.058,0.583,2.4e-05,0.788,0.598,115.8,1636720,3,3,Acoustic Chill
5yFopy3DJJYCAQSnR3spCP,"Mere Peeko (Mujh Se Roothi) Part III - From ""Ghulami""",Lata Mangeshkar,['bollywood'],0.477,0.47,5,-11.938,1,0.0302,0.952,0.0404,0.322,0.375,93.916,251493,4,1,Dance Party
5yNJ1PSE0SmNC1kiiFFkb0,Maria,Ali Haider,['sufi'],0.675,0.598,3,-17.866,0,0.0493,0.383,0.0243,0.0834,0.897,106.202,284396,4,2,Instrumental Calm
5ybM8mVtRtBWz5JOjdV841,"Ek Chanchal Shokh Haseena (From ""Baaghi"")",Abhijeet,['bollywood'],0.505,0.696,7,-7.993,1,0.0394,0.688,0.0,0.396,0.644,99.762,401773,4,0,Energetic Happy
5ycuGYc6dgJ8T4chGsSxtU,Used to Love U,John Legend,[],0.575,0.774,1,-5.739,1,0.0804,0.0241,4.78e-06,0.287,0.673,87.878,220013,4,2,Instrumental Calm
5yd25Iiv9s6HUF03ooJClC,Taiba Se Chitthi Aa Hi Gayee,Jani Babu,['qawwali'],0.468,0.731,6,-8.321,0,0.0468,0.485,0.0,0.171,0.896,154.177,446413,3,0,Energetic Happy
5ym5JeE4brCrDhkd7xVnQ1,Kabristan,Mehmet Kemiksiz,['sufi'],0.243,0.319,7,-13.531,1,0.0313,0.832,0.177,0.0728,0.157,147.506,469000,3,1,Dance Party
5ymRnY0s6u48iwRcPdtSo7,Mere Samnewali Khidki Mein (Remix),Kishore Kumar,['bollywood'],0.648,0.882,8,-5.37,1,0.18,0.686,0.0599,0.162,0.85,139.804,126500,4,2,Instrumental Calm
5yxNNRTWZREUjNftRJMtE8,Dhiyan Te Dhan Paraya,Noor Jehan,['ghazal'],0.418,0.462,5,-7.074,1,0.033,0.88,1.6e-05,0.114,0.685,129.511,209633,3,1,Dance Party
5yxYjM4ZUTHk1PKBhd0CTE,Tu Hai Kamal Maula,Rizwan-Muazzam Qawwali,['qawwali'],0.503,0.932,5,-4.529,0,0.0644,0.119,7.66e-05,0.449,0.918,95.965,958953,4,0,Energetic Happy
5z5OC38ELJtr1koTuzXnyy,Seyyah,Murat Dağlı,['sufi'],0.229,0.0911,0,-18.281,1,0.0589,0.99,0.856,0.0928,0.353,78.167,276107,1,4,Rap / Spoken
5zJfiNNG4XOcGmoL3TsYD2,Ya Ali Maula Ali Mushkil Kasha,Amjad Sabri,['qawwali'],0.541,0.837,6,-2.321,1,0.126,0.188,0.0,0.102,0.609,98.508,459377,4,2,Instrumental Calm
5zRE7QOGlQdx16WcvI4esG,Tell Me You Love Me,Demi Lovato,[],0.549,0.572,6,-5.44,1,0.0415,0.0336,0.0,0.119,0.258,82.049,236987,4,2,Instrumental Calm
5zTERBWi4174KQL0YYzfB8,Interlude - Live,Rauw Alejandro,['pop'],0.651,0.552,9,-5.12,1,0.317,0.149,1.53e-05,0.169,0.276,129.307,132578,5,2,Instrumental Calm
5zViPsBDYavJasAknMgpZy,Mohmmad Ke Ghulamon Par Budhapa Aa Nahi Sakta,Jani Babu,['qawwali'],0.5,0.67,8,-8.739,1,0.0722,0.678,0.0,0.22,0.644,115.931,528547,4,0,Energetic Happy
5zYEmWpgLoo6PKPjpupw3Y,Je Pyar Na Miliya Tera,Sher Miandad Khan,['qawwali'],0.652,0.839,0,-5.645,1,0.13,0.151,0.0,0.138,0.951,80.487,337846,4,2,Instrumental Calm
5zb4vSFqjju8fXuPPHenHV,Remind Me to Forget - Syn Cole Remix,Kygo,[],0.766,0.79,0,-3.244,1,0.0371,0.218,0.0,0.141,0.382,120.04,188787,4,2,Instrumental Calm
5ztAIUEY1u8datg00gW1sH,Laung Nak Da - Ishtehari Gujjar,Naseebo Lal,['sufi'],0.813,0.833,7,-6.701,0,0.047,0.124,0.00615,0.355,0.962,122.86,319529,4,2,Instrumental Calm
5zuUcKonLnEstivnnEAiJs,Raah Dikha De,Mohit Chauhan,['bollywood'],0.526,0.419,11,-8.932,0,0.034,0.877,9.12e-05,0.101,0.512,139.612,351429,4,1,Dance Party
5zug8tKAQsD7QPAPf8yKMi,"Zeehale Muskin - From ""Ghulami""",Lata Mangeshkar,['bollywood'],0.496,0.829,11,-3.103,0,0.0492,0.87,0.000161,0.238,0.775,133.486,446440,4,0,Energetic Happy
5zwx904y89dEC5uE6tO9ZR,Toh Phir Aao - Lounge Version,Mustafa Zahid,['bollywood'],0.486,0.831,9,-6.37,0,0.052,0.326,0.00348,0.0885,0.288,106.954,355867,4,0,Energetic Happy
5zxXfB3HzQhCyEUk4JFt17,Charkhay De Har Har Gehray,Nusrat Fateh Ali Khan,['qawwali'],0.595,0.661,5,-6.541,1,0.033,0.414,0.0,0.0641,0.736,94.556,514217,4,2,Instrumental Calm
60L8lbKtYLuXDVVT8W92ni,Kithe Gayo Dil Lake,Atta Ullah Khan Esakhelvi,['qawwali'],0.545,0.816,6,-5.278,0,0.0356,0.429,0.00474,0.778,0.624,126.246,295227,4,0,Energetic Happy
60LtN4BOwAMl1WaItsPiuR,Ja Jay Tu Jana,Bilal Saeed,['sufi'],0.804,0.899,0,-4.171,1,0.0378,0.0528,0.0,0.114,0.337,132.033,208806,4,2,Instrumental Calm
60SdxE8apGAxMiRrpbmLY0,Lucky You (feat. Joyner Lucas),Eminem,[],0.876,0.786,10,-4.884,0,0.306,0.0627,0.0,0.127,0.575,153.068,244679,4,2,Instrumental Calm
60YXY8PwX78fOrCuStZ69p,Ek Na Ek Din,Lucky Ali,['bollywood'],0.72,0.498,9,-7.401,1,0.0427,0.441,0.00035,0.089,0.871,156.078,235320,4,2,Instrumental Calm
60Z57Wdrn0pEVpHI7d7GAX,Stepping Stone,Eminem,[],0.616,0.684,7,-6.032,1,0.311,0.0305,0.0,0.376,0.312,179.503,309638,4,2,Instrumental Calm
60d1uQmqTZ1Lg2SGJYdQTI,Noor E Khuda,Shankar-Ehsaan-Loy,['bollywood'],0.548,0.529,2,-8.442,1,0.0309,0.722,0.000991,0.119,0.213,114.805,396973,4,1,Dance Party
60jFTpfSeyc2oRENnaHlrw,"Audio (with Sia, Diplo & Labrinth)",Sia,[],0.365,0.692,3,-4.586,0,0.0671,0.192,1.51e-06,0.0862,0.372,89.998,203400,4,0,Energetic Happy
60yWvVuJesuehop4m0aXb6,Ve Dil Dukhyari Da,Naseebo Lal,['sufi'],0.767,0.937,9,-5.34,1,0.0615,0.307,0.00109,0.554,0.732,118.021,383802,4,2,Instrumental Calm
610wv1McIPefsj25JvYUvA,Soniye Mix N Match,KK,['bollywood'],0.753,0.928,5,-5.599,0,0.0537,0.0174,0.000408,0.0635,0.613,130.04,288640,4,2,Instrumental Calm
611Be8iw6gOTGI75u6z3qx,Nigahen,Ali Haider,['sufi'],0.697,0.49,8,-17.057,1,0.0372,0.406,0.0264,0.258,0.749,126.213,315467,4,1,Dance Party
616DFpMmqTpTm89FqSpqKN,Maa Maryam Da Farman,Naseebo Lal,['sufi'],0.628,0.729,6,-9.752,1,0.124,0.458,2.27e-05,0.786,0.829,81.886,429976,4,0,Energetic Happy
618qvuD2s0U1n6LqiWzFFF,Rang Baaten Karen,Abida Parveen,['ghazal'],0.334,0.285,8,-18.543,1,0.0419,0.851,7.04e-06,0.0562,0.585,79.793,439733,4,1,Dance Party
61W0B7xBwSDROYPZR9EP43,Yeh Hai Mera Premi,Lata Mangeshkar,['bollywood'],0.486,0.592,6,-12.536,1,0.0702,0.902,0.000677,0.285,0.586,94.35,397973,4,1,Dance Party
61YW32C7DUv7aKdVhUacxt,Tied Up,Major Lazer,[],0.664,0.623,1,-5.357,0,0.158,0.0122,1.32e-05,0.0957,0.65,180.183,187333,4,2,Instrumental Calm
61kN0f8MOb21ffCwORVOhi,Arzuwym,Eldar Ahmedow,['pop'],0.833,0.579,1,-5.991,1,0.0321,0.0231,0.00272,0.0742,0.896,108.011,204528,4,2,Instrumental Calm
61nymgsR7uhYmqR1NrN6IU,"Jaane Jaan Dhoondata - From ""Jawani Diwani""",Kishore Kumar,['bollywood'],0.378,0.611,10,-5.105,1,0.0386,0.347,0.0,0.263,0.593,126.342,353107,4,0,Energetic Happy
61uJeQ3Tnme7oVF2KvFxX3,Jal He Gaya Aashiyan,Mehdi Hassan,['ghazal'],0.382,0.635,0,-6.591,0,0.0346,0.855,0.0307,0.43,0.453,107.388,193771,4,0,Energetic Happy
621aRHoZKnFgFaGGA2kneN,Shadi Rachi Hai Baba Ki,Amjad Sabri,['qawwali'],0.426,0.9,6,-12.891,1,0.0516,0.471,0.0194,0.166,0.709,102.982,329639,4,0,Energetic Happy
621yo2vtUSnmTfmENTKoNm,Power,Marshmello,[],0.58,0.895,1,-3.702,0,0.0367,0.00292,0.731,0.079,0.97,140.023,222000,4,4,Rap / Spoken
627t9kDdwL73K8TOus0hBe,Dil Nahin Lag Raha,Junoon,['ghazal'],0.338,0.192,9,-19.185,0,0.0388,0.0471,0.0,0.0622,0.334,189.794,236133,3,1,Dance Party
62AGBURrH2EsqA7yblCGXP,Santa Tell Me,Ariana Grande,[],0.525,0.621,7,-7.364,1,0.116,0.0489,0.0,0.294,0.591,191.9,204093,4,2,Instrumental Calm
62BYyD6b6FEghWhAheu8jx,Akhian Udeek Diyan,Nusrat Fateh Ali Khan,['qawwali'],0.533,0.881,3,-4.163,0,0.0835,0.447,0.0302,0.563,0.793,117.028,978165,4,0,Energetic Happy
62HNv7ByNDRC82WzANTvA8,Shri Mangesh Devache Naam Je Japati,Anuradha Paudwal,['ghazal'],0.508,0.222,11,-9.554,1,0.0433,0.972,0.0,0.238,0.217,85.631,80629,5,1,Dance Party
62OqszvOYSuonp6Buj4P74,Midnight - Live In Buenos Aires,Coldplay,[],0.359,0.768,1,-9.32,1,0.0431,0.0428,0.46,0.319,0.119,126.99,105680,4,0,Energetic Happy
62TNCMirlRxmpK2L32Fb5h,Peshrev Ajam,Ensemble Ibn Arabi,['sufi'],0.352,0.155,0,-17.497,0,0.0415,0.96,0.951,0.119,0.415,156.22,91853,4,4,Rap / Spoken
62fkxuLVFEhKW6Qzgqnitq,Aana Pawan Kumar Hamare Hari Keertan Mein,Anup Jalota,['ghazal'],0.727,0.812,9,-5.139,0,0.105,0.713,0.0,0.11,0.893,118.035,359678,4,2,Instrumental Calm
62mEWGGKMGjkqQmdkQARA6,Kithe Gaiyon Dil Lake,Naseebo Lal,['sufi'],0.66,0.73,7,-7.514,0,0.0797,0.223,0.48,0.067,0.933,155.664,299233,4,2,Instrumental Calm
62o8KoI44JfN7aYxgTnPvh,Mala Mía,Maluma,[],0.749,0.752,6,-4.883,1,0.345,0.31,0.0,0.232,0.901,180.049,183753,4,2,Instrumental Calm
62uLDdcaFZWoMAByq3ulLu,Mundeyan De Vich,Hans Raj Hans,['sufi'],0.688,0.953,10,-9.594,1,0.104,0.12,0.0,0.061,0.713,129.81,254480,4,2,Instrumental Calm
62urZBw7UrgqvisuRacwDB,Sanware - Underground Mix,Nusrat Fateh Ali Khan,['sufi'],0.598,0.862,10,-4.871,0,0.0304,0.104,0.00332,0.205,0.163,88.981,288849,4,2,Instrumental Calm
62yzwQlosdZyjGwDchdChR,Mera Ae Charkha Nolakha,Nusrat Fateh Ali Khan,['qawwali'],0.502,0.605,2,-9.94,1,0.145,0.865,0.0,0.619,0.765,134.817,918860,4,3,Acoustic Chill
632VqORRJXqrP0035q6csT,"Tumse Achha Kaun Hai (From ""Tumse Achha Kaun Hai"")",Mohammed Rafi,['bollywood'],0.512,0.891,3,-8.056,1,0.103,0.574,1.58e-06,0.341,0.618,118.323,250120,4,0,Energetic Happy
638U7oW5K3UdMsivHQRMNk,"Saaheb Ji Salam (From ""Hukum Da Ghulam"")",Masood Rana,['ghazal'],0.515,0.614,5,-9.585,1,0.0392,0.917,0.00655,0.355,0.862,122.828,218456,4,1,Dance Party
638g9ZzKSB2DF9WQUPKoHw,Ali Maula Ali Ali,Nusrat Fateh Ali Khan,['qawwali'],0.45,0.709,11,-8.367,0,0.28,0.548,0.000232,0.893,0.807,94.564,1638034,4,3,Acoustic Chill
63925fDmCRhCyCm590rP54,Uşşak'tan Hicaz'a Geçiş Taksimi,AKA Gunduz Kutbay,['sufi'],0.267,0.0391,0,-20.229,0,0.0418,0.985,0.0213,0.0778,0.348,73.605,534693,3,1,Dance Party
63B7pyadjhhSVnYXul8mTP,Dev Perla Shetat,Anuradha Paudwal,['ghazal'],0.618,0.502,2,-7.75,0,0.0948,0.261,0.0,0.202,0.644,86.014,337868,4,2,Instrumental Calm
63BzS8xcFZanKOfQsTGywT,Pyar Di Sharab Naal Asan,Atta Ullah Khan Esakhelvi,['qawwali'],0.521,0.738,2,-8.464,1,0.0633,0.445,1.28e-06,0.169,0.79,94.244,392852,4,0,Energetic Happy
63NdfrdxweAyUerklcUyUt,Boys - Dave Audé Remix,Lizzo,[],0.808,0.753,11,-5.231,0,0.0765,0.00329,0.33,0.0264,0.742,122.997,267317,4,2,Instrumental Calm
63P4RIqG3gqEyVQjhyRISK,Ghulam Ali-Tumharey Khat Men Naya,Ghulam Ali,['ghazal'],0.479,0.326,11,-20.776,1,0.0794,0.293,4.08e-05,0.618,0.639,107.378,553467,4,1,Dance Party
63RZK4bDFFn8xzp76WyiCK,Pyar Ke Mor Par,Aziz Mian,['qawwali'],0.519,0.641,3,-9.031,0,0.339,0.631,0.0,0.338,0.686,114.218,886211,4,3,Acoustic Chill
63d4H0fO3mXTnlKPJevw4w,Sohniya Had Muk Gai - Ultimatam,Naseebo Lal,['ghazal'],0.626,0.872,6,-4.603,1,0.0656,0.387,0.00909,0.371,0.908,124.109,297274,4,0,Energetic Happy
63gLJ4kWmMpjbfzxyL9YoP,Jiyun Kar Khawaja,Alam Lohar,['sufi'],0.608,0.678,8,-10.957,0,0.051,0.683,0.651,0.401,0.819,98.51,547866,4,4,Rap / Spoken
63gZ9PLGdOk1izDTW1jKyo,Er carrettiere a vino,Gabriella Ferri,['pop'],0.438,0.1,2,-17.78,0,0.0409,0.922,0.00839,0.136,0.218,126.089,188667,4,1,Dance Party
63q0XYe0GRbEJ9puiYvqhm,Jis Haal Mein Ho,Sabri Brothers,['ghazal'],0.569,0.658,4,-9.561,1,0.0535,0.351,0.0,0.419,0.924,165.44,483486,4,0,Energetic Happy
63x2ylSiGxGU7dG54upqI4,Riding Shotgun - Ryan Riback Remix,Kygo,[],0.719,0.743,6,-6.077,0,0.169,0.0101,1.82e-05,0.0371,0.542,102.016,212493,4,2,Instrumental Calm
647jUFxzaV7pwKfyES59fW,Khawaja Ki Deewani,Aziz Mian,['sufi'],0.549,0.779,11,-9.886,1,0.0994,0.686,4.96e-06,0.612,0.767,117.48,832433,4,0,Energetic Happy
64BWkOjyNcmXoWH0b0Wq4R,TREAT MYSELF,Meghan Trainor,[],0.689,0.684,8,-4.561,1,0.0463,0.00284,0.0,0.758,0.692,107.989,173767,4,2,Instrumental Calm
64HoRPlosQsgoTvmiLqGR7,Juancho Polo Valencia,Pastor Lopez Y Su Combo,['pop'],0.67,0.504,10,-7.697,1,0.0348,0.673,1.1e-06,0.083,0.966,91.58,195960,4,1,Dance Party
64QftS2rGzpynevjuCsJXW,Moves Like Jagger,Maroon 5,[],0.718,0.755,11,-4.478,0,0.0427,0.014,0.0,0.325,0.615,128.026,201240,4,2,Instrumental Calm
64eCSDxCDYa15RVo0XPsPm,Charkhe De Har Har Gerre,Master Saleem,['sufi'],0.438,0.53,5,-9.893,1,0.0327,0.728,0.0,0.153,0.7,80.833,417123,4,1,Dance Party
64fcBS4LpnATg3VnWeCauh,Hamro Maya Bhanda,Raju Singh,['bollywood'],0.661,0.672,2,-5.27,0,0.0261,0.395,0.0,0.183,0.627,95.963,309773,4,2,Instrumental Calm
64wdPpi4OeCQF4W2oMZ9Wt,XTCY,Kanye West,[],0.553,0.759,2,-3.385,1,0.0541,0.213,0.0,0.726,0.246,94.046,176613,4,0,Energetic Happy
654RksEgRTIUXKcQgBrurf,Yürüyenler ve Sürünenler 03.Bölüm,Hayri Küçükdeniz,['sufi'],0.686,0.219,7,-17.726,1,0.883,0.8,0.0,0.501,0.503,125.51,670380,3,3,Acoustic Chill
65DzdjRWH35DNsBZBjW523,Motion,Khalid,[],0.554,0.61,0,-7.229,1,0.0804,0.0982,0.0812,0.561,0.497,80.948,235880,4,2,Instrumental Calm
65V0yT84Y6w9ZknARls8Xo,Marmari Baahein,Kunal Ganjawala,['bollywood'],0.555,0.54,6,-8.314,1,0.0726,0.206,0.000141,0.297,0.387,73.89,338840,4,2,Instrumental Calm
65Vu1eyOopYOYVy40ticWh,How I Like It,Maluma,[],0.864,0.603,9,-4.521,0,0.16,0.549,0.0,0.112,0.826,119.96,171027,4,2,Instrumental Calm
65dauvS4hkXM0Dy3uQ6dYi,Flames - Leandro Da Silva Remix,David Guetta,[],0.693,0.949,5,-3.911,0,0.0512,0.00211,0.259,0.078,0.379,124.981,345840,4,2,Instrumental Calm
65jiLwJyp59VcDxqc8dwPA,A Sziget,Kelemen Kabátban,['pop'],0.731,0.776,0,-4.585,1,0.0359,0.0653,3.85e-05,0.117,0.337,114.983,198000,4,2,Instrumental Calm
65q2kWxtrv2AjnsErNTIPf,Merry Christmas Baby / Give Love on Christmas Day,John Legend,[],0.434,0.727,0,-5.919,1,0.0891,0.452,0.0,0.42,0.474,141.779,230507,4,0,Energetic Happy
65y83OrikYYxjnUOFSXh7F,Kekasih,Lydia Natalia,['pop'],0.438,0.449,2,-7.503,1,0.0271,0.675,8.25e-06,0.249,0.333,141.369,332538,4,1,Dance Party
66DKTbjw8hpSnRiKEgml3Q,Jeeta Tha Jiske Liye,Kumar Sanu,['bollywood'],0.455,0.667,1,-10.913,0,0.0314,0.759,0.000236,0.114,0.841,146.066,458493,3,0,Energetic Happy
66KYZp47b7w6oCIkxu1DfS,Life's Greatest Fool - Version 2 2019 Remaster,Gene Clark,['pop'],0.544,0.572,7,-12.059,1,0.0316,0.412,0.397,0.117,0.496,126.421,267400,4,4,Rap / Spoken
66XX0PE0Q4FXdSaVTRiRZL,Kuch Dil Ke Taqaze (Live),Munni Begum,['sufi'],0.569,0.45,10,-15.907,0,0.182,0.974,0.646,0.119,0.438,99.282,286667,4,4,Rap / Spoken
66XlMyAfZjJ24GVa2qPF9c,Noches Pasadas,J Balvin,[],0.65,0.835,5,-6.717,0,0.453,0.554,0.0129,0.112,0.695,191.933,222493,4,2,Instrumental Calm
66g0Nmj2P8fNsgjISszHUd,Baqadr-E-Shauq Iqrar-E-Wafa Kya,K. L. Saigal,['bollywood'],0.533,0.438,5,-7.094,1,0.0436,0.98,0.0502,0.216,0.686,95.962,198306,4,1,Dance Party
66g2Zy4udMW1beEcfg57yX,Yeh Desh Hai Veer Jawanon Ka (Jhankar Beats),Mohammed Rafi,['bollywood'],0.618,0.854,5,-6.566,0,0.12,0.164,2.04e-06,0.36,0.787,98.931,195553,4,2,Instrumental Calm
66wFbBJ0RIObEHyYwiyK8W,Eh Sochan Soch Ke Dil Mera Kyoon Para Para Ho Janda,Nusrat Fateh Ali Khan,['qawwali'],0.599,0.392,1,-15.578,1,0.0781,0.38,3e-05,0.458,0.796,109.001,800893,4,3,Acoustic Chill
66xpfgJ3jgDIlnLNNszZga,No Peace,Sam Smith,[],0.67,0.535,4,-8.102,0,0.0738,0.391,3.23e-06,0.122,0.147,135.985,290373,4,2,Instrumental Calm
671Ijud4rIQfqXQQjB2bXv,Saware,Rahat Fateh Ali Khan,['qawwali'],0.364,0.561,2,-5.526,1,0.0336,0.794,1.69e-05,0.121,0.251,97.067,321489,4,1,Dance Party
67B1pkOp6YBksWVImMWwu8,Haq Ali Ali Maula,Nusrat Fateh Ali Khan,"['sufi', 'qawwali']",0.524,0.387,3,-13.952,0,0.299,0.8,0.00398,0.112,0.782,103.06,1721530,4,3,Acoustic Chill
67DvqnrafXhFsxPyQYwlYs,Dehi Maherachi Maaya,Usha Mangeshkar,['bollywood'],0.569,0.376,5,-13.457,1,0.125,0.737,2.96e-05,0.0656,0.755,172.112,323721,4,1,Dance Party
67XXGKQrlBLCAg3gmHkamP,Have Yourself a Merry Little Christmas (feat. Esperanza Spalding),John Legend,[],0.319,0.509,10,-8.868,1,0.0305,0.642,0.0,0.39,0.427,144.55,223240,3,0,Energetic Happy
67aukea21L3LxakYBj64zn,Kabhi Kitaboon Mein Phool,Noor Jehan,['bollywood'],0.479,0.521,10,-10.94,1,0.029,0.706,0.00208,0.14,0.524,95.302,398120,4,1,Dance Party
67rTLE8XB83aR4Jdnn1Fq2,Hot Rod Skit,B.o.B,['pop'],0.698,0.556,1,-9.435,1,0.914,0.188,0.0,0.212,0.821,129.798,62145,3,2,Instrumental Calm
67wEDWE3jab9djC5sh018H,Paper Roses - Live,The Osmonds,['pop'],0.377,0.621,7,-10.035,1,0.0466,0.0572,2.76e-05,0.971,0.387,109.442,111253,4,0,Energetic Happy
68148GHxVa4ZohKThAtqAO,Koi Dekhda Naeen Khatawan Nu,Nusrat Fateh Ali Khan,['qawwali'],0.461,0.809,5,-8.292,0,0.158,0.0274,2.36e-06,0.255,0.8,110.531,778120,4,0,Energetic Happy
682ZUuhrSRQdE7q7qZs1yX,Nasha,Sonu Nigam,['bollywood'],0.578,0.874,7,-7.016,1,0.0389,0.00409,0.451,0.169,0.671,134.024,281294,4,2,Instrumental Calm
688QpQAwqsLdBR6lr13wK1,Same Bitches (feat. G-Eazy & YG),Post Malone,[],0.727,0.774,10,-5.246,0,0.0588,0.379,2.47e-06,0.114,0.211,99.932,212467,4,2,Instrumental Calm
68AwJj695uV4TD6GFI6jds,Rahe Samarpan Tujh Mein Krishna,Anup Jalota,['ghazal'],0.541,0.546,1,-10.121,1,0.0382,0.613,0.0,0.159,0.756,100.817,275542,4,1,Dance Party
68IoPplcSgQ2xO4WSsUAaI,Tu Na Jaa Mere Baadshah,Alka Yagnik,['bollywood'],0.506,0.487,11,-12.585,0,0.136,0.794,0.000373,0.0805,0.797,152.749,306667,4,1,Dance Party
68J17qcu7Xa1T0EDhUar92,"O Aaye Tere Bhawan (From ""Jai Maa Vaishno Devi"")",Anuradha Paudwal,['bollywood'],0.303,0.882,4,-4.769,1,0.0572,0.598,0.0,0.593,0.955,163.62,317277,3,0,Energetic Happy
68KJHpA2l8sN3ruJwjlI34,Sun Mere Dhol,Nusrat Fateh Ali Khan,['qawwali'],0.611,0.579,6,-12.427,1,0.0445,0.675,2.57e-05,0.134,0.969,93.315,332202,4,1,Dance Party
68MjViIflAqtmIygWBlKz7,Aaj Mausam Bhayeel Beyiman,Suresh Wadkar,['bollywood'],0.661,0.667,0,-8.986,1,0.0472,0.547,0.0,0.345,0.769,149.864,284508,3,2,Instrumental Calm
68NXcaBtQoTqHTfItHUf6E,Juice,Lizzo,[],0.767,0.891,0,-3.01,1,0.0901,0.00615,0.0,0.406,0.824,119.91,195334,4,2,Instrumental Calm
68SIz31h5V3yRmID4rwnuh,Kora Dil Hai Tappu,Shazia Manzoor,['sufi'],0.773,0.9,1,-6.04,1,0.0599,0.302,0.164,0.325,0.934,104.04,273463,4,2,Instrumental Calm
68U0KtyTP7u4wGnYd5AwDI,Allah Hi Allah Kariya Karo,Tahira Syed,['ghazal'],0.649,0.326,1,-10.726,0,0.0333,0.946,2.9e-06,0.0805,0.513,125.366,317696,4,1,Dance Party
68XRaNESU7SGAwTRPdisKf,Un-thinkable (I'm Ready),Alicia Keys,[],0.595,0.507,7,-7.892,1,0.0618,0.732,1.97e-05,0.106,0.337,86.099,249240,4,1,Dance Party
68dCzXtmdYyRiDY2nt1ZQs,Mathura Pura Ru Asila,Suresh Wadkar,['bollywood'],0.502,0.476,7,-10.134,1,0.036,0.283,3.81e-05,0.0877,0.763,161.847,308454,3,2,Instrumental Calm
68kHtMCJRUf0XoAWdbWKEP,Do Bulliyaan De Wichon,Noor Jehan,['bollywood'],0.629,0.63,4,-11.403,1,0.0545,0.767,0.0113,0.422,0.885,97.293,225794,4,1,Dance Party
68zFgFvY79arcGsxTint9L,Lal Meri Put,Arif Lohar,['ghazal'],0.708,0.858,0,-8.159,1,0.0516,0.546,0.0102,0.143,0.497,107.299,617848,4,2,Instrumental Calm
698ItKASDavgwZ3WjaWjtz,Faded,Alan Walker,[],0.468,0.627,6,-5.085,1,0.0476,0.0281,7.97e-06,0.11,0.159,179.642,212107,4,2,Instrumental Calm
69E0L5Hlo7qpb5LtyChkGI,Sohniya Ve Aaja Sham Pae Gayee,Aziz Mian,['qawwali'],0.529,0.83,7,-8.493,1,0.112,0.62,0.000169,0.426,0.651,79.212,1847217,4,3,Acoustic Chill
69GrvktEn2ezemVh4OYrvq,To Ne Dikha Hai Kabhi,Mehdi Hassan,['sufi'],0.578,0.547,1,-8.561,1,0.0268,0.574,0.000269,0.0384,0.529,128.4,316997,1,1,Dance Party
69ZeTTHupf5HZjHsmauqCN,Jab Tak Na Toote Payal,Nayyara Noor,"['ghazal', 'sufi']",0.434,0.514,7,-11.334,1,0.0501,0.978,0.289,0.127,0.345,115.032,222973,4,1,Dance Party
69b0SDYOymaqYwm3la237H,Ye vs. the People (starring TI as the People),Kanye West,[],0.464,0.822,1,-1.881,1,0.294,0.0568,0.0,0.103,0.722,79.973,202641,4,0,Energetic Happy
69bQtJECLLhILFjI7ZC4F1,Thinking 'Bout You,Dua Lipa,[],0.802,0.481,4,-5.132,0,0.043,0.0856,0.0,0.152,0.468,90.973,171947,4,2,Instrumental Calm
69bSwnHHlyyVr58Z9w9sMj,Pahle Na Dekha Jaise Kisi Ne,Lata Mangeshkar,['bollywood'],0.466,0.672,0,-8.462,0,0.0746,0.884,0.0785,0.0827,0.816,135.904,217208,3,0,Energetic Happy
69cM3uf3GndXWNBIgiIFpy,Dum Mast Qalander Mast Mast,Nusrat Fateh Ali Khan,['qawwali'],0.451,0.656,3,-11.09,0,0.0393,0.061,6.39e-06,0.427,0.735,151.877,391654,4,0,Energetic Happy
69d8Q6zNea596X49qvwBZa,Tunjha Kehra Thora Gayan,Abida Parveen,['ghazal'],0.554,0.56,7,-13.475,0,0.0641,0.595,0.000244,0.253,0.799,95.2,458240,4,1,Dance Party
69zDdhSpP8mSYdKLu80hcV,Ame Mahiyara Re,Vinod Rathod,['bollywood'],0.557,0.742,10,-6.774,1,0.0633,0.313,1.97e-06,0.103,0.969,157.47,93885,3,2,Instrumental Calm
6ACGFBxAFNYALcgwOpmmxz,Dhoom Hai Khuwaja Usman Ke Angna,Zaffar Niazi Qawwal,['qawwali'],0.627,0.96,8,-4.794,0,0.0892,0.157,2.81e-05,0.0243,0.71,95.997,582766,4,2,Instrumental Calm
6ARtJ6qJ24Vkhy7ICSNZq3,Tujhe Pyar Karte Karte Meri Umar Beet Jaye,Nahid Akhtar,['ghazal'],0.585,0.627,4,-5.182,1,0.0409,0.931,0.0,0.187,0.645,115.58,202667,4,1,Dance Party
6ATnRclamgZgq5lx5m566f,Keep Talking (feat. Julia Michaels),Rita Ora,[],0.76,0.443,1,-7.386,1,0.0652,0.407,0.0,0.0872,0.522,97.025,213840,4,2,Instrumental Calm
6ATxpI2Ga7mjK0FRXIIOGX,Man Bawra,Rahat Fateh Ali Khan,['qawwali'],0.612,0.409,0,-8.885,1,0.0269,0.513,0.0,0.0696,0.247,108.911,389608,4,1,Dance Party
6AYzvRqRSL4lk4qfdrX0iG,Woh Aaya Tha,Babul Supriyo,['bollywood'],0.6,0.993,1,1.814,1,0.084,0.847,0.0511,0.0785,0.673,105.058,312451,4,0,Energetic Happy
6AoXG9L6V2HcxDwL2XvhwJ,Lat Uljhi Suljha Ja Re Balam - Live,Naseebo Lal,"['ghazal', 'sufi']",0.336,0.813,10,-4.68,1,0.0804,0.751,0.423,0.888,0.75,87.81,237656,4,0,Energetic Happy
6Aq6LN9pt3TxjkfAJmet5A,"Aila Re Aillaa (From ""Sooryavanshi"")",Pritam,['bollywood'],0.757,0.956,10,-3.277,0,0.131,0.0221,0.00012,0.227,0.627,104.921,156043,3,2,Instrumental Calm
6Ar291vhAvSP2P57ldKksY,Mere Nabi Pyare Nabi,Nusrat Fateh Ali Khan,['qawwali'],0.37,0.879,5,-3.684,0,0.0947,0.247,0.0,0.705,0.476,115.614,726953,4,0,Energetic Happy
6AvfZXpbb6r35DfF7gHPRq,Wait,Maroon 5,[],0.655,0.603,8,-5.014,1,0.0555,0.0959,0.0,0.107,0.452,126.088,190643,4,2,Instrumental Calm
6AyI8UGx8Y4peb7pLOy2pf,7 rings (feat. 2 Chainz) - Remix,Ariana Grande,[],0.78,0.341,1,-10.162,0,0.465,0.517,0.0,0.0873,0.342,70.011,178640,4,1,Dance Party
6AyMAdw5iaLMTk1qkcFj0R,Ajmer Ko Jana Hai,Sabri Brothers,['sufi'],0.494,0.48,7,-12.92,1,0.107,0.83,0.00155,0.373,0.583,122.639,911800,4,1,Dance Party
6Azzt85SBZLNEYxjjC6Edm,Teri Ek Nigah Ki Baat Hai Meri Zindagi Ka Sawal Hai,Warsi Brothers,['qawwali'],0.455,0.881,7,-0.435,1,0.103,0.358,0.0,0.163,0.738,134.63,891094,4,0,Energetic Happy
6B3zy3LOKHndqsviCr2z15,Em Calls Paul - Skit,Eminem,[],0.707,0.314,6,-10.115,0,0.747,0.977,0.0,0.109,0.602,104.014,49024,4,1,Dance Party
6BEovp1dShBV8UkkAJX5ug,Ishq Ke Rang Mein Rang Jayen,Alhajj Muhammad Owais Raza Qadri,['sufi'],0.497,0.544,8,-5.731,0,0.0851,0.808,0.0,0.271,0.787,172.839,428374,3,1,Dance Party
6BFKYwdNgKMvdnsDQSox75,Mujhe Phool Sabar,Munni Begum,['ghazal'],0.53,0.693,8,-5.985,0,0.0343,0.353,8.08e-06,0.0738,0.785,88.415,360024,4,2,Instrumental Calm
6BJbOXDlgVAXSaq6wYFYT2,NC-17,Travis Scott,[],0.804,0.763,2,-5.48,1,0.0519,0.0678,0.0,0.368,0.0585,136.052,156886,4,2,Instrumental Calm
6BQ138m56aLHGzTbDMOuX5,Farida Turia Turia Ja,Nusrat Fateh Ali Khan,['qawwali'],0.466,0.538,4,-16.145,1,0.0468,0.0621,0.00107,0.323,0.915,100.154,810307,4,0,Energetic Happy
6BZi3yrasKgien6sOv42Hw,Hey Gobindo Rakho Charne,Anup Jalota,['ghazal'],0.465,0.287,9,-15.138,1,0.0399,0.916,5.18e-06,0.116,0.382,126.852,300400,3,1,Dance Party
6BxCb9Xzz3SzX4ZPDjOZhP,Khawaja Piya Gee,Aziz Mian,['qawwali'],0.501,0.879,4,-9.952,0,0.219,0.613,0.000158,0.744,0.535,111.723,925419,4,3,Acoustic Chill
6C5SHBer4NoxU0beOapCfb,Ik Din Mahi De Ghar Jana,Nusrat Fateh Ali Khan,['qawwali'],0.521,0.859,3,-4.786,1,0.181,0.735,0.00293,0.425,0.858,112.845,776653,4,0,Energetic Happy
6C9lqNJ4doenwT5CNdMDx4,Khalst farktk,Tito W Bondok El Qema,['pop'],0.834,0.981,10,0.412,0,0.0404,0.369,0.0171,0.0845,0.967,133.005,440593,4,2,Instrumental Calm
6CNT3B1Zy7DAVZbJ6KvoTT,Jeena Hai Humko,Amit Kumar,['bollywood'],0.503,0.874,4,-11.222,1,0.137,0.785,0.000609,0.715,0.537,133.381,502053,4,0,Energetic Happy
6CVQzs9lpjyOkEfN5kVYgA,Naa Oye Rabba Naa,Arif Lohar,['sufi'],0.752,0.741,1,-7.989,1,0.0721,0.18,6.26e-05,0.598,0.951,147.487,931495,4,2,Instrumental Calm
6CcJMwBtXByIz4zQLzFkKc,i love you,Billie Eilish,[],0.423,0.123,0,-18.41,1,0.0391,0.955,0.00518,0.11,0.0972,137.045,291796,4,1,Dance Party
6ChFA3dqDDexXkUsEfFvkN,IDGAF - Young Franco Remix,Dua Lipa,[],0.944,0.632,7,-7.282,1,0.307,0.0407,0.0,0.595,0.582,113.996,194906,4,2,Instrumental Calm
6CmYIvRQrUl4no7PXHy6uD,Jitt De Nishaan,Satinder Sartaaj,['sufi'],0.71,0.811,3,-5.252,1,0.231,0.54,0.0,0.145,0.834,152.147,329691,4,2,Instrumental Calm
6CpxAE804hjZnpYJdfXCfW,"Lal Lal Honton Pay (From ""Dil Nasheen"")",Nahid Akhtar,['ghazal'],0.379,0.83,8,-7.921,1,0.0595,0.757,0.0,0.169,0.73,106.614,220546,4,0,Energetic Happy
6D8FZWtCQRtQUVT3mpjrZs,Queen,Shawn Mendes,[],0.878,0.688,1,-7.254,1,0.11,0.197,0.0,0.0872,0.917,131.02,204693,4,2,Instrumental Calm
6DC8X6v4HwyQV3rZWCXIUA,Beh Ja Mere Kol,Ghulam Ali,['ghazal'],0.499,0.249,11,-21.826,1,0.0488,0.803,0.00527,0.229,0.825,141.754,352667,4,1,Dance Party
6DCZcSspjsKoFjzjrWoCdn,God's Plan,Drake,[],0.754,0.449,7,-9.211,1,0.109,0.0332,8.29e-05,0.552,0.357,77.169,198973,4,2,Instrumental Calm
6DHchoJQ3rFzzpOjp6RNSX,Kamli Wale,Nusrat Fateh Ali Khan,['qawwali'],0.665,0.917,0,-4.123,0,0.123,0.0426,8.78e-06,0.246,0.751,104.923,252984,4,2,Instrumental Calm
6DSs2wH7wGiZvtzRabXf9E,Mitr Pyare Nu - Rhythm & Chorus,Jagjit Singh,"['ghazal', 'bollywood']",0.619,0.459,2,-9.86,1,0.0241,0.534,0.0,0.231,0.556,99.931,284520,1,1,Dance Party
6DeK8afWlXuKpvIQgfBu5y,Saiya Jiti Gaial Pardhani,Kavita Krishnamurthy,['bollywood'],0.615,0.666,5,-10.392,0,0.27,0.344,0.0,0.0512,0.96,104.261,491425,4,2,Instrumental Calm
6Dn1vClSg74l5LeDpvqOoL,My Body on Through,Katie Von Schleicher,['pop'],0.449,0.0654,9,-10.724,1,0.0333,0.975,2.88e-06,0.103,0.092,102.089,275625,4,1,Dance Party
6DqHiZvo3WTo0aVXlbjGbJ,Matthe Maleyagide,Sonu Nigam,['bollywood'],0.502,0.477,0,-7.321,0,0.0345,0.779,0.0,0.153,0.218,119.838,291000,4,1,Dance Party
6DrjofzZm5s8xpMn4IBMyI,The Way I Am - Eden Prince Remix,Charlie Puth,[],0.732,0.877,1,-3.253,1,0.131,0.0991,0.0,0.103,0.65,121.998,192797,4,2,Instrumental Calm
6EBgVmfZYsUwga2MsC6bGD,Jai Jai Shree Ram,Anup Jalota,['ghazal'],0.498,0.649,1,-7.633,1,0.0396,0.771,9.23e-06,0.1,0.674,93.855,327750,4,1,Dance Party
6EGDxlqJQSlzYfR9ulaxFH,"Dil Lena Khel Hai Dildar Ka / Dialogue & Music : Laila , Majnu , Sheri , Farah (Zamaane Ko Dikhana Hai) - From ""Zamaane Ko Dikhana Hai""",R. D. Burman,['bollywood'],0.682,0.666,7,-11.793,1,0.304,0.507,0.000131,0.561,0.322,119.821,480827,4,2,Instrumental Calm
6EHj22dvh725vgRRjOH1HQ,Vrindavan Ki Galiyon Mein,Anup Jalota,['ghazal'],0.699,0.83,1,-3.28,1,0.0401,0.644,2.7e-05,0.142,0.927,150.051,293013,3,2,Instrumental Calm
6EJ5s6wCkYEkhVHiL3psZ1,La Pila De Saqiya - Live,Munni Begum,"['pop', 'ghazal', 'sufi']",0.454,0.424,5,-16.394,0,0.117,0.957,0.223,0.38,0.72,88.913,338493,4,1,Dance Party
6EJMN1wW6ciSAB57yRLErU,You Owe Me - Magnace Remix,The Chainsmokers,[],0.615,0.751,6,-4.282,0,0.0484,0.107,0.0,0.103,0.341,99.498,207320,4,2,Instrumental Calm
6EM1OnUWaNiIqIa4qz3f3G,Mujhe Dil Se,Mehdi Hassan,['sufi'],0.42,0.48,8,-8.964,0,0.0305,0.947,0.232,0.175,0.488,97.363,332160,4,1,Dance Party
6EMsxZwsgTOLgWNdxtCIzQ,Thunderclouds,Sia,[],0.691,0.716,7,-5.985,1,0.0351,0.0085,9.06e-06,0.263,0.507,112.035,187027,4,2,Instrumental Calm
6EQlsejeKUDvxDJoUAgjxC,Mehboob Mithal Mantharan,Nusrat Fateh Ali Khan,['qawwali'],0.365,0.753,7,-5.754,1,0.0873,0.106,0.0,0.421,0.609,92.147,829187,4,0,Energetic Happy
6ESWA0QULsLRVpVgslZURc,Aakhri Waqt Hai,Munni Begum,['sufi'],0.538,0.64,2,-6.382,0,0.0402,0.449,0.0,0.0824,0.555,148.978,441474,3,2,Instrumental Calm
6ETSiVuX0OPImX1ovHnCtE,Dohre Mahiye,Atta Ullah Khan Esakhelvi,['qawwali'],0.338,0.575,6,-8.316,0,0.0445,0.478,0.000209,0.465,0.291,140.363,701718,4,0,Energetic Happy
6EdJg0TXbCAwW1dXU9eBu8,Jaag Uthen Dard Purane,Nusrat Fateh Ali Khan,['qawwali'],0.425,0.847,6,-5.051,1,0.0453,0.108,5.03e-05,0.381,0.785,166.026,589004,4,0,Energetic Happy
6EqxH0njjZuuI3gFZN3Z1o,Magic - Live In Buenos Aires,Coldplay,[],0.474,0.836,9,-6.547,1,0.0618,0.0162,0.381,0.748,0.479,95.544,285840,4,0,Energetic Happy
6Et1f1yZgGgvrwh7ECaH45,Ye Na Pucho Ky Hum Kia Karenge,Nusrat Fateh Ali Khan,['qawwali'],0.398,0.599,5,-15.723,0,0.257,0.467,1.93e-06,0.726,0.592,119.864,1839987,4,3,Acoustic Chill
6FAykRtedoxrGpgMqhyQJN,Raatan,Atta Ullah Khan Esakhelvi,['qawwali'],0.707,0.738,1,-6.461,0,0.0628,0.488,0.00145,0.303,0.805,90.021,215920,4,2,Instrumental Calm
6FDFN6ObFxiRc6vJUv7sMU,Akela Hu Main,Mohammed Irfan,['bollywood'],0.611,0.7,8,-6.266,0,0.0318,0.311,1.28e-05,0.19,0.545,99.966,269349,4,2,Instrumental Calm
6FIH1e1r51sgb4vEgQGePM,Sweet Pain,Nusrat Fateh Ali Khan,['sufi'],0.539,0.173,7,-21.165,0,0.0338,0.33,0.648,0.105,0.152,74.985,375954,4,4,Rap / Spoken
6FNknL1oloCfYZ2CLIr5Ae,"Paniyon Sa Lofi Mix (From ""Paniyon Sa Lofi Mix"")",Tulsi Kumar,['bollywood'],0.5,0.342,0,-11.542,0,0.0323,0.838,0.0538,0.174,0.179,136.193,212287,4,1,Dance Party
6FRLCMO5TUHTexlWo8ym1W,Girls Like You (feat. Cardi B),Maroon 5,[],0.851,0.541,0,-6.825,1,0.0505,0.568,0.0,0.13,0.448,124.959,235545,4,2,Instrumental Calm
6FUtw3xbO0kU10j01tVsWV,O Meri Jaan,Pritam,['bollywood'],0.581,0.564,2,-6.143,0,0.0311,0.592,3.09e-06,0.117,0.31,133.953,297907,4,2,Instrumental Calm
6FluOWqqqg99zqIinlUHyZ,"Girls (feat. Cardi B, Bebe Rexha & Charli XCX) - Steve Aoki Remix",Rita Ora,[],0.675,0.794,1,-5.031,0,0.0586,0.000313,0.000356,0.0955,0.239,100.008,225600,4,2,Instrumental Calm
6FvagbkOH9lYTCxZACi743,Data De Deewne,Nusrat Fateh Ali Khan,['qawwali'],0.501,0.766,9,-11.003,1,0.0542,0.546,0.0494,0.188,0.93,92.284,1072360,4,0,Energetic Happy
6G2qV9ThNEQKwmDroKl6tW,Chale To Kat Hi Jaye Ga,Musarrat Nazir,['ghazal'],0.475,0.424,7,-10.095,0,0.0306,0.792,0.0,0.365,0.761,104.415,339560,4,1,Dance Party
6G8kHiVZ1jW7vHMPVRNZU0,Don’t Matter To Me (with Michael Jackson),Drake,[],0.826,0.318,10,-12.391,1,0.0574,0.493,0.0131,0.11,0.138,103.002,245787,4,1,Dance Party
6GLwofS4v102EXEhocu8GP,Khaani (Original Score),Rahat Fateh Ali Khan,['sufi'],0.345,0.759,1,-13.379,0,0.104,0.428,0.0,0.0966,0.41,105.932,407720,4,0,Energetic Happy
6GP4Lzs7igkABFELcIieEn,Aa Meda Jaani Ik Gal Karan,Atta Ullah Khan Esakhelvi,['sufi'],0.713,0.708,3,-7.159,0,0.0415,0.634,0.185,0.0486,0.824,138.419,500187,4,2,Instrumental Calm
6GRMKQ3RrivYgLEO6h7ebu,Stars,Marshmello,[],0.507,0.96,8,-2.619,1,0.0394,0.0132,0.971,0.0703,0.801,142.029,246761,4,4,Rap / Spoken
6GwjeSBaJ7C8yZXklaXXY1,Sunny Sunny,Yo Yo Honey Singh,['bollywood'],0.794,0.878,11,-7.502,0,0.078,0.00138,0.029,0.197,0.352,129.978,243319,4,2,Instrumental Calm
6H3W5ursDUM360EGLZ5k3Y,Jadon Vekhan Chan Charda,Atta Ullah Khan Esakhelvi,['qawwali'],0.602,0.864,1,-6.539,1,0.05,0.23,2.97e-05,0.306,0.888,120.644,447815,4,0,Energetic Happy
6HFKeEGEJGI0rIyg2r0iLo,Underneath The Mistletoe,Sia,[],0.601,0.688,5,-5.51,1,0.0322,0.0134,0.0,0.115,0.507,123.945,230187,4,2,Instrumental Calm
6HGNmGUrw9EdIjdndaF7l4,Band Hua Sara Maikhana,Nusrat Fateh Ali Khan,['sufi'],0.28,0.874,0,-3.297,1,0.125,0.104,0.0,0.609,0.702,195.252,513599,4,0,Energetic Happy
6HJlesB58G2VFRnwZZOYhu,Mera Badali Me Chhup Gaya Chand Re,Lata Mangeshkar,['bollywood'],0.418,0.175,1,-23.306,1,0.0603,0.993,0.847,0.175,0.77,77.817,128058,3,4,Rap / Spoken
6HMT7AzGA5wmn5m2t1BuZR,Lonely,Alan Walker,[],0.521,0.819,6,-7.267,0,0.0413,0.00911,0.00227,0.086,0.184,89.952,216053,4,2,Instrumental Calm
6HTcOBMCHziNhNSs8qCeIx,Tere Vari Vari Javan,Mehnaz,['ghazal'],0.6,0.343,3,-15.836,1,0.0642,0.991,0.935,0.101,0.699,98.398,231634,4,4,Rap / Spoken
6HVRvDtRGJzVtZnEsgFwf5,Aaja Ve Mahi,Hans Raj Hans,['sufi'],0.652,0.648,8,-11.624,1,0.0838,0.601,6.27e-06,0.199,0.933,110.985,308147,4,2,Instrumental Calm
6HYmG6drlX3U2eMmE2FLhz,Janam Kahin Na Jaya Karo Janam,R. D. Burman,['bollywood'],0.435,0.67,9,-8.372,0,0.057,0.703,5.13e-06,0.116,0.782,119.018,257364,4,0,Energetic Happy
6HaW5rAekc3jBnbwqgZ428,İstanbul,Yekta Hakan Polat,['sufi'],0.46,0.316,2,-9.692,0,0.0443,0.969,0.563,0.119,0.419,80.135,291550,4,4,Rap / Spoken
6Hgh47WXVKtXN5zGOu0hjI,OTW,Khalid,[],0.652,0.678,2,-6.183,1,0.0541,0.183,3.26e-05,0.106,0.28,72.989,263014,4,2,Instrumental Calm
6Hj9jySrnFppAI0sEMCZpJ,Robbery,Juice WRLD,[],0.685,0.692,2,-5.122,1,0.0457,0.328,0.0,0.153,0.578,159.966,240051,5,2,Instrumental Calm
6HjHViEsMt0Z6RbebHgpKI,Alemler Nura Garkoldu,Hakan Bayraktar,['sufi'],0.392,0.412,0,-8.628,1,0.0416,0.908,0.00035,0.0479,0.308,102.993,317324,4,1,Dance Party
6IGqbY4eC5ZtjcPOf0HEig,"Sai Darshan Se Noor (From ""Sai Amrit"")",Anuradha Paudwal,['ghazal'],0.586,0.541,4,-6.474,1,0.0321,0.756,0.000287,0.163,0.583,97.73,356532,4,1,Dance Party
6IHtZwxyNEs32xUGYtYnwi,Im Back (2023 Remastered),Sajjad Ali,['sufi'],0.716,0.696,10,-9.462,1,0.186,0.134,0.00176,0.152,0.408,137.63,282000,5,2,Instrumental Calm
6IRJKDGF1rEF87xYaLMDri,Yeh Raat Piya Milan Ki,Farida Khanum,['sufi'],0.518,0.68,4,-8.477,0,0.0337,0.669,0.000343,0.25,0.624,87.38,268747,4,0,Energetic Happy
6IRdLKIyS4p7XNiP8r6rsx,all the good girls go to hell,Billie Eilish,[],0.741,0.447,8,-9.015,0,0.388,0.316,0.121,0.187,0.551,184.98,168840,4,2,Instrumental Calm
6IRjh81rQ1aMyHUrs9QFiZ,Taveez,Yasser Desai,['bollywood'],0.521,0.532,0,-6.956,1,0.0301,0.71,0.0,0.105,0.386,139.992,206910,4,1,Dance Party
6IS1zMLVwzhE8ptBykgoHJ,Akhiyan Rondiyan,Rahat Fateh Ali Khan,"['bollywood', 'qawwali']",0.529,0.737,10,-5.91,0,0.0397,0.151,0.0,0.161,0.29,135.763,367059,4,2,Instrumental Calm
6IaieqiCVvsNvEt6Y7yOFa,Ball For Me (feat. Nicki Minaj),Post Malone,[],0.792,0.56,9,-4.125,1,0.225,0.493,0.0,0.0849,0.505,134.044,206267,4,2,Instrumental Calm
6Id5RM56PFn2hB4I0ox0WA,Look What I Found,Lady Gaga,[],0.849,0.493,1,-4.1,0,0.0417,0.456,0.000463,0.133,0.447,97.012,175240,4,2,Instrumental Calm
6Iee3O1zZWJ334U4PI0a96,Milke Bichre Ho Tum,Rizwan-Muazzam Qawwali,['qawwali'],0.392,0.886,8,-9.565,1,0.0511,0.0451,4.28e-05,0.359,0.882,91.354,963715,4,0,Energetic Happy
6Iog4lmk14dVm97ZAokg17,One Kiss (with Dua Lipa) - King Britt Remix,Calvin Harris,[],0.639,0.741,4,-6.841,0,0.0488,0.000458,0.0709,0.119,0.412,125.0,364782,4,2,Instrumental Calm
6J0cYkIy6FAcBvV5rEenHx,Kala Murati,Sadhana Sargam,['bollywood'],0.541,0.454,4,-11.245,1,0.0372,0.74,3.69e-05,0.177,0.814,149.814,301933,3,1,Dance Party
6J1kIyXuTT8BBMokOD0ubi,Hey Tripurari Hey,Usha Mangeshkar,['bollywood'],0.606,0.552,8,-5.011,1,0.0369,0.825,2.14e-06,0.0927,0.611,122.159,200819,4,1,Dance Party
6J4oM5IZgVK3ozuouJrOaq,Jabse Tum-ne Mujhe Ghazal - Hakim Nasir,Abida Parveen,['ghazal'],0.502,0.382,4,-15.296,1,0.0726,0.679,0.000279,0.704,0.597,131.432,804804,3,1,Dance Party
6J9rahtGREbIvYxTVXLj90,Tum Ek Gorakh Dhanda Ho,Nusrat Fateh Ali Khan,['sufi'],0.535,0.764,6,-6.867,1,0.0726,0.381,0.0,0.318,0.823,107.729,1817448,4,3,Acoustic Chill
6JFeNSZTLUDQ9uTsKExNMR,"Kitni Chahat Chupaye Baitha - From ""Himmatwar""",Sadhana Sargam,['bollywood'],0.507,0.746,3,-10.295,1,0.0334,0.569,0.000191,0.114,0.888,92.657,246491,4,0,Energetic Happy
6JPUEloc0qDkustwyWHEpN,Havana - Live,Camila Cabello,[],0.641,0.776,0,-5.176,0,0.0359,0.114,0.000134,0.362,0.419,104.956,248572,4,2,Instrumental Calm
6JSoqwgQb6VWRJup6bjbMF,Mharo Desh Mahaan,Kailash Kher,['sufi'],0.646,0.709,6,-4.134,0,0.0295,0.496,0.0,0.14,0.542,109.01,346286,4,2,Instrumental Calm
6JTs1SyBTa6pEoGeFA9roy,Je Toon Rab Nahin Te Rab Das,Nusrat Fateh Ali Khan,['qawwali'],0.502,0.746,1,-5.727,1,0.0623,0.752,0.000144,0.661,0.682,119.288,837953,4,0,Energetic Happy
6JUnflvdkYvbzsp6zWpaCZ,What Christmas Means to Me (feat. Stevie Wonder),John Legend,[],0.618,0.828,10,-4.513,1,0.0634,0.21,0.0,0.09,0.84,84.987,161333,4,2,Instrumental Calm
6JWX7D2qeymRLzPOvbMK6g,Dost Milte Hai - Jhankar,Kumar Sanu,['bollywood'],0.521,0.983,10,-3.047,0,0.134,0.0846,0.000129,0.388,0.638,170.041,292693,4,0,Energetic Happy
6JWpBPDhCLjXZOtV5CijBv,Kaun Hoon Main - Dance Mix,Atif Aslam,"['bollywood', 'sufi']",0.661,0.923,11,-5.778,0,0.0354,0.00621,0.301,0.208,0.719,125.03,304107,4,2,Instrumental Calm
6JcapnANDACcO8IY11ZZ6a,Jheel Mein Chand Nazar Aaye,Pankaj Udhas,['ghazal'],0.533,0.42,4,-7.892,1,0.0294,0.854,0.00387,0.143,0.354,89.662,305987,4,1,Dance Party
6JjMcOqNCxDoUn3COiOh8i,Samjhina,Dhiraj Rai,['pop'],0.62,0.415,7,-12.124,1,0.0351,0.273,3.66e-06,0.121,0.563,141.442,333240,4,2,Instrumental Calm
6K4BS6dFMLGyCeoQgGxADY,"Oh My Love (from ""Sham e Mohabbat"")",Nahid Akhtar,['ghazal'],0.501,0.742,5,-5.514,0,0.0422,0.83,0.00518,0.236,0.507,110.095,284333,4,0,Energetic Happy
6KAlU9IUX2FePJFKZdzk4A,"Dheere Dheere (From ""Dheere Dheere"")",Yo Yo Honey Singh,['bollywood'],0.73,0.58,0,-7.976,1,0.124,0.0399,2.48e-05,0.0703,0.55,167.915,212413,4,2,Instrumental Calm
6KBYefIoo7KydImq1uUQlL,Bodak Yellow,Cardi B,[],0.926,0.703,11,-6.337,0,0.103,0.0659,0.0,0.231,0.485,125.022,223713,4,2,Instrumental Calm
6KtNLc95StBKfOmFDAoTwi,Kali Kali Zulfon Ke Phande Na,Nusrat Fateh Ali Khan,['qawwali'],0.4,0.694,3,-8.486,1,0.0621,0.573,0.0,0.874,0.727,153.902,859345,3,0,Energetic Happy
6KxDqOg5Deg3gxOUoHM0DF,Lohi Lohi Ve,Shahid Ali Khan,['qawwali'],0.473,0.882,6,-10.316,1,0.0757,0.171,0.22,0.0908,0.72,69.319,872460,4,0,Energetic Happy
6Kz0Q5wiaHzpr6VQW0iwxH,Man Mein Bhakti Jagayi,Anup Jalota,['ghazal'],0.409,0.583,8,-7.092,1,0.0406,0.8,0.0,0.119,0.54,144.615,304980,3,1,Dance Party
6L1W0oHkXXDYdVCTLUqUVq,Bekaran Tanhaiyon Ka Silsila Rah Jayega,Ghulam Ali,['sufi'],0.412,0.521,0,-10.458,1,0.031,0.485,1.86e-05,0.296,0.593,146.709,435386,1,0,Energetic Happy
6L407C3dGGBP2mpiNiXQOd,Dil Parwar Hota Hai,Shazia Manzoor,['ghazal'],0.689,0.538,5,-10.291,1,0.0468,0.11,4.66e-06,0.323,0.889,82.04,373240,4,2,Instrumental Calm
6L7ybuD6g87FJGFR3JTMGp,Peji Koyina Nishani - Live,Chandan Dass,['bollywood'],0.286,0.823,4,-8.761,0,0.0992,0.554,1.22e-05,0.895,0.663,175.021,358893,4,0,Energetic Happy
6LAtle5Z8BgG8tAntmPAeu,Suhani Raat Dhal Chuki Na Jaane Tum Kaha,Lata Mangeshkar,['bollywood'],0.351,0.115,3,-18.685,1,0.0327,0.856,0.000212,0.327,0.238,88.153,297000,4,1,Dance Party
6LJSVq3PcWXd8ogmmNN4e6,Chan Chana Chan,Naseebo Lal,['sufi'],0.667,0.844,0,-6.359,1,0.218,0.212,0.0148,0.31,0.851,176.139,316399,3,2,Instrumental Calm
6LOOjm9vsrq1TDMb3Czeq0,Kase Kahoon Man Ki Baat,Sudha Malhotra,['ghazal'],0.348,0.756,2,-12.219,0,0.175,0.823,0.00114,0.0555,0.742,108.765,312200,4,0,Energetic Happy
6LPNzApcGUjRdvMR6oE6ei,Awaara,Badshah,['bollywood'],0.741,0.469,1,-5.73,1,0.0351,0.785,2.07e-05,0.306,0.606,92.005,194552,4,1,Dance Party
6LXMUR2rpxFBDo6nilS3yX,Cool Out,Imagine Dragons,[],0.636,0.718,1,-4.833,0,0.0313,0.00483,6.51e-06,0.292,0.437,143.929,217867,4,2,Instrumental Calm
6LgEeQf4gKWLxlHXXAREu8,Rim Jhim Sawan,Ghulam Ali,['bollywood'],0.624,0.958,10,-4.227,1,0.0817,0.676,0.000278,0.122,0.658,98.088,278708,4,2,Instrumental Calm
6Lh9vY35jyCQKC6flaiIBl,Tugan İlim,Oruç Güvenç ve Tümata,['sufi'],0.653,0.382,5,-8.142,1,0.0463,0.921,0.00677,0.0965,0.738,77.289,165581,4,1,Dance Party
6LjDmdWx2x3VE0oXVy0qmL,Thoda Lutf Thoda Ishq,Labh Janjua,['bollywood'],0.801,0.89,11,-5.087,1,0.093,0.382,2.13e-06,0.0983,0.667,134.901,264024,4,2,Instrumental Calm
6LkawpJyy0TZJ6Z41gMVyy,The Bees Knees,Juice WRLD,[],0.427,0.724,0,-4.751,1,0.0844,0.125,0.0,0.749,0.289,140.029,325810,4,0,Energetic Happy
6LzJESHfI1cix6kihuqvOG,Bujhi Hui Shama Ka Dhuan Hoon,Nusrat Fateh Ali Khan,['qawwali'],0.36,0.857,7,-5.916,1,0.162,0.263,1.27e-06,0.363,0.47,90.526,1188438,4,0,Energetic Happy
6LzKYbonOgSLWE23xdTQtJ,Yeh To Nahin Ke Gham Nahin,Chitra Singh,['ghazal'],0.643,0.285,5,-19.505,0,0.0331,0.68,9.65e-05,0.16,0.73,109.168,256013,3,1,Dance Party
6M83vEHQqkC0y5QMv5aZKx,Sacrament Pak Khidmat,Mehnaz,['ghazal'],0.654,0.675,0,-12.011,1,0.0369,0.36,0.0526,0.115,0.718,108.745,432072,4,2,Instrumental Calm
6M8H7rYjbnQgJGp6rybvrV,Phir Na Milen Kabhi,Ankit Tiwari,['bollywood'],0.244,0.434,8,-9.509,1,0.033,0.237,9.06e-06,0.114,0.248,163.737,299281,4,0,Energetic Happy
6MC9ToZnKgEWTlPpsmaTE9,Tera Kisne Kiya Shringaar Saware,Anuradha Paudwal,['ghazal'],0.416,0.799,1,-4.849,1,0.0547,0.609,0.0,0.135,0.591,74.803,396713,4,0,Energetic Happy
6MIluvL6gYo0X1gC8emD9q,Le chanteur,Grégory Lemarchal,['pop'],0.761,0.579,9,-8.739,1,0.0695,0.0323,0.0,0.0992,0.494,128.077,212600,4,2,Instrumental Calm
6MWtB6iiXyIwun0YzU6DFP,Wow.,Post Malone,[],0.833,0.539,11,-7.399,0,0.178,0.163,2.1e-06,0.101,0.385,99.947,149520,4,2,Instrumental Calm
6MXCDy1exjgkHYqfi5NPrp,Happy Now - MXXWLL Remix,Zedd,[],0.509,0.6,2,-8.443,1,0.316,0.47,0.00315,0.312,0.294,110.377,126387,4,2,Instrumental Calm
6MdPGT6rQPg11v4J01oHz4,Jai Sadguru Jai Jai Sainath,Anup Jalota,['ghazal'],0.629,0.411,8,-12.134,0,0.0382,0.806,0.0,0.15,0.862,103.274,923611,4,1,Dance Party
6MjNilJCVKJq0LfFvo5jWJ,Fast,Juice WRLD,[],0.623,0.608,1,-5.937,0,0.0434,0.426,0.0,0.105,0.263,84.98,208518,4,2,Instrumental Calm
6MlGqWzDiLkZ0vmAEsisEk,The Calm,Drake,[],0.471,0.784,11,-8.25,0,0.883,0.819,1.13e-05,0.107,0.258,160.833,243724,4,3,Acoustic Chill
6N7hGzlovZFQVxucsTV0mM,Yeh Sab Tumhara Karam Hai,Sabri Brothers,['qawwali'],0.465,0.826,7,-9.735,1,0.153,0.558,0.0,0.425,0.642,101.923,862276,4,0,Energetic Happy
6NHPeaQ2EGsefLs9LH7H29,Gulon Main Rang,Mehdi Hassan,['bollywood'],0.341,0.432,8,-12.032,1,0.0446,0.76,0.88,0.163,0.516,73.149,307160,4,4,Rap / Spoken
6NL23pk9znME4kS1P1We0G,The Last Supper,John Legend,[],0.438,0.466,7,-9.367,1,0.0524,0.358,0.0,0.0935,0.194,134.8,430853,4,1,Dance Party
6NMtzpDQBTOfJwMzgMX0zl,SKELETONS,Travis Scott,[],0.46,0.686,0,-5.948,0,0.0367,0.00146,0.0,0.375,0.252,148.054,145588,4,2,Instrumental Calm
6NNGM34H6n4Y1nWAFaiseH,Mann Shiv Mein Aisa Rama Hai,Anup Jalota,['ghazal'],0.531,0.764,8,-7.553,0,0.0411,0.736,3.04e-06,0.102,0.636,95.109,360427,4,0,Energetic Happy
6NQI7Eddom7GnNaj6gFZnx,Awa Awa,Wes,['pop'],0.571,0.602,0,-9.439,1,0.0348,0.0926,3.31e-05,0.104,0.431,87.995,267867,4,2,Instrumental Calm
6NwhtCYkfwWlcR62Ac4E7y,Successful (feat. Trey Songz & Lil Wayne),Drake,[],0.562,0.544,8,-5.065,1,0.369,0.536,0.0,0.17,0.231,159.517,375050,4,2,Instrumental Calm
6NxLdVMFTwc4SfR8TCJzNi,Konja Naal Poru,Hariharan,['ghazal'],0.822,0.713,2,-10.187,1,0.0532,0.142,1.91e-06,0.274,0.754,106.206,310632,4,2,Instrumental Calm
6O03JZCU4Hf3w1iICpXchE,Tere Warga Na Koi,Salim–Sulaiman,['bollywood'],0.32,0.546,7,-5.811,1,0.0607,0.612,4.9e-05,0.08,0.158,147.988,240000,4,0,Energetic Happy
6O28MB5f6wXtzacv8OmY9W,Kadhihi Nahi,Anuradha Paudwal,['bollywood'],0.414,0.307,11,-10.626,1,0.0395,0.968,3.01e-05,0.227,0.637,179.641,282613,4,1,Dance Party
6OCM5mrbx52O2rQheAKITX,"Tujhe Kitna Chahne Lage (From ""Kabir Singh"")",Arijit Singh,['bollywood'],0.427,0.396,11,-7.556,1,0.0366,0.736,0.0,0.11,0.306,70.368,284780,4,1,Dance Party
6OEHjJJvdkk1Ln0p0AZdyz,Girls Like You,Maroon 5,[],0.611,0.462,0,-7.054,1,0.0646,0.558,1.01e-06,0.131,0.377,59.635,215230,4,1,Dance Party
6OaVWaGfhXn70ZJfdVcabn,NO BYSTANDERS,Travis Scott,[],0.731,0.811,1,-3.225,1,0.0712,0.0204,0.0,0.411,0.426,147.045,218284,4,2,Instrumental Calm
6Odk3zpU99xCohWYCcybvm,Aap Aaye Qarar Bhi,Mehnaz,['ghazal'],0.392,0.38,7,-13.636,1,0.0315,0.932,0.146,0.12,0.515,134.72,259133,3,1,Dance Party
6OsvzcUzgWciqwFAdRLAtA,Nikriz Taksimi (Tambur),Kani Karaca,['sufi'],0.559,0.19,4,-16.119,1,0.0913,0.978,0.87,0.107,0.409,135.531,142362,1,4,Rap / Spoken
6P19z3gyCmC3XLZHokm2yG,Har Qadam Har Gharri - Female Vocals,Salma Agha,['ghazal'],0.358,0.727,4,-8.604,0,0.0499,0.741,0.00018,0.191,0.603,82.119,301588,4,0,Energetic Happy
6PNG5G1v7pU74I13KkvAIo,Felices los 4 - Salsa Version,Maluma,[],0.752,0.802,5,-5.179,1,0.0421,0.39,0.0,0.145,0.833,95.541,242373,4,2,Instrumental Calm
6PRRtV3xjYHkAD1Rj9KOnX,Pa Japhian Dildar Ve Ghut Ghut Pa,Naseebo Lal,['sufi'],0.707,0.791,1,-6.861,1,0.0525,0.404,0.000898,0.285,0.777,131.017,278109,4,2,Instrumental Calm
6Pce5yn5oOSDB6hZm8Ou2U,In My Blood - Acoustic,Shawn Mendes,[],0.57,0.519,5,-5.671,1,0.0309,0.733,0.0,0.139,0.24,139.701,212933,4,1,Dance Party
6Pj6J36UHBOOXDrJfWWSgJ,Be Together,Major Lazer,[],0.497,0.627,6,-6.141,0,0.0319,0.00142,0.0,0.619,0.193,79.93,233011,4,2,Instrumental Calm
6PoMqrXFClkm0fgZqqjMwU,Main Peer Manawan,Badar Ali Khan,['qawwali'],0.545,0.86,4,-6.493,0,0.0539,0.229,1.82e-06,0.219,0.784,126.52,899112,4,0,Energetic Happy
6QNFQJKlZUKr0xlGZ74CZJ,Rich And Blind,Juice WRLD,[],0.638,0.624,10,-5.37,1,0.0798,0.0102,0.0,0.0944,0.445,159.937,228720,4,2,Instrumental Calm
6QfS2wq5sSC1xAJCQsTSlj,Shallow - Radio Edit,Lady Gaga,[],0.575,0.33,7,-6.557,1,0.031,0.416,0.0,0.0872,0.277,95.801,217213,4,1,Dance Party
6QpAORaEuGGwRGd063ZcQ9,Tauba Tauba,Anand Raj Anand,['bollywood'],0.688,0.765,4,-4.375,0,0.0284,0.0292,0.000173,0.391,0.649,117.976,203509,4,2,Instrumental Calm
6Qs4SXO9dwPj5GKvVOv8Ki,Dancing With A Stranger (with Normani),Sam Smith,[],0.741,0.52,8,-7.513,1,0.0656,0.45,1.97e-06,0.222,0.347,102.998,171030,4,2,Instrumental Calm
6R6zKm6enXeZd7tDhugCuD,Alaska,Jorma Lyytinen,['pop'],0.727,0.457,11,-9.649,0,0.0442,0.936,2.34e-05,0.197,0.973,119.583,106118,4,1,Dance Party
6R8gNdb61bgGcL1mh8QrZ5,Raatein,Jal,['sufi'],0.645,0.849,0,-6.393,1,0.0493,0.123,0.00421,0.0911,0.575,114.002,271200,4,2,Instrumental Calm
6R9NbWh2jhvBYBsTNUWlYz,Assi Trendsetter,Meet Bros.,['bollywood'],0.721,0.829,9,-4.359,1,0.147,0.377,0.0,0.0614,0.637,174.075,193103,4,2,Instrumental Calm
6RIQKgqOqq2Wn5UHQdCccL,Use Mil Gaye Dono Jahan,Rais Anis Sabri,['qawwali'],0.726,0.61,8,-11.376,1,0.0358,0.354,0.0,0.124,0.962,114.055,900027,4,2,Instrumental Calm
6RJ27uQVEIaWkj5AVOocaH,Jaane Ya Ali Ali Ali,Rahat Fateh Ali Khan,"['sufi', 'qawwali']",0.461,0.7,5,-14.373,1,0.094,0.00471,0.00142,0.33,0.926,132.255,902327,4,0,Energetic Happy
6ROZvoOepMeAgNBdHm4iHM,Ek Nagma Ek Tara,Ghulam Ali,"['ghazal', 'sufi']",0.509,0.396,5,-11.409,0,0.0322,0.627,0.00213,0.129,0.535,101.114,442000,4,1,Dance Party
6RP88NAOaMB37poSv12s4v,Tuljamatena Prasad Dila,Anuradha Paudwal,['ghazal'],0.62,0.273,8,-19.118,0,0.117,0.975,0.539,0.321,0.739,173.418,342400,3,4,Rap / Spoken
6RY3fgecjSzDBTvkcfM0sd,"Dhoon : Shrinathji, shrinathji",Jagjit Singh,['sufi'],0.446,0.638,11,-9.525,1,0.0455,0.687,0.0,0.17,0.657,133.308,382520,4,0,Energetic Happy
6Rg7kcomc6fVJcUVgwcROJ,Jeeta Hoon Jiske Liye,Kumar Sanu,['bollywood'],0.511,0.737,1,-11.435,0,0.044,0.514,8.42e-05,0.0771,0.722,145.763,401053,3,0,Energetic Happy
6RnkFd8Fqqgk1Uni8RgqCQ,Like I Do,David Guetta,[],0.635,0.9,0,-3.719,0,0.0377,0.00664,0.0145,0.37,0.15,127.978,202500,4,2,Instrumental Calm
6RnlfebjTdc4lYvj96mlM6,Chola Chikne Da - Live,Atta Ullah Khan Esakhelvi,['sufi'],0.479,0.567,10,-10.704,0,0.291,0.201,0.0,0.285,0.821,120.45,324340,4,0,Energetic Happy
6RwItmrghYNHRxjgMJTgA1,Tera Mera Rishta,Tanishk Bagchi,['bollywood'],0.613,0.709,3,-5.688,1,0.0333,0.469,0.0,0.141,0.44,119.947,292000,4,2,Instrumental Calm
6S5PjXy1mmSroQ7JBp8DSR,Trader,Govrache,"['pop', 'folk']",0.456,0.734,7,-8.767,1,0.424,0.674,0.000193,0.105,0.23,165.441,244333,4,0,Energetic Happy
6SG3CeoAtxWCCsnozTjHEE,Dil Ki Basti,Rais Anis Sabri,['qawwali'],0.4,0.87,8,-1.549,1,0.0396,0.689,6.74e-06,0.102,0.837,139.527,1022490,3,0,Energetic Happy
6SLMyJPRTh2zCX9SJJHTZQ,Written In The Stars,John Legend,[],0.612,0.519,9,-5.568,1,0.0391,0.478,0.0,0.189,0.537,80.882,231341,4,2,Instrumental Calm
6SO2B20EiQUfC2IUhhlUmC,Dum Mast Qalandar,Badar Ali Khan,['qawwali'],0.675,0.944,7,-9.438,1,0.0422,0.168,5.16e-06,0.262,0.866,105.018,355892,4,2,Instrumental Calm
6SRXZVq6ropG6cKmAdnyz5,Ab To Sharaab Peejiye,Talat Aziz,['bollywood'],0.764,0.54,5,-14.221,0,0.0529,0.601,0.0,0.0991,0.85,100.111,286773,4,1,Dance Party
6SWANrKvQwaf3Le7RuTsjr,"Pure Di Hawa Chale (From ""Qanoon Apna Apna"")",Noor Jehan,['ghazal'],0.609,0.769,4,-5.249,1,0.0477,0.687,0.000896,0.257,0.851,117.721,300017,4,0,Energetic Happy
6SYwJcqaltK2WFRmD1unUV,Delicate - Sawyr And Ryan Tedder Mix,Taylor Swift,[],0.692,0.552,0,-7.41,1,0.0407,0.0242,0.000671,0.0955,0.247,102.001,184282,4,2,Instrumental Calm
6SkHm6poyKfzV6kc9any8k,Suncity (feat. Empress Of),Khalid,[],0.694,0.63,7,-6.84,0,0.162,0.0998,0.000635,0.12,0.341,90.045,189493,4,2,Instrumental Calm
6SrFbUqJt2MVSFbh0GDH2j,Kinna Sohna Tainu,Nusrat Fateh Ali Khan,"['sufi', 'qawwali']",0.461,0.706,8,-9.142,1,0.0812,0.135,0.000123,0.674,0.779,110.394,578061,4,0,Energetic Happy
6T2aLfDchx4eBXDHNky8my,Gel Meclisi Uşşak'a,Fatih Koca,['sufi'],0.52,0.533,5,-14.086,1,0.0557,0.654,0.00426,0.112,0.527,179.981,277630,4,1,Dance Party
6TFHaPiiEfP1v9ny9Di7FH,Main Hoon Tera Aashiq,Shahid Ali Khan,['qawwali'],0.523,0.776,8,-5.827,1,0.0371,0.646,0.000573,0.104,0.848,154.809,386110,4,0,Energetic Happy
6TFr1fKugaFyGF7hzH2XQo,Waka Waka (This Time for Africa),Shakira,[],0.762,0.878,11,-6.398,0,0.118,0.00604,0.0,0.0806,0.722,126.995,203693,4,2,Instrumental Calm
6TapyDFlRUlZ4cmIaqJx4k,Slow It Down,Charlie Puth,[],0.733,0.754,0,-3.392,0,0.0593,0.264,0.0,0.131,0.849,115.024,190053,4,2,Instrumental Calm
6TgLQJ87xq6adrAU6HzaTW,Giant (with Rag'n'Bone Man) - Robin Schulz Remix,Calvin Harris,[],0.544,0.88,1,-4.917,0,0.245,0.0634,0.0159,0.453,0.491,126.06,193297,4,0,Energetic Happy
6TsLHtZCvDrryRsNrePl9p,Meri Aankhon Mein,Anuradha Paudwal,['bollywood'],0.474,0.26,7,-13.008,1,0.0403,0.899,0.0291,0.142,0.292,144.232,330732,4,1,Dance Party
6Tvzf3VEi16JMhAgOwdt2y,Birds,Imagine Dragons,[],0.649,0.517,1,-7.428,0,0.0297,0.0146,1.63e-06,0.145,0.35,119.997,219440,4,2,Instrumental Calm
6UMMzy01qBwWZ8dJcy3YGE,Loyal,Major Lazer,[],0.81,0.584,5,-6.271,1,0.0653,0.126,0.0,0.0679,0.841,99.981,185625,4,2,Instrumental Calm
6UNFgpBdyIAUTFD92yAQza,Puchda Hi Nahin,Neha Kakkar,['bollywood'],0.879,0.663,0,-3.874,0,0.066,0.343,2.04e-05,0.0959,0.552,109.971,175454,4,2,Instrumental Calm
6UWh0W1r01xvQo9EJpzpBI,Muk Gaye Ne Hanju,Noor Jehan,['ghazal'],0.464,0.385,5,-9.897,0,0.0307,0.958,1.75e-06,0.339,0.452,110.324,203004,4,1,Dance Party
6UZAB6LiAROxkPHVx6RnVD,Sajna Ne Phool Marya,Sukhwinder Singh,['bollywood'],0.482,0.615,7,-7.549,0,0.04,0.808,0.00105,0.141,0.622,81.87,360933,4,1,Dance Party
6UgcN95w7vQxkR8sEFmwHG,Chahun Main Ya Naa,Palak Muchhal,['bollywood'],0.645,0.517,9,-6.708,0,0.0273,0.522,3.27e-06,0.0905,0.259,106.906,304900,4,2,Instrumental Calm
6UnLRaw0n7Esvq7byKTnwI,P2,Caza,['pop'],0.877,0.877,6,-6.181,0,0.167,0.0222,0.00999,0.355,0.715,120.08,122405,4,2,Instrumental Calm
6UoOmfd0nBCCrMFlW7TB5W,Kopuz / Kemençe Emprovizasyon,The Secret Ensemble,['sufi'],0.429,0.107,5,-18.255,0,0.0517,0.967,0.338,0.0865,0.374,71.354,168739,4,1,Dance Party
6Us6yScEbcwJ5SBENq7duJ,Ağır Aksak Semai (Tahirbuselik Takım: Hacı Faik Bey),Kani Karaca,['sufi'],0.256,0.464,9,-5.462,0,0.049,0.956,0.0225,0.0946,0.384,78.545,211416,4,1,Dance Party
6UunFFvx4RHzOKUwegE7fc,Jo Beet Chuki So Beet Chuki,K. L. Saigal,['ghazal'],0.492,0.278,8,-9.284,1,0.037,0.993,0.187,0.149,0.279,95.223,193277,4,1,Dance Party
6V6kFoPKae8TiNC5ifsacK,พิษรัก,Orrawee Sajjanon,['pop'],0.469,0.179,2,-15.061,0,0.038,0.742,0.00508,0.088,0.157,67.958,224987,4,1,Dance Party
6V8xe8WDFmPmb7tWHhIocZ,Ek Pardesi Mera Dil Le Gaya (From ''Phagun''),Mohammed Rafi,['bollywood'],0.544,0.583,6,-11.007,1,0.0602,0.762,0.0,0.602,0.882,119.234,233615,4,1,Dance Party
6VFHT0xMGcX3sJkRfp6Z5Z,Yeh Hai Maikada Yahan Rind Hain,Munni Begum,"['ghazal', 'sufi']",0.605,0.698,11,-7.087,0,0.0448,0.26,1.6e-05,0.29,0.835,94.099,383475,4,2,Instrumental Calm
6VMlXEVnaAR1vpRzLyeeL9,Nit Khair Manga Sohneya,Rahat Fateh Ali Khan,['qawwali'],0.416,0.658,5,-11.677,1,0.0476,0.0875,0.0,0.0457,0.962,112.755,496930,4,0,Energetic Happy
6VY083qasCr0kgI2DBNIXe,Jogi Tu Akele Na Ja,Asha Bhosle,['bollywood'],0.51,0.0252,2,-19.939,1,0.0609,0.995,0.812,0.111,0.342,70.437,221437,5,4,Rap / Spoken
6VjT6jJN3CGkDqW0woWG2v,"Mary, Did You Know?",Dolly Parton,['pop'],0.355,0.382,10,-9.257,0,0.0378,0.784,0.0,0.123,0.261,95.994,266506,4,1,Dance Party
6VjmSo8nck1qQIzFunlRT8,End Game,Taylor Swift,[],0.654,0.588,0,-6.208,1,0.0541,0.00852,0.0,0.108,0.155,158.977,245107,4,2,Instrumental Calm
6VrCmhRBFnuGKmtNfk4jDs,Spotlight,Marshmello,[],0.546,0.822,7,-4.483,1,0.151,0.0145,0.0,0.742,0.615,150.06,177600,4,0,Energetic Happy
6VxVPe9SRlAbldMLzEm1aP,Balyathil,Sreeram,['bollywood'],0.411,0.529,7,-8.072,0,0.0513,0.354,4.37e-06,0.113,0.619,77.063,352157,4,0,Energetic Happy
6W7COGI59TucEMTXCZVxF1,Maula Ali Da Palla Phar Lay,Nazir Ejaz Faridi Qawwal,['qawwali'],0.513,0.894,5,-6.182,0,0.152,0.639,7.16e-05,0.193,0.601,130.27,860682,4,0,Energetic Happy
6WA4B80v3gyyHTTlqsH8HT,Severiz Biz Pirimizi,Mehmet Kemiksiz,['sufi'],0.655,0.419,6,-6.027,1,0.0321,0.766,7.44e-05,0.0839,0.274,122.014,226821,3,1,Dance Party
6WCul43tiBuDYi77uQI90U,Phiron Dhondta,Rahat Fateh Ali Khan,['qawwali'],0.39,0.823,2,-6.18,0,0.0323,0.0284,0.00226,0.226,0.848,151.738,591958,4,0,Energetic Happy
6WHIpkwi5WcDE8XuAbKZLJ,Born To Run Anthem,Siddharth Mahadevan,['bollywood'],0.608,0.886,9,-7.927,0,0.0606,0.0498,0.000227,0.106,0.164,123.92,223269,4,2,Instrumental Calm
6WIw9nQccbYedjKOPS1DTj,Namonishan,Nikhita Gandhi,['bollywood'],0.503,0.631,9,-5.605,0,0.0324,0.139,0.0,0.267,0.273,131.982,260000,4,2,Instrumental Calm
6WK7h2WfMmnX7zOZnfzoYo,I Like It - Dillon Francis Remix,Cardi B,[],0.731,0.854,5,-4.635,0,0.149,0.00256,1.49e-05,0.386,0.651,150.163,219200,4,2,Instrumental Calm
6WTSUZt1oUVCEpCeS7lyiM,Hum Tere Shahar Me Aaye Hai,Ghulam Ali,['sufi'],0.573,0.558,10,-9.808,0,0.032,0.773,0.000599,0.176,0.715,109.21,426160,4,1,Dance Party
6WVHotTBHCfpWaBD14sEkC,I'M DOWN,Meghan Trainor,[],0.571,0.733,2,-4.196,1,0.0386,0.0291,0.0,0.0987,0.565,104.09,196204,4,2,Instrumental Calm
6WikVXWJjH1rko54jGiZGs,Hum Bhool Gaye Har Baat,Naseem Begum,['ghazal'],0.461,0.242,1,-11.605,1,0.0364,0.994,0.347,0.129,0.62,103.087,205173,4,1,Dance Party
6WkJVR6Pw8vzMq0nk8PFph,Woh Hata Rahe Hain Pardah,Nusrat Fateh Ali Khan,['qawwali'],0.416,0.894,1,-7.157,0,0.0689,0.327,5.54e-05,0.858,0.76,108.055,474907,4,0,Energetic Happy
6WsI27BL43Qg8MMEc40m2L,Gham-e-Zindagi Se Guzar Gaye,Abida Parveen,['sufi'],0.444,0.547,1,-6.203,1,0.0367,0.866,0.0,0.152,0.55,130.677,365349,3,1,Dance Party
6WxIGhbrNjA1q0WueSg9k2,Main Talkhiye Hayaat Se,Nusrat Fateh Ali Khan,['qawwali'],0.345,0.396,5,-16.413,0,0.0682,0.525,0.000113,0.0757,0.646,93.798,355082,4,1,Dance Party
6X29iaaazwho3ab7GNue5r,8,Billie Eilish,[],0.753,0.237,3,-13.426,1,0.246,0.742,0.00828,0.107,0.474,62.442,173202,4,1,Dance Party
6X8pb6mqr2e9qlvTf1oOPw,Dholki,Adnan Sami,['bollywood'],0.475,0.642,5,-14.29,0,0.33,0.316,0.000408,0.0701,0.892,187.596,348347,3,0,Energetic Happy
6XMlt1uybzDrJWGuMs50Vy,Aake Sajjada Nashin - Live,Mehdi Hassan,['ghazal'],0.334,0.528,6,-10.719,1,0.0664,0.896,0.131,0.596,0.421,77.358,901027,4,3,Acoustic Chill
6XNd6RNcrGQ9ZWZlti9lpt,Kho Na Jaye Kahin,Talat Aziz,"['ghazal', 'bollywood']",0.529,0.308,8,-13.825,1,0.0313,0.558,8.36e-05,0.317,0.426,136.91,355787,3,1,Dance Party
6XOChHsyljQw59ocqB8VOw,Jaana Ve,Arijit Singh,['bollywood'],0.557,0.716,10,-6.884,0,0.0459,0.643,1.05e-05,0.0986,0.611,159.943,333254,4,2,Instrumental Calm
6XYQ4Gi50vuYeGP4BKRYNB,Nache Nagin Gali Gali - LoFi Flip,Sadhana Sargam,['bollywood'],0.607,0.499,5,-9.365,1,0.0953,0.907,0.0362,0.217,0.373,109.263,146525,4,1,Dance Party
6XYx7diPa7o8NX7ukbJrO3,Şahidim Arz-u Semadır,İsmail Coşar,['sufi'],0.397,0.247,2,-9.476,1,0.0393,0.843,0.00156,0.278,0.329,78.735,510433,1,1,Dance Party
6Xj6AtBraaa7CrQs6fRAQQ,LET YOU BE RIGHT - Recorded at Sound Stage Studios Nashville,Meghan Trainor,[],0.569,0.543,0,-10.111,1,0.0706,0.384,0.0,0.485,0.483,103.262,181873,4,2,Instrumental Calm
6XkThs1LqQOR7GkZqbMYBY,Shani Mahaatmay,Anuradha Paudwal,['ghazal'],0.642,0.311,0,-10.982,1,0.112,0.96,0.0,0.132,0.551,106.042,4308363,5,3,Acoustic Chill
6Xsd6CtCy9UTANOYdQ7cJH,Rooon Main Sagar Ke Kinare,C. H. Atma,['ghazal'],0.49,0.24,3,-14.99,1,0.0422,0.992,0.869,0.127,0.511,93.006,200387,4,4,Rap / Spoken
6XuFF2h37c0ELeVYPTQbC6,Aaj Jane Ke Zed Nakaro - Live,Javed Bashir,"['sufi', 'qawwali']",0.441,0.433,10,-11.046,1,0.0333,0.903,0.00101,0.632,0.431,113.65,771187,1,1,Dance Party
6Xy72HZ9nf2jx48dQuF1mA,Anywhere,Rita Ora,[],0.649,0.743,11,-6.042,0,0.0679,0.0342,0.0,0.0855,0.344,106.915,215827,4,2,Instrumental Calm
6Y2PtdAEdu6RKvUbpBx5lk,Ana Bakoach,Meshorerim Choir,['pop'],0.295,0.512,2,-5.343,0,0.0338,0.644,0.0,0.1,0.362,74.009,269270,4,0,Energetic Happy
6Y4YBnbXXPpbTFldMtQicH,Vakratund Mahakay,Suresh Wadkar,['bollywood'],0.664,0.335,11,-11.882,1,0.0287,0.653,0.0,0.0773,0.312,104.067,279220,4,1,Dance Party
6Y74eL5uObI65mPJH3KXR3,Ik Yaad Hai,Rahat Fateh Ali Khan,['qawwali'],0.377,0.596,9,-8.382,0,0.0519,0.261,1.09e-06,0.124,0.508,175.961,338376,4,0,Energetic Happy
6Y7Ajd3rCEeZVMZ9CY0aGJ,Tu Saajan Ka Pyar Hai,Anuradha Paudwal,['bollywood'],0.171,0.648,9,-3.729,1,0.0371,0.958,3.72e-05,0.282,0.365,76.944,477920,4,0,Energetic Happy
6YB0oSeQa9t5tN2WNrXtNq,Lalkare,Naseebo Lal,['sufi'],0.665,0.958,11,-2.566,0,0.084,0.106,1.04e-06,0.39,0.788,143.977,294500,4,2,Instrumental Calm
6YDR4GPrTglXtR4y9n5Fyd,Noor-E-Khuda Hai,Nusrat Fateh Ali Khan,['qawwali'],0.512,0.568,9,-15.697,0,0.0454,0.0567,0.0,0.299,0.906,135.015,963533,3,0,Energetic Happy
6YEt5U2EJ39Z9S7EIXXk2r,Aale Ganaraj,Sudesh Bhosle,['bollywood'],0.413,0.743,0,-7.781,1,0.0596,0.689,0.0,0.765,0.681,131.809,334354,4,0,Energetic Happy
6YUyNbxU8CQwiHbrTE0MNZ,Meeran Paar Laga Main Takdi Aan Teri Rah,Nusrat Fateh Ali Khan,['qawwali'],0.613,0.334,2,-10.083,1,0.0761,0.887,0.0255,0.378,0.676,111.209,1459373,3,3,Acoustic Chill
6Ydgbe9LUoGpbMXBUFDcek,I'll Be Home,Meghan Trainor,[],0.55,0.302,2,-11.035,1,0.0268,0.282,2.59e-06,0.0962,0.317,84.816,218520,4,1,Dance Party
6YeIahxzVtRwEA1t23YJe2,Boojh Mera Kya Naam Re,Shamshad Begum,['ghazal'],0.493,0.556,8,-6.27,1,0.0772,0.822,0.000332,0.233,0.931,190.617,270747,4,0,Energetic Happy
6YlgucPKOivfUwdLRrMhQt,Mera Jeevan Kora Kagaz,Kishore Kumar,['bollywood'],0.437,0.277,0,-13.696,1,0.0299,0.865,0.000961,0.152,0.482,96.328,215293,1,1,Dance Party
6Z2vDIAU9eXimBKVsVMYoO,Sab Ke Muhn Mein Pani Aaya,Jani Babu,['qawwali'],0.604,0.485,4,-11.637,1,0.164,0.722,4.98e-05,0.177,0.843,156.632,380547,3,1,Dance Party
6Z3EFUZqgbWEqAlCprtMIi,All Falls Down (FYH345),Andrew Rayel,['pop'],0.573,0.828,0,-5.58,1,0.126,0.074,0.0,0.766,0.388,124.812,247229,4,0,Energetic Happy
6ZGAJrl6NtIuNNXBGVNjTj,If You Really Love Me (How Will I Know),David Guetta,['pop'],0.692,0.883,7,-4.698,1,0.0582,0.0512,0.0,0.228,0.614,122.984,184390,4,2,Instrumental Calm
6ZILRxgueiTyHHuJ4ghRpv,Hoon Khara,Zain Zohaib,['qawwali'],0.424,0.542,1,-10.667,0,0.0704,0.169,0.0,0.599,0.404,116.048,384800,4,0,Energetic Happy
6ZKTJbgDxCpRewCGxAVuxm,Aku Rela,Naif,['pop'],0.583,0.706,0,-8.847,1,0.0331,0.329,1.71e-06,0.142,0.581,134.41,143533,4,2,Instrumental Calm
6ZPg2irmu84pBiLUPBSR87,Love On Top,Beyoncé,[],0.652,0.748,0,-5.242,1,0.0887,0.0849,0.0,0.604,0.652,94.1,267413,4,2,Instrumental Calm
6ZX5hDfs49D239K3HlFStx,Din Gulo Bhola Gelo Na,Asha Bhosle,['bollywood'],0.781,0.549,4,-6.188,0,0.029,0.458,0.0,0.0894,0.685,129.891,246075,4,2,Instrumental Calm
6Zc5f20q7sOe1IC1c1jQvZ,Without Me (with Juice WRLD),Halsey,[],0.742,0.515,6,-6.103,1,0.0747,0.351,0.0,0.184,0.452,136.02,228816,4,2,Instrumental Calm
6ZjM4Gva9FVta2p3iHpemV,Mere Piya Ko Dhoond Ke,Noor Jehan,['ghazal'],0.322,0.259,0,-11.917,1,0.034,0.964,0.0,0.82,0.282,129.751,222373,3,1,Dance Party
6ZpzFKJllFTPOaM3nOqolI,"Na Kajare Ki Dhar - From ""Mohra""",Pankaj Udhas,['ghazal'],0.51,0.683,0,-8.428,0,0.0404,0.667,1.06e-06,0.362,0.672,145.281,324253,4,0,Energetic Happy
6Zq4BcTldGRIX1DA7AKFeV,Qaim Hai Aasman,Ali Haider,"['ghazal', 'sufi']",0.273,0.421,3,-6.604,1,0.0384,0.836,0.0,0.0667,0.27,70.534,348840,5,1,Dance Party
6ZwqLPWYo3wGreum2upKuC,Pathran noon,Naseebo Lal,['ghazal'],0.661,0.663,0,-11.071,0,0.0635,0.21,4.39e-05,0.0862,0.847,151.933,498613,4,2,Instrumental Calm
6aHjBGdRiV7ONxHktzchoZ,Nazar Se Nazar Tum Milane Se Pehle,Rahat Fateh Ali Khan,['sufi'],0.756,0.812,3,-6.323,0,0.036,0.0716,0.0,0.204,0.906,148.451,391079,3,2,Instrumental Calm
6aMIZlCSVHu6X0hBX6JzqT,Bheem Majha Asa Hota,Sadhana Sargam,['bollywood'],0.558,0.446,4,-11.776,1,0.236,0.528,0.0,0.277,0.894,162.206,579570,3,1,Dance Party
6aS1DgqshLhQFweBcHDOes,Sabah Ezanı - Saba,Kudsi Erguner,['sufi'],0.132,0.167,4,-13.552,0,0.0403,0.914,0.471,0.0899,0.15,67.242,289739,4,4,Rap / Spoken
6acdKgBrJoYKbJD6WhG81R,IDGAF,Dua Lipa,[],0.836,0.544,7,-5.975,1,0.0943,0.0403,0.0,0.0824,0.51,97.028,217947,4,2,Instrumental Calm
6akCKA7wbYUWKveWLeCcPU,Baba Tajuddin Ke Angna Ghunhroo - Islamic,Rais Anis Sabri,['qawwali'],0.781,0.746,1,-8.028,1,0.0849,0.512,0.0,0.196,0.949,107.443,910176,4,2,Instrumental Calm
6alUOXeJ3T6vi8dkN8QSbi,"Rishte Naate - From ""De Dana Dan""",Rahat Fateh Ali Khan,['sufi'],0.637,0.825,11,-6.612,1,0.0815,0.352,0.0,0.389,0.835,92.029,286587,4,2,Instrumental Calm
6aqmHvm1qYt27OHGwxJquF,"Hothon Se Chhu Lo Tum - From ""Prem Geet""",Jagjit Singh,"['ghazal', 'sufi']",0.561,0.495,0,-6.953,1,0.0244,0.785,2.97e-05,0.126,0.588,100.055,293347,4,1,Dance Party
6bGpZs5rK2feniZ3LwMZXC,Aye Mausam Rangeele,Zubaida Khanum,['ghazal'],0.601,0.377,0,-10.972,1,0.0869,0.919,5.95e-05,0.281,0.756,103.357,194077,4,1,Dance Party
6bJmYR0sjTZNJxwdw52ern,Mera Dil Ye Pukare - Tu Aaja - Heartlock Mix,Lata Mangeshkar,['bollywood'],0.756,0.413,0,-15.549,0,0.107,0.589,0.0146,0.109,0.353,91.951,122609,4,1,Dance Party
6bKBdquHsxn9pZqvhhjw3V,Khamosh Raho,Rahat Fateh Ali Khan,['qawwali'],0.501,0.636,2,-7.076,1,0.0374,0.532,1.56e-06,0.85,0.474,144.864,503413,3,0,Energetic Happy
6bNcbh4SxQDU0BHa4Dj3wx,When You're Ready,Shawn Mendes,[],0.485,0.476,5,-8.887,1,0.128,0.792,0.0,0.113,0.601,171.479,169587,4,1,Dance Party
6bOy1B9Ot45N26a1qMzwsB,Sassi Di Maa,Shaukat Ali,['sufi'],0.756,0.816,8,-8.683,1,0.0723,0.53,0.0,0.373,0.945,111.019,446602,4,2,Instrumental Calm
6bQMCNOe4SGweGSHSxxqG5,Yeh Meri Nazmeen,Ahmed Faraz,['ghazal'],0.574,0.156,8,-19.563,1,0.297,0.853,0.0,0.382,0.212,66.213,249591,4,1,Dance Party
6bQSSvIF7vRdDgNqsGbNfJ,Alllah Hu,Ensemble Mehr Ali & Sher Ali,['qawwali'],0.474,0.529,3,-8.624,0,0.0596,0.867,0.00178,0.876,0.544,123.099,998467,4,3,Acoustic Chill
6bRglO9LdRhEp84CUyOhQw,Tell Me You Love Me - Dave Audé Remix,Demi Lovato,[],0.669,0.843,6,-4.926,1,0.213,0.0283,0.0,0.0764,0.712,105.049,226147,4,2,Instrumental Calm
6bqwDR27XX3YR4QRPWLCjO,Tum Ek Gorakh Dhanda Ho,Nusrat Fateh Ali Khan,['qawwali'],0.535,0.764,6,-6.867,1,0.0726,0.381,0.0,0.318,0.823,107.729,1817448,4,3,Acoustic Chill
6bwU1V7WYdZyTPwWZHpH2g,Te Díera,Guillermo Carrasco,['pop'],0.731,0.365,4,-15.261,0,0.0371,0.641,0.00875,0.292,0.768,142.988,236069,4,1,Dance Party
6c2RbeQF9yApk9btPnvgYg,Ni Khadi Ho Ke Gal Sun,Masood Rana,['ghazal'],0.555,0.726,5,-10.335,0,0.0415,0.892,0.509,0.326,0.945,106.441,175560,4,4,Rap / Spoken
6c3VaZZje2TmYFnV1kAz0H,"Yaar Bina Chain Kanha Ray - From ""Saaheb""",Bappi Lahiri,['bollywood'],0.82,0.517,4,-10.995,1,0.0425,0.615,0.00081,0.494,0.961,131.212,273551,4,2,Instrumental Calm
6c6lTQ2sG7ntHhJWhntdl5,Chisht Ke Tajewar - Live Version,Nusrat Fateh Ali Khan,['qawwali'],0.496,0.648,8,-9.604,1,0.115,0.634,0.000496,0.267,0.753,109.48,308672,4,0,Energetic Happy
6c87OirxOZayMGyS7sLSdQ,Aan Milo Sajnan,Noor Jehan,['ghazal'],0.271,0.665,5,-3.106,0,0.0344,0.765,0.00599,0.211,0.48,151.158,381873,4,0,Energetic Happy
6cCpJYKlki4extOqULL3NF,Khel Khel Re Bhavani,Usha Mangeshkar,['bollywood'],0.425,0.905,9,-7.149,0,0.199,0.648,0.000323,0.464,0.644,125.915,224563,4,0,Energetic Happy
6cDX5g1wCyIbeh3XdKKZNZ,Tum To Dil Ke Taar Chhed Kar - Male Vocals,Talat Mahmood,['ghazal'],0.72,0.361,3,-9.604,1,0.0469,0.855,0.00163,0.13,0.866,106.967,191427,4,1,Dance Party
6cFbC4iK69ZM9em1EolL12,She Knows How To Love Me (feat. Jess Glynne & Stefflon Don),David Guetta,[],0.629,0.676,11,-5.413,0,0.156,0.112,0.0,0.396,0.441,171.801,181733,4,2,Instrumental Calm
6cUaCs1lKfDOyFKMkBF8ch,Dil Dooba,Sonu Nigam,['bollywood'],0.814,0.909,0,-6.875,1,0.0753,0.319,0.0,0.345,0.961,100.004,230947,4,2,Instrumental Calm
6cWpGXt8X3WqHYnnDeNiKV,Happy Now - Acoustic,Zedd,[],0.555,0.334,4,-6.763,1,0.0701,0.882,0.0,0.127,0.548,80.683,152000,4,1,Dance Party
6cXhFE4IB59Z1AzdxHhadY,Positivo,J Balvin,[],0.745,0.713,2,-6.627,0,0.0584,0.00476,1.63e-06,0.0749,0.72,118.009,173173,4,2,Instrumental Calm
6cXt4VUBBmpU4JaXqfGKPG,Ho to mein kiya karoon,Aziz Mian,['qawwali'],0.55,0.747,2,-10.878,1,0.166,0.64,4.01e-05,0.355,0.798,106.86,1865117,4,3,Acoustic Chill
6cblRiEGDRNZgowcm951R3,Sandra’s Rose,Drake,[],0.487,0.849,1,-5.432,1,0.246,0.0481,0.0,0.143,0.52,152.093,216333,4,0,Energetic Happy
6cbvTFy7Y6EVyHOyCdFHv8,Dard E Dil Ka Ab Naya,Munni Begum,"['bollywood', 'sufi']",0.471,0.456,0,-12.821,1,0.0461,0.878,0.000447,0.233,0.642,112.008,302810,4,1,Dance Party
6clKcUAaMHTlSR8MgT3QvS,Happier - Cazzette Remix,Ed Sheeran,[],0.712,0.633,9,-7.748,0,0.0344,0.0643,0.000893,0.127,0.299,102.985,207491,4,2,Instrumental Calm
6coTdaB26zIADcrkFyWjex,Mangte Hain Karam Unka,Nusrat Fateh Ali Khan,['qawwali'],0.529,0.562,10,-7.233,0,0.0369,0.804,0.00836,0.141,0.734,111.054,1701000,3,3,Acoustic Chill
6cvu3076uVxeMTzMy9oy5z,Hari Bol,Roop Kumar Rathod,['sufi'],0.475,0.736,6,-5.274,1,0.104,0.491,0.0,0.244,0.901,123.929,599360,4,0,Energetic Happy
6cxGBkqTeiI5W9tYWeIw40,Poochha Kisi Se Haal Kisi Ka,Nusrat Fateh Ali Khan,['sufi'],0.534,0.475,3,-11.29,1,0.0363,0.843,0.178,0.284,0.515,79.736,462598,4,1,Dance Party
6dP9Gms8qpGHEY4BH2sawG,"Nabi Nabi Ya Nabi Nabi, Pt. 2",Aziz Mian,['qawwali'],0.715,0.469,6,-13.73,1,0.547,0.663,3.3e-05,0.164,0.876,116.529,1556653,4,3,Acoustic Chill
6dVCu2GnnseLcNyT9sPhZU,Everybody Hates Me - Justin Caruso Remix,The Chainsmokers,[],0.5,0.884,11,-5.563,0,0.0498,0.00724,2.94e-05,0.0522,0.52,154.996,235760,4,2,Instrumental Calm
6dYyicAxqJir9oy8jrT44N,Aj Sajna Di Bairi Utte,Naseebo Lal,['ghazal'],0.641,0.89,9,-4.835,1,0.0678,0.295,2.14e-05,0.429,0.947,80.092,298719,4,0,Energetic Happy
6dfHMlAk1baGoFCHzxgEgh,Nazro Se Dekh Pyare,Anandmurti Gurumaa,['sufi'],0.7,0.37,6,-9.152,0,0.0265,0.341,0.0,0.0939,0.38,96.26,589331,4,1,Dance Party
6dlBwtWG0JJrOYpfhwZqRl,Kamli Wale Mohammad Toon Sadqe Main Jawan,Nusrat Fateh Ali Khan,['sufi'],0.519,0.64,7,-5.369,0,0.265,0.792,0.0,0.847,0.639,118.171,807533,4,3,Acoustic Chill
6dmbs17zshIj6esLJAqUV0,Falling To Pieces,Rita Ora,[],0.647,0.703,3,-5.871,1,0.0278,0.00966,1.68e-05,0.222,0.36,91.94,261120,4,2,Instrumental Calm
6dwGGxnsI16nUAbLquNDgX,"Bakhsh Deta To Baat, Pt. 2",Aziz Mian,['qawwali'],0.539,0.746,0,-11.553,0,0.425,0.802,0.0,0.839,0.778,136.31,1793213,3,3,Acoustic Chill
6dyPwV0tnY1kdFH7LUDVtK,Pyar Karte Hai Hum,Asha Bhosle,['bollywood'],0.413,0.372,2,-11.562,1,0.0314,0.932,0.000353,0.375,0.542,101.36,303907,4,1,Dance Party
6e0SNuAWXttRTKiT2asM3R,Dard Minnat Kashe Dawa,Nayyara Noor,['ghazal'],0.507,0.262,8,-15.146,0,0.0342,0.937,0.476,0.18,0.433,97.017,294613,4,4,Rap / Spoken
6eEFTLOaqBFN5pYcUJGhTm,Salaam Kare,Pankaj Udhas,['ghazal'],0.678,0.539,11,-14.659,0,0.0472,0.113,0.00166,0.259,0.545,104.015,372267,4,2,Instrumental Calm
6eFE4e6BO3AwEpqTINgQsw,Aisa Bana Sanwarna Mubarik Tumhen,Nusrat Fateh Ali Khan,['qawwali'],0.497,0.75,6,-4.528,1,0.0877,0.519,3.8e-06,0.327,0.773,103.006,1043529,4,0,Energetic Happy
6eHuOnJojncVEZMNeI2h7f,Chishti Rang,Rais Anis Sabri,['qawwali'],0.641,0.622,3,-11.803,1,0.184,0.396,0.0,0.362,0.857,86.554,893048,4,3,Acoustic Chill
6ePG8cpS4tvN5gfENGyWBb,Taiba Ka Jo Hai Phool - Qawwali Song,Rais Anis Sabri,['qawwali'],0.794,0.823,8,-3.602,0,0.0373,0.193,0.0,0.327,0.952,114.949,905555,4,2,Instrumental Calm
6eUGtJNCsj4iI7ey7IqHWx,Bewafa Se Bi Pyar Hota Hai,Nusrat Fateh Ali Khan,['sufi'],0.543,0.575,5,-9.818,1,0.241,0.812,0.00192,0.166,0.83,118.063,887587,4,3,Acoustic Chill
6eUIbor0vnn9x6jsakcA5t,Ab Nazar Karam Kardo,Shahid Ali Khan,['qawwali'],0.694,0.785,6,-6.685,1,0.0357,0.772,0.00961,0.0567,0.927,111.292,364806,4,2,Instrumental Calm
6eVSYSI2nYAtoOLmSYKznS,"Rabba Main Toh Mar Gaya Oye (From ""Mausam"")",Rahat Fateh Ali Khan,['qawwali'],0.587,0.833,9,-3.046,1,0.069,0.469,0.0,0.312,0.593,87.899,269003,4,0,Energetic Happy
6egi9IJRu70k7O485n9JoB,When Our Hearts Were Young,Weeping Willows,['pop'],0.469,0.471,11,-9.805,0,0.0237,0.155,6.98e-05,0.109,0.262,89.308,224253,4,2,Instrumental Calm
6eiQwzZURuTelp1jXtkW47,Navkar Mahamantra - Jap,Suresh Wadkar,['bollywood'],0.689,0.417,3,-12.537,1,0.0293,0.512,0.0,0.158,0.694,108.955,1434054,4,3,Acoustic Chill
6eiztdXRkooWsBt2xToMWI,Make Believe,Juice WRLD,[],0.465,0.84,0,-4.35,1,0.0722,0.125,0.0,0.138,0.672,83.981,142026,4,0,Energetic Happy
6ejutdxQVGPCNpFys7TLAn,I Like It (feat. Kontra K and AK Ausserkontrolle),Cardi B,[],0.903,0.713,5,-4.108,0,0.186,0.0645,2.4e-06,0.347,0.648,136.038,254721,4,2,Instrumental Calm
6esifihfTHMXMvd5K3FY4P,Poddunne Lesinadu Ramulayya,Sridevi Kapoor,['bollywood'],0.553,0.593,0,-4.737,1,0.0321,0.921,0.0028,0.251,0.598,153.097,179493,4,1,Dance Party
6euYmCjHPvsvvNd10oiWgp,Zindagi Denewale Sun,Talat Mahmood,['bollywood'],0.324,0.081,1,-18.798,1,0.0358,0.995,0.89,0.109,0.395,85.798,192853,4,4,Rap / Spoken
6ezuuqggcpZ9wD58KtvW9d,"Yeh faza yeh rut suhani yeh saman yeh chaand tare (From ""Anokhi"")",Zubaida Khanum,['ghazal'],0.384,0.579,3,-14.911,1,0.174,0.778,5.45e-06,0.883,0.518,115.501,187167,4,0,Energetic Happy
6f5DI4eUTBriT25RFJWlN4,Billo De Ghar,Abrar Ul Haq,['sufi'],0.772,0.715,11,-11.749,1,0.0358,0.193,0.000686,0.111,0.848,112.725,275133,4,2,Instrumental Calm
6f9D7nVZVcMJvCuqVvD5LE,Ainay,Zain Zohaib,['qawwali'],0.578,0.666,6,-3.489,1,0.0458,0.202,0.0,0.136,0.584,145.123,328843,3,2,Instrumental Calm
6f9TjFPUEkAoCZtrehgqlc,Mere Man Mein Jagey,Mehnaz,['ghazal'],0.303,0.702,0,-8.768,1,0.0638,0.815,2.5e-06,0.287,0.81,170.84,186738,3,0,Energetic Happy
6fDLjSOKFfPq5nZkSU0tJM,Main Pyar Tere Naal Paya,Naseebo Lal,['sufi'],0.702,0.649,7,-7.859,1,0.0428,0.376,0.000609,0.163,0.725,84.004,424284,4,2,Instrumental Calm
6fMPCQtWoUmU4trDabV8sh,Main Kalma Nahin Chadna,Sher Miandad Khan,['qawwali'],0.687,0.658,5,-7.936,0,0.175,0.457,0.0,0.361,0.792,118.454,506833,4,2,Instrumental Calm
6fOOKqQWcSy33ApU1wqkkW,Paradise,Khalid,[],0.581,0.452,11,-9.558,1,0.15,0.206,0.00329,0.0881,0.523,75.046,173653,4,2,Instrumental Calm
6fOwKqB2JEXIomEGqztQyr,Akhian Udeek Diyan - Live Version,Nusrat Fateh Ali Khan,['qawwali'],0.543,0.724,3,-8.72,0,0.0615,0.659,0.183,0.121,0.913,117.196,994975,4,0,Energetic Happy
6fT8TdG5AvyLYPrYcrDkKY,Govind Gopal Tum Ho Girdhari,Anup Jalota,['bollywood'],0.699,0.781,6,-6.399,1,0.0583,0.374,0.0,0.155,0.916,104.97,282987,4,2,Instrumental Calm
6fYVQTOcxjqpgXP8YkAub0,Mein Neevan Mera Murshad,Nusrat Fateh Ali Khan,['qawwali'],0.435,0.821,6,-5.062,1,0.0602,0.0996,9.01e-05,0.789,0.602,115.405,970067,4,0,Energetic Happy
6fbYL76UWbHdYq4B91TPQi,This Way,Khalid,[],0.62,0.282,5,-10.533,0,0.0464,0.694,0.0,0.119,0.193,124.609,211205,3,1,Dance Party
6fnjyrjy1mVVS1JLmivNyE,Woh Kisna Hai (Lofi Mix),Ismail Darbar,['bollywood'],0.347,0.606,10,-9.187,1,0.0941,0.638,0.442,0.144,0.366,89.983,206736,4,4,Rap / Spoken
6fr9mJbeMglb2anL1PRJ1i,Akhiyan da sawan,Naseebo Lal,['sufi'],0.449,0.761,1,-9.126,1,0.0725,0.268,1.09e-05,0.276,0.814,78.619,368718,4,0,Energetic Happy
6gFmqnFJSoX1CiFXDSIuto,Jetiya Nishar,Jitul Sonowal,['pop'],0.584,0.37,9,-9.441,1,0.0275,0.821,0.0026,0.275,0.273,133.485,346825,4,1,Dance Party
6gKQOLCQjCPgj986hwcUOm,Tere Bina Zindagi Se (with Narration),Lata Mangeshkar,['bollywood'],0.357,0.353,0,-11.355,0,0.0311,0.966,2.57e-05,0.133,0.458,93.714,382587,4,1,Dance Party
6gd1yNyevcirDWXelk2mfN,Happy Now - BEAUZ Remix,Zedd,[],0.37,0.888,1,-2.784,0,0.268,0.144,0.0,0.25,0.542,161.9,228148,4,0,Energetic Happy
6gp2otrVMxi4ytQvZQ9HrE,"Moongil Kaadugalae (From ""Samurai"")",Hariharan,['ghazal'],0.461,0.612,7,-9.549,0,0.162,0.285,0.0,0.0794,0.596,169.972,379638,4,2,Instrumental Calm
6gu3ykwVrPIBTBlkvnkXrg,Menon Yadan Teriyan Aondiyan Ne,Naseebo Lal,['sufi'],0.611,0.77,10,-8.292,0,0.0755,0.272,0.000243,0.622,0.874,87.075,488537,4,0,Energetic Happy
6h7oPG63sUicanYNSHX41D,Mustafa Ya Mustafa,Nusrat Fateh Ali Khan,['qawwali'],0.407,0.738,1,-6.675,1,0.0492,0.427,1.14e-05,0.246,0.646,108.502,784200,4,0,Energetic Happy
6hHKFReuQR9VQp39ev43wY,The Outro,Drake,[],0.399,0.07,5,-21.523,1,0.0495,0.988,0.78,0.347,0.133,181.247,174398,4,4,Rap / Spoken
6hPlYSx7wsnDE48NypYeuT,"Get Here - Recorded At RAK Studios, London",Sam Smith,[],0.495,0.216,8,-9.294,1,0.0369,0.925,0.0,0.108,0.303,110.678,169227,4,1,Dance Party
6hUHAupHKDuUiHqPwDIIsw,Moonlight,Nik & Jay,['pop'],0.609,0.894,3,-4.926,1,0.0427,0.0691,0.0,0.136,0.818,149.979,256067,4,2,Instrumental Calm
6hXIfMUQ9dnyQBXWjhwKAz,Duha,Kani Karaca,['sufi'],0.59,0.1,8,-13.439,1,0.185,0.971,0.0,0.151,0.578,83.5,65945,3,1,Dance Party
6hYb1E8dupGlLkQNxBh3rm,In Dinon,Atif Aslam,['sufi'],0.601,0.438,8,-8.939,1,0.0297,0.26,0.0,0.607,0.325,95.001,250206,4,2,Instrumental Calm
6hdlv0k6U2yDbDoNDlNkfL,Lock Up,Yo Yo Honey Singh,['bollywood'],0.642,0.989,10,-4.108,1,0.183,0.248,2.19e-06,0.107,0.885,175.911,201613,4,2,Instrumental Calm
6ht9hXtsdVVxsHHz9svQPX,Sheid Nalon Mitha - Budha Sher,Naseebo Lal,['sufi'],0.728,0.88,6,-4.992,0,0.067,0.245,0.269,0.093,0.971,91.058,303735,4,2,Instrumental Calm
6hvps6PHewr79Fbepnytob,Dadha Phera Ishqe da Roag,Noor Jehan,['ghazal'],0.315,0.368,11,-8.2,1,0.0328,0.995,0.871,0.201,0.433,79.997,236716,4,4,Rap / Spoken
6i4LWESmu4Y48rbByCu2iO,Shoot Me In The Back,Miguel Bosé,['pop'],0.801,0.82,9,-12.138,0,0.0535,0.143,6.31e-05,0.0558,0.854,130.229,295800,4,2,Instrumental Calm
6iBKt72CizlHeP25A4zUd0,"Ya Nabi Nabi, Pt. 3 - Live",Aziz Mian,"['ghazal', 'sufi']",0.546,0.941,1,-1.87,1,0.464,0.818,0.00295,0.561,0.805,74.825,536000,4,0,Energetic Happy
6iBVfyE9Bb0tTSNvDEU2PJ,Ugly - The Desert Eagle Discs Remix,Sugababes,['pop'],0.732,0.972,9,-4.029,0,0.107,0.085,1.29e-06,0.675,0.812,116.969,251800,4,2,Instrumental Calm
6iJARXUUbse7bGF2PzpnpI,Insha Jee Utho,Amanat Ali Khan,['ghazal'],0.456,0.638,9,-7.925,1,0.0366,0.797,0.000235,0.203,0.706,80.408,343667,4,0,Energetic Happy
6iNVI2kpCUM2vbwEF4GGMH,Naraini - Teen Taal,Fateh Ali Khan,['qawwali'],0.454,0.207,3,-20.623,0,0.227,0.968,0.00379,0.118,0.747,164.145,275200,3,1,Dance Party
6if0lwvsP5Tfo53qrg5D0P,Itna To Karna Swami - Live,Anup Jalota,['ghazal'],0.377,0.256,1,-11.836,1,0.0348,0.953,3.21e-05,0.674,0.446,109.843,214720,3,1,Dance Party
6ioHOgiHxDk6W52QK4qiFV,Khwaja Ki Deewani,Sabri Brothers,['sufi'],0.363,0.58,4,-5.984,0,0.353,0.969,0.000141,0.204,0.624,60.784,979684,4,3,Acoustic Chill
6irqsmpbAhLe39kWipzIZ0,Say My Name (feat. Bebe Rexha & J Balvin) - Tom Staar Remix,David Guetta,[],0.646,0.978,11,-5.197,0,0.0548,0.000348,0.803,0.115,0.261,124.998,215406,4,4,Rap / Spoken
6izMliRcwwNxoQQJ7cH1UN,Şükür Elhamdülüllah,Mehmet Kemiksiz,['sufi'],0.586,0.559,7,-4.441,0,0.0283,0.675,0.0,0.615,0.822,69.989,112274,4,0,Energetic Happy
6j4SnXcF7nO81eT86hWx7Y,Kitni Dair,Abdullah Qureshi,['sufi'],0.31,0.447,1,-7.787,1,0.0391,0.877,6.64e-05,0.147,0.482,87.094,204000,4,1,Dance Party
6j78fTP5iGH86aQYub2S0B,"兩杯茶 - HKTV ""來生不做香港人""主題曲",Prudence Liew,['pop'],0.662,0.48,2,-9.516,1,0.038,0.633,0.0,0.204,0.49,111.964,257031,4,1,Dance Party
6jAS7Lf81JsNflBmxDB6SM,Sonríe,Techy Fatule,['pop'],0.57,0.667,0,-4.995,1,0.0662,0.584,0.0,0.0921,0.629,165.926,178101,4,2,Instrumental Calm
6jBZQGfpcqu5qpemtN9ISH,Meri Shutar Sawara Gal Sun Ja,Nusrat Fateh Ali Khan,['qawwali'],0.564,0.525,5,-9.382,1,0.186,0.847,1.06e-05,0.569,0.694,121.823,2150992,4,3,Acoustic Chill
6jHRE2raLNNUH9H5ykZo1W,Dekh Ke Yeh Roomal - Hi-Class Jhankar Beats,Kumar Sanu,['bollywood'],0.637,0.872,0,-7.392,1,0.0893,0.452,0.119,0.0796,0.966,80.76,275817,4,2,Instrumental Calm
6jaPJ89jOyaaoWvF7L6ujf,Mainu Kothe Te Bula Ke Adhi Raat Nu,Noor Jehan,['ghazal'],0.425,0.746,10,-9.403,1,0.0478,0.712,0.00202,0.325,0.965,175.881,290090,3,0,Energetic Happy
6ji4HBmlVY1lki8GAUdoyw,"Selected Poetry, Pt. 5",Ahmed Faraz,['ghazal'],0.535,0.513,8,-11.603,1,0.502,0.874,0.0,0.292,0.524,117.04,165232,5,1,Dance Party
6jtHDGoTaJV7NGkhu6GaTN,"Chal Wahin Chalein (From ""Saina"")",Amaal Mallik,['bollywood'],0.414,0.435,8,-9.87,1,0.0462,0.829,1.81e-05,0.0925,0.135,139.96,310395,4,1,Dance Party
6jvDP6r6Qd5moUC381ffRR,Naam Ki Chadar Odh Ke Aaya,Suresh Wadkar,['bollywood'],0.573,0.367,1,-15.049,0,0.0688,0.541,0.0,0.162,0.882,84.5,435333,4,1,Dance Party
6jxzHipLfVQ1UVHvoQWVmu,I'm a Mess - Alphalove Remix,Bebe Rexha,[],0.709,0.899,11,-4.861,0,0.0378,0.189,0.0,0.292,0.762,119.987,191500,4,2,Instrumental Calm
6jzpCp1V7z26C6I7P0zxo9,"Thoda Hai - From ""Khatta Meetha""",Lata Mangeshkar,['bollywood'],0.275,0.34,5,-12.384,0,0.0344,0.719,0.0848,0.46,0.411,152.508,438173,3,1,Dance Party
6k3WSp6MIic0wBk9uVjIXk,Let You Love Me - Acoustic,Rita Ora,[],0.521,0.413,8,-5.51,1,0.0895,0.427,0.0,0.0895,0.576,102.07,189347,4,1,Dance Party
6k5px5uz0m5lLFOSnG78mg,Khuda Ke Liye Chor Do Ab Ye Parda,Nusrat Fateh Ali Khan,"['sufi', 'qawwali']",0.583,0.889,4,-1.0,1,0.119,0.479,0.0,0.357,0.62,78.668,440343,4,0,Energetic Happy
6kIVtpRJzazbMQJZR6IkNQ,İhvan Kardeşim,Nusret Gündüz,['sufi'],0.712,0.293,4,-9.346,1,0.0524,0.842,0.0,0.405,0.688,70.018,307749,4,1,Dance Party
6kIxibmUk9q1YXUCQecLA2,Luv U Alia,Javed Ali,['bollywood'],0.687,0.5,7,-9.849,0,0.0323,0.401,2.34e-05,0.115,0.451,89.996,293303,4,2,Instrumental Calm
6kO5HCynT8JChURfixL3kY,Sar Taajan Ke Taaj Mohinodin,Rahat Fateh Ali Khan,['qawwali'],0.472,0.949,5,-2.219,0,0.117,0.0645,2.29e-05,0.361,0.897,108.905,897000,4,0,Energetic Happy
6kOOxX5AUwadxBQMRn3j8D,Koi Hai Na Ho Ga,Nusrat Fateh Ali Khan,['qawwali'],0.606,0.896,4,-8.004,1,0.106,0.272,0.038,0.109,0.724,105.816,910893,4,0,Energetic Happy
6kVikuPOOg8q6yOnwVBYnI,Jind Nimani Payi Eh Bol,Atta Ullah Khan Esakhelvi,['qawwali'],0.482,0.71,6,-5.201,1,0.0328,0.824,0.0,0.214,0.652,118.642,561917,4,0,Energetic Happy
6ku6wzXQd8CgBqmKt5tBv0,Same Bitches,Post Malone,[],0.73,0.745,11,-5.309,1,0.0708,0.395,5.17e-06,0.114,0.196,100.005,212467,4,2,Instrumental Calm
6kwH41LJ6hfxlGn2c4oh6Y,Together,Marshmello,[],0.567,0.703,10,-2.08,0,0.0311,0.00114,0.921,0.101,0.309,142.019,246761,4,4,Rap / Spoken
6kxU5qGmAQvifcDMjAwiSt,"Vismithanadhe - From ""Maadha Matthu Maanasi""",Sonu Nigam,['bollywood'],0.619,0.584,7,-6.729,1,0.0298,0.51,3.31e-06,0.375,0.594,91.921,304395,4,2,Instrumental Calm
6kxvhHRIBrwR1fNYqAFaNg,Sharabi Ja,Lata Mangeshkar,['bollywood'],0.467,0.472,3,-12.677,1,0.103,0.832,0.296,0.309,0.873,107.544,265600,4,1,Dance Party
6l58EciogvvWtGHahitJGs,Ye Jo Halka Halka Saroor,Nusrat Fateh Ali Khan,['qawwali'],0.52,0.495,3,-9.589,1,0.14,0.628,0.0,0.119,0.714,97.067,1136560,4,3,Acoustic Chill
6l8sPbB4TPPP1hrXxhLVKc,Helogu Kaarana,Sonu Nigam,['bollywood'],0.427,0.556,3,-6.422,0,0.031,0.633,8.43e-06,0.0897,0.252,105.92,281604,3,1,Dance Party
6lIYtNr0S4F7Ak7paDVP3C,Mavtar Vihat Meldi Pt.2,Pravin Luni,['pop'],0.314,0.696,0,-8.696,0,0.33,0.387,0.0,0.51,0.554,71.589,1036562,4,3,Acoustic Chill
6lJFcrbIfRSsRxlqLABYhh,Dil,Badar Ali Khan,['qawwali'],0.689,0.948,10,-5.611,0,0.0441,0.0368,0.000402,0.0801,0.234,115.965,255547,4,2,Instrumental Calm
6lJpIEtX3zm9NzEWGqDkgi,"Чуєш, мамо",Віктор Павлік,"['pop', 'folk']",0.511,0.588,3,-7.079,0,0.0295,0.029,0.0,0.215,0.425,68.495,288259,3,2,Instrumental Calm
6lLCsTI2SIMHTyi5AM897D,Nancy From Now On - Spotify Sessions Curated by Jim Eno,Father John Misty,['pop'],0.409,0.745,0,-7.694,1,0.0315,0.0654,0.0765,0.166,0.134,105.693,250896,4,0,Energetic Happy
6lP4XxHW0uh1yxFwq9JAo2,Sunn Baat Berahdey,Sanam Marvi,"['ghazal', 'sufi']",0.439,0.569,1,-7.636,1,0.0376,0.337,0.0,0.133,0.428,91.903,391520,4,0,Energetic Happy
6lUoXC5ZFclWcr7jJjd4Wy,Bulleh Noon Samjhavan,Abida Parveen,"['ghazal', 'sufi']",0.714,0.787,5,-4.579,0,0.116,0.491,0.00284,0.194,0.684,88.212,727301,4,2,Instrumental Calm
6lZ5gcVz0D9H0vedv0Qw6g,Mere Dil Ko Jiski Talash Thi,Asha Bhosle,['bollywood'],0.715,0.554,8,-6.607,0,0.0605,0.6,2.99e-06,0.331,0.887,117.923,171990,4,2,Instrumental Calm
6ld7gkICiWVqBQbCwzJsjV,Tere Milne Ki Rut Se,Munni Begum,['sufi'],0.658,0.563,1,-12.927,1,0.0331,0.386,0.0,0.0764,0.875,109.851,271480,4,2,Instrumental Calm
6lk84mjcJBgPRl9kCexGth,"Sawan Aaye Sawan Jaaye Duet (from""Chahat"")",Runa Laila,['ghazal'],0.371,0.515,5,-7.903,1,0.0385,0.965,0.101,0.756,0.218,83.681,413627,4,1,Dance Party
6lmOKh1IzGYdHERv2pCVrp,Ishq Ishq,Gurdas Maan,['sufi'],0.598,0.885,10,-4.054,0,0.111,0.734,0.3,0.0959,0.94,83.196,333899,4,0,Energetic Happy
6lqN9GYOAAB950IU8kFR6y,Jago Re Jago,Anup Jalota,['ghazal'],0.505,0.602,5,-6.955,0,0.0358,0.406,0.0,0.124,0.37,173.968,282697,4,2,Instrumental Calm
6m9RExR1U4qZZYAgOatzSn,Best 4 U,Maroon 5,[],0.526,0.608,10,-5.776,0,0.169,0.127,0.0,0.113,0.372,93.311,239751,4,2,Instrumental Calm
6mBp9qRxGPxoCwtYyKXrmv,Lamhe,Mehdi Hassan,['bollywood'],0.299,0.443,0,-16.002,1,0.0591,0.989,0.895,0.374,0.57,82.456,677400,4,4,Rap / Spoken
6mPS1gne3De0IEepDztmQK,Taaj Daare Haram,Sabri Brothers,['qawwali'],0.444,0.484,3,-10.54,0,0.0939,0.467,0.0,0.109,0.381,127.253,780934,4,1,Dance Party
6mdVkQl61Ug8tli96v9DXs,Meri Tarah Sar-E-Mehfil,Musarrat Nazir,['ghazal'],0.566,0.374,5,-12.69,1,0.0311,0.587,0.00145,0.153,0.593,80.04,321320,4,1,Dance Party
6mdmxdVQUolM9onLM2GqNv,Watch Out For This (Bumaye),Major Lazer,[],0.819,0.759,10,-4.115,0,0.147,0.0196,6.53e-06,0.0613,0.88,108.026,269147,4,2,Instrumental Calm
6mkGcPlvh3H7ZaUiiKNXBl,Ghoom,Junoon,['ghazal'],0.508,0.751,2,-8.762,1,0.0397,0.00184,0.018,0.288,0.498,143.902,466573,4,0,Energetic Happy
6mmvaY4J4LosGIQN4jxiDH,Shabaz Qalander - Funk Club Remix,Nusrat Fateh Ali Khan,['qawwali'],0.739,0.923,5,-6.452,0,0.163,0.0145,1.96e-05,0.0471,0.857,132.995,288973,4,2,Instrumental Calm
6mxeogX4xbCycGIu3ldo59,Sobari Jibone Prem Ase,Runa Laila,['bollywood'],0.637,0.779,11,-5.01,1,0.108,0.804,1.94e-05,0.0698,0.793,94.834,172197,4,2,Instrumental Calm
6nIbiSW6uX8nAQKhq4GUIR,Tu Kuja Man Kuja,Asif Ali Khan Santoo,['qawwali'],0.399,0.511,2,-12.02,0,0.0571,0.502,0.000251,0.65,0.757,124.721,510932,4,0,Energetic Happy
6nKFJ6ot366OJe2sRtHDb8,Ney Taksimi,Süleyman Erguner,['sufi'],0.19,0.034,2,-20.978,1,0.0386,0.973,0.00583,0.0843,0.186,98.477,443200,3,1,Dance Party
6nWm3OTMJhh7TD4nIoAaOq,Ishq Mein Ghairat / Yaar Ko Maine,Jagjit Singh,"['ghazal', 'sufi']",0.378,0.517,10,-10.374,0,0.0342,0.915,0.125,0.817,0.657,84.424,484507,4,1,Dance Party
6nat4Z7iRKWVk1qngQqI0Q,Perfectly Wrong,Shawn Mendes,[],0.361,0.311,2,-11.748,0,0.0369,0.872,0.0,0.0987,0.323,89.362,212773,4,1,Dance Party
6ntttl8PUov1ZEp6czukuH,Girls Like You (feat. Cardi B) - TOKiMONSTA Remix,Maroon 5,[],0.763,0.702,7,-8.041,1,0.0475,0.105,4.64e-05,0.175,0.253,124.891,213594,4,2,Instrumental Calm
6nwftByheZRM0ah6kgspgN,Aj Sik Mitran Di Wadheri,Alhajj Muhammad Owais Raza Qadri,['sufi'],0.363,0.364,11,-6.232,1,0.0339,0.849,0.0,0.148,0.346,114.021,422486,3,1,Dance Party
6ny4VTg7sFnlwchiplt9Ln,Wo Naam Jisko Jalwa - E - Shashudoha Kahen,Chhote Majid Shola,['qawwali'],0.592,0.755,10,-7.709,1,0.0484,0.318,0.0,0.113,0.769,133.006,871584,3,0,Energetic Happy
6oFwYXBVScmo7PNXLy4yee,Menu Gujri Bana Le Gujra,Naseebo Lal,['sufi'],0.68,0.915,10,-5.417,1,0.117,0.302,0.00743,0.524,0.704,124.024,401837,4,0,Energetic Happy
6oVGIxnuwcwZspPEYk2Yb3,Blow Your Mind (Mwah),Dua Lipa,[],0.654,0.796,2,-4.761,0,0.122,0.0188,0.0,0.0948,0.491,108.854,178583,4,2,Instrumental Calm
6ojpH05fF3NLIQuz82Q0zQ,Meri Chuni De Sitarey - Crime Fighter,Naseebo Lal,['ghazal'],0.682,0.818,1,-7.15,1,0.0819,0.458,1.6e-05,0.388,0.96,160.039,337344,4,2,Instrumental Calm
6omfqf8rixV7AHM49kGISd,Mukhde Ton Chuke Je Naqab,Rahat Fateh Ali Khan,['bollywood'],0.734,0.885,1,-9.458,1,0.04,0.0256,2.16e-05,0.0251,0.946,126.047,262502,4,2,Instrumental Calm
6or8qfbH9qUtLeYfWFY3SH,"Can' t Stop (Live-2016 Spring Live -We're like puzzle-@Nippon Budokan, Tokyo)",CNBLUE,['pop'],0.53,0.75,1,-8.537,1,0.0515,0.128,0.0,0.419,0.351,130.03,316483,4,0,Energetic Happy
6p4ggCA22K98E5T4in4mV2,Getaway,Lovelyz,['pop'],0.726,0.912,3,-3.041,0,0.152,0.341,1.04e-06,0.284,0.795,89.952,222240,4,2,Instrumental Calm
6pHHVAPKuKlhbL628T85lr,Dil Wala Dukhra Naeen,Alam Lohar,['sufi'],0.603,0.729,10,-7.369,1,0.0733,0.444,3.12e-05,0.21,0.74,87.79,234801,4,2,Instrumental Calm
6pNCoywiKSP6oMYGp4U9qy,Ya Sahebul Jamal - Ii,Sabri Brothers,['qawwali'],0.452,0.475,3,-9.657,1,0.121,0.777,0.0,0.399,0.703,99.513,885284,4,3,Acoustic Chill
6pQadiopoIsS4x78tjSkJt,LA Girls,Charlie Puth,[],0.869,0.642,8,-5.03,0,0.0367,0.359,1.42e-06,0.0694,0.917,99.992,197107,4,2,Instrumental Calm
6pbhkfdG5RvTJaC3VKPaJn,Rooftops,Marshmello,[],0.704,0.907,10,-3.95,0,0.0672,0.0292,0.0,0.195,0.657,141.988,177465,4,2,Instrumental Calm
6pf5fo5TRyimTOKSTZIP2t,Bam Lahiri,Kailash Kher,['bollywood'],0.825,0.763,6,-7.916,1,0.0742,0.291,1.73e-05,0.58,0.766,119.98,316987,4,2,Instrumental Calm
6phY2gnvf9WwCiXlLMQOY3,HeMotions,Juice WRLD,[],0.561,0.76,2,-7.194,1,0.264,0.667,0.0,0.106,0.317,163.938,187211,4,2,Instrumental Calm
6plEOYQ04883Pk1AC7Ex6v,Sommarvind - Live,Olav Stedje,['pop'],0.549,0.606,6,-8.748,1,0.0305,0.506,0.0,0.692,0.388,94.995,220933,4,0,Energetic Happy
6q3mckEqj7vAYyp3CtFs2p,Geet Hai Yeh Zindagi - Male Vocals,Manna Dey,['bollywood'],0.453,0.511,5,-10.62,0,0.0429,0.82,4.9e-05,0.462,0.796,126.241,254320,4,1,Dance Party
6qBZKi9tOoN4Rund1voDcY,Radhe Radhe Govind Gopal Radhe(Dhun),Hariharan,['ghazal'],0.6,0.628,2,-8.254,1,0.0289,0.807,3.67e-06,0.545,0.791,143.347,2545556,4,3,Acoustic Chill
6qE6zm1FJlgRwClkBa1Ucj,Ajnabi,Aaroh,['sufi'],0.691,0.768,6,-8.531,0,0.0365,0.00198,0.00321,0.0939,0.496,109.982,321720,4,2,Instrumental Calm
6qNALlmZa1ESnCxJmXE1K9,The Way I Am,Charlie Puth,[],0.755,0.769,10,-5.658,0,0.186,0.314,2.38e-06,0.0628,0.642,114.966,186080,4,2,Instrumental Calm
6qd46tQF1RrtZ1UnIvHZ23,Manzal E Ishq Aaz Makan,Ustad Bahauddin Qawal,['qawwali'],0.374,0.727,5,-10.008,1,0.116,0.635,0.516,0.603,0.523,128.109,364069,1,4,Rap / Spoken
6qg7kMDx0f4ixQP3BKjPhx,Mahi Ve Sanon Bhul Na Javin,Naseebo Lal,['sufi'],0.657,0.743,6,-7.566,1,0.0541,0.394,3.64e-05,0.316,0.876,78.632,313386,4,2,Instrumental Calm
6qhIg154S8F802mKQhBVCt,Saaiyan,Abida Parveen,['ghazal'],0.562,0.829,5,-9.222,0,0.214,0.631,0.000176,0.326,0.684,169.164,418900,4,0,Energetic Happy
6qkBqCQxUvV5e7k78v5Vhr,Dekha Hazaro Dafaa,Arijit Singh,['bollywood'],0.409,0.277,7,-8.844,1,0.0305,0.904,0.0,0.209,0.345,143.751,207752,3,1,Dance Party
6qoM1bVF6kBJBRUSKTuEso,Yesterday's Wine,Willie Nelson,['pop'],0.473,0.439,11,-11.598,1,0.0562,0.184,2.99e-06,0.18,0.43,175.67,192347,3,2,Instrumental Calm
6qpGiqSejKRMW0LHWQB2WO,Ishq Na Darda Maut Kanu,Abida Parveen,['ghazal'],0.545,0.712,8,-8.577,0,0.141,0.709,7.3e-05,0.252,0.803,100.671,539353,4,0,Energetic Happy
6qpOkp6QWPL1NPZ9Z4SK2V,Tuj Magato Me Aata,Lata Mangeshkar,['bollywood'],0.251,0.425,2,-10.359,1,0.0386,0.97,0.00449,0.122,0.36,162.916,228520,4,1,Dance Party
6qqNH5izuCNicAmT42Od46,Mast Qalandar,Asif Ali Khan Santoo,['qawwali'],0.557,0.48,6,-15.809,1,0.125,0.769,0.0,0.176,0.862,106.198,871770,4,1,Dance Party
6qqcfgdeDV797A5OZP1pYG,Say My Name (feat. Bebe Rexha & J Balvin) - JP Candela & ATK1 Extended Mix,David Guetta,[],0.798,0.988,4,-2.9,0,0.075,3.91e-05,0.488,0.0651,0.324,125.988,365714,4,2,Instrumental Calm
6qtSFL6qFbw7EmaRIsS0IR,Woh Kaghaz Ki Kashti,Jagjit Singh,"['ghazal', 'sufi']",0.705,0.48,11,-12.556,1,0.0399,0.909,0.00473,0.0944,0.8,108.178,388998,3,1,Dance Party
6qx9u1XCqXDC8ekTwacixQ,Teri Ankhon Mein Hamne Kya Dekha,Jagjit Singh,"['ghazal', 'bollywood', 'sufi']",0.587,0.282,0,-13.639,1,0.028,0.905,0.00488,0.121,0.448,90.863,362022,4,1,Dance Party
6qy9JPAZjsOwgHgzKDyIJi,Jis Ne Mere Dil Ko Dard Diya,Faiz Ali Faiz,['sufi'],0.528,0.824,10,-4.78,0,0.0856,0.323,0.0,0.122,0.894,83.514,610545,4,0,Energetic Happy
6rIdE075IRJNDVGj2m4BSW,Dholan,Hadiqa Kiani,['ghazal'],0.621,0.564,11,-9.934,1,0.0394,0.395,0.000236,0.116,0.797,164.564,277315,3,2,Instrumental Calm
6rLypg1a2kCCuCcvXFY315,"Poonkatrey (From ""Friends"")",Hariharan,['ghazal'],0.591,0.491,7,-11.464,1,0.0481,0.635,0.0,0.388,0.848,72.006,289724,4,1,Dance Party
6rNpYSwzHEQvNZSxf9FUbD,"Tere Saath Hoon Main - From ""Raksha Bandhan""",Himesh Reshammiya,['bollywood'],0.665,0.704,5,-5.961,1,0.0391,0.208,0.0,0.177,0.615,146.009,345205,4,2,Instrumental Calm
6rUZy2QSdxQE7k6UJrYda4,Dus Tu Ki E Yaar,Rahat Fateh Ali Khan,"['bollywood', 'qawwali']",0.508,0.747,10,-9.964,0,0.0455,0.0523,0.000446,0.298,0.935,113.428,865176,4,0,Energetic Happy
6rYrZGxaCbCXj8GvCmh5LW,Khilte Hain Gul Yahan - Male Vocals,Kishore Kumar,['bollywood'],0.365,0.394,1,-14.493,1,0.0357,0.795,0.0,0.248,0.642,106.85,242653,3,1,Dance Party
6rcnfzxb4BsutTwgFP70xd,"Youth (Remix) [feat. Khalid, and Jessie Reyez] - Remix",Shawn Mendes,[],0.608,0.583,6,-6.91,0,0.0582,0.604,0.0,0.0822,0.325,100.057,201493,4,2,Instrumental Calm
6rnWvY9hsH3Yt3zN63NDp3,Aj Yaadaan Teriyaan,Nusrat Fateh Ali Khan,['qawwali'],0.624,0.8,7,-7.278,0,0.045,0.563,0.0016,0.667,0.61,134.624,510804,4,0,Energetic Happy
6rz0dTA0PdhXImFV5EjM0w,Hide (feat. Seezyn),Juice WRLD,[],0.717,0.645,5,-5.089,0,0.0774,0.0779,0.0,0.146,0.137,150.044,205800,4,2,Instrumental Calm
6sAwJPgaSQ9Q4XGnbx1gZb,Mala Mía - Remix,Maluma,[],0.697,0.772,8,-5.028,0,0.309,0.1,0.0,0.418,0.858,180.046,207143,4,2,Instrumental Calm
6sBCy9oxVekm30aod8S7VY,Ku E Jannat Ki Faza Dil Mein,Nazir Ejaz Faridi Qawwal,['qawwali'],0.415,0.719,1,-8.626,1,0.0996,0.531,0.0,0.44,0.481,111.499,1675464,4,3,Acoustic Chill
6sRCtHJyqbzbloU6hPOWYf,Eto Kiser Tara,Arijit Singh,['bollywood'],0.595,0.6,0,-7.928,1,0.0329,0.529,0.000168,0.357,0.144,129.812,262249,4,2,Instrumental Calm
6sVOj0VLqOWY1QigDMmhC0,Raat Dhalne Lagi Hai,Faiz Ahmed Faiz,['ghazal'],0.565,0.0545,10,-19.142,1,0.856,0.95,0.0,0.166,0.282,170.322,53387,3,1,Dance Party
6safrwejnKZwTMJvXiuq7I,Waiting on You,Newton Faulkner,['pop'],0.712,0.466,8,-7.865,1,0.0303,0.36,2.59e-05,0.117,0.571,124.823,235000,4,2,Instrumental Calm
6seej14YoRawfeGvusNd8w,Aa Ke Mil Ja Akhri Baar,Shahid Ali Khan,['qawwali'],0.587,0.589,3,-13.345,0,0.0392,0.105,8.54e-05,0.0961,0.951,152.102,213346,4,2,Instrumental Calm
6si7uHYYPoPLjRS2HEWx8F,Palike Gorinka (Lofi),Sadhana Sargam,['bollywood'],0.448,0.447,9,-11.438,1,0.0543,0.122,0.0226,0.36,0.337,81.017,149142,4,2,Instrumental Calm
6sn00kJrQPysgKOqYySSwI,Love Me,Meet Bros.,['bollywood'],0.809,0.64,9,-6.088,0,0.127,0.0115,0.0,0.0982,0.6,99.989,169452,4,2,Instrumental Calm
6supMAknraGpJrN5qqYfV8,Good Form (feat. Lil Wayne),Nicki Minaj,[],0.898,0.733,7,-4.75,1,0.178,0.0533,0.000115,0.102,0.295,96.51,237493,4,2,Instrumental Calm
6t3szdHZatx6QiOPcCQR5u,To Lagi Gopadanda,Anuradha Paudwal,['ghazal'],0.544,0.518,0,-11.39,0,0.042,0.283,0.00464,0.194,0.869,89.511,324680,3,2,Instrumental Calm
6tHYqpqJwxqLBwQUu5hSh9,Bonus Track,Mohammed Rafi,['bollywood'],0.475,0.497,2,-8.702,0,0.0287,0.693,0.0,0.797,0.37,91.937,283771,4,1,Dance Party
6tP0TvhV0WZw9w5kkNxBUs,Dekhe Bhale Dost Humare,Mehdi Hassan,['ghazal'],0.385,0.573,6,-9.594,1,0.0384,0.664,0.501,0.0984,0.512,149.26,663507,4,4,Rap / Spoken
6tjLRrjC3SKTf2uV3jcIQ3,Sohna Data Ali Hajveri,Qari M. Saeed Chishti,['qawwali'],0.63,0.769,5,-8.061,0,0.0342,0.493,0.00861,0.354,0.924,103.411,639011,4,0,Energetic Happy
6tjzeB1k0x9paSlMsGKE2V,Tinku Jiya,Mamta Sharma,['bollywood'],0.749,0.919,10,-4.531,0,0.0841,0.0571,0.0445,0.283,0.629,130.0,298210,4,2,Instrumental Calm
6tsOcBnaKgzK22yEiqRh8P,MONOPOLY (with Victoria Monét),Ariana Grande,[],0.892,0.507,0,-8.282,1,0.378,0.704,3.14e-05,0.109,0.695,143.96,158587,4,2,Instrumental Calm
6u1eM1oNbGVbMwgXVjH1ZB,Lechal Door Udake,Noor Jehan,['bollywood'],0.492,0.491,8,-11.308,0,0.0506,0.773,0.494,0.582,0.805,139.511,271947,4,4,Rap / Spoken
6u3BznbIBuPAUci1zs5f03,Tere Lab Ko,Anup Jalota,['ghazal'],0.344,0.549,3,-8.008,1,0.0736,0.363,0.0,0.191,0.568,84.056,256522,4,0,Energetic Happy
6uBL5xsDhId64ZJ7U4YDGT,"Marbo Re Sugwa Dhanukh (From ""Chhath Mein Ghare Aai"")",Anuradha Paudwal,"['ghazal', 'bollywood']",0.586,0.357,8,-10.107,1,0.029,0.59,0.0,0.0702,0.693,107.358,319000,4,1,Dance Party
6uKyiIcP2wMbJOGWiQLlSN,Sweet Pain - R + D Division Remix,Nusrat Fateh Ali Khan,['qawwali'],0.679,0.563,8,-11.501,1,0.105,0.0647,0.583,0.175,0.2,149.989,371507,4,4,Rap / Spoken
6uNH0fnHvlTvbYqzQFgHNW,"Abc Of Chennai (From ""Masala Padam"")",Benny Dayal,['bollywood'],0.664,0.732,6,-4.049,1,0.0541,0.187,5.79e-06,0.12,0.394,93.972,298714,4,2,Instrumental Calm
6uiGtCUqmjUK9eiufHOTec,Tell It Like It Is,Freddy Fender,['pop'],0.618,0.579,1,-11.571,0,0.102,0.585,0.0,0.371,0.654,111.13,163507,3,1,Dance Party
6v54G4hhoyTPreZ3nvSYmR,"Pehla Pyaar (From ""Kabir Singh"")",Armaan Malik,['bollywood'],0.607,0.713,4,-5.105,1,0.03,0.56,4.98e-05,0.101,0.611,124.868,272533,4,2,Instrumental Calm
6vB36LrsshvJ52Z39S3zg2,Chaap Tilak,Asees Kaur,['bollywood'],0.408,0.437,8,-9.194,1,0.0499,0.452,0.0,0.112,0.493,167.989,326429,4,1,Dance Party
6vBWZmaxnu84GTB6IaM8qv,Bagh Baharan Tay Gulzaran,Atta Ullah Khan Esakhelvi,"['ghazal', 'qawwali']",0.585,0.535,2,-12.699,1,0.0435,0.483,0.000873,0.105,0.681,104.686,889999,4,1,Dance Party
6vI590JlVyapL49kxs0zc9,Allah Hoo Allah Hoo,Nusrat Fateh Ali Khan,['qawwali'],0.463,0.53,11,-16.167,0,0.0665,0.792,0.226,0.933,0.604,107.817,980933,4,3,Acoustic Chill
6vMOBXRVxbqntzfYrTohkq,Ruthe Ho Tum,Nayyara Noor,"['ghazal', 'sufi']",0.329,0.233,1,-16.027,0,0.0354,0.816,2.28e-06,0.118,0.406,147.034,259267,3,1,Dance Party
6vPbCJKRdzZVENFCIVvpvf,Saqi Karbal,Rahat Fateh Ali Khan,['qawwali'],0.45,0.317,11,-14.899,1,0.112,0.909,0.0,0.34,0.735,90.457,255197,4,1,Dance Party
6vPiqCtT5f1SDQriwbpwsZ,This Singh Is So Stylish,Diljit Dosanjh,['bollywood'],0.541,0.664,9,-8.809,0,0.115,0.00341,0.0,0.0416,0.593,167.968,231549,4,2,Instrumental Calm
6vaJuDmsi3j2CUNZzYaHoJ,Aish-O-Ishrat Ka Har Ik,Sabri Brothers,['sufi'],0.51,0.223,9,-19.095,1,0.23,0.89,0.000139,0.142,0.47,111.699,789827,4,1,Dance Party
6vjGcXXIoSFXPLer2AgkC5,Din Raat Duawan Mangni,Naseebo Lal,['sufi'],0.633,0.942,10,-0.668,1,0.161,0.312,0.000785,0.172,0.898,114.122,341984,4,2,Instrumental Calm
6vl9dnscA5ys9QWpQhMtdr,"Naina Lad Jaihen (From ""Gunga Jumna"")",Mohammed Rafi,['bollywood'],0.43,0.586,9,-10.674,1,0.152,0.787,0.0,0.752,0.639,107.08,281234,4,0,Energetic Happy
6vna00zoxnatz61GxgyDNC,"Apni Kaho Kuchh Dil Ka Lagana Bhool Gaye (From ""Parchhain"")",Talat Mahmood,['bollywood'],0.655,0.204,5,-15.241,0,0.0503,0.944,0.00392,0.237,0.892,80.7,190773,3,1,Dance Party
6vnfObZ4Ys70SBAtti1xZ9,COFFEE BEAN,Travis Scott,[],0.81,0.582,5,-5.098,0,0.125,0.0862,0.00681,0.207,0.503,95.004,209116,4,2,Instrumental Calm
6vsV4D8BM6PioRr1UOx0n2,you should see me in a crown,Billie Eilish,[],0.697,0.552,1,-10.271,0,0.196,0.479,0.127,0.147,0.278,75.235,180567,4,2,Instrumental Calm
6w0tPY3QM8su7KAz3IYegn,Why don't you RELAX?,9nine,['pop'],0.757,0.906,4,-4.489,0,0.053,0.0385,0.000819,0.418,0.588,122.998,246027,4,2,Instrumental Calm
6w2bYKqsNsDF9ufRvtlT26,Run Babay,Abrar Ul Haq,['sufi'],0.721,0.922,2,-4.655,1,0.145,0.0753,0.0,0.325,0.724,79.977,253360,4,2,Instrumental Calm
6wAGboK9kHuaGlpyRm6OHr,Ghunghat Chuk Lai Sajna Ve,Nusrat Fateh Ali Khan,['qawwali'],0.55,0.573,6,-9.961,1,0.0564,0.671,0.000173,0.508,0.842,133.724,609017,4,0,Energetic Happy
6wAk02EYGtiKV2IxMpqeox,Ab Rakho Daas Bhaat Ki Laaj,Asees Kaur,['bollywood'],0.606,0.489,7,-5.284,1,0.0324,0.367,0.0,0.109,0.707,141.962,487885,4,2,Instrumental Calm
6wDn0CpmWHm9GbnpRd4YXE,Lamha Lamha Beet,Tina Sani,['sufi'],0.581,0.511,0,-8.96,1,0.0506,0.87,0.025,0.187,0.258,92.481,284360,4,1,Dance Party
6wJEU3X3Bbb3utsHN4nRFC,Saajna Reprise,Arijit Singh,['bollywood'],0.576,0.269,7,-9.898,1,0.0294,0.827,0.0,0.137,0.463,75.069,174167,4,1,Dance Party
6wKcjAyntUxV9jchVrz4gk,"Needhe Needhe (From ""Gopala Gopala"")",Sonu Nigam,['bollywood'],0.606,0.603,4,-8.924,1,0.0651,0.786,0.000587,0.0941,0.554,94.958,243717,4,1,Dance Party
6wSv6tCX9fnj5ShhIyg8nG,Sur Mati Sarpa Gosane,Neerja Pandit,['sufi'],0.664,0.77,1,-9.9,1,0.0476,0.759,1.04e-06,0.31,0.918,124.858,460527,4,0,Energetic Happy
6wZXwJHqvsHtl3tSHfWZdg,Nami Danam Ch Manzil Bood,Nusrat Fateh Ali Khan,['qawwali'],0.506,0.901,2,-4.983,1,0.3,0.648,3.4e-05,0.357,0.905,107.092,385044,4,0,Energetic Happy
6waxclMTCWwM6zjqYlvhTb,Kirye - Live,Kudsi Erguner,['sufi'],0.233,0.17,7,-12.541,1,0.0392,0.969,0.427,0.365,0.0724,80.641,469893,3,4,Rap / Spoken
6wmAHw1szh5RCKSRjiXhPe,How Long,Charlie Puth,[],0.845,0.561,1,-5.253,0,0.0778,0.211,3.49e-06,0.0383,0.811,109.974,200853,4,2,Instrumental Calm
6wogrqAh1GfVvhgLB8PRRD,Who I Am (feat. LunchMoney Lewis),Maroon 5,[],0.812,0.67,5,-4.008,1,0.0901,0.172,3.29e-06,0.253,0.654,125.087,183427,4,2,Instrumental Calm
6x4ujYzpmmMwTKR5Z9GZ9N,Haq Ali Ali Haq,Nusrat Fateh Ali Khan,['qawwali'],0.368,0.893,10,-5.525,0,0.0861,0.368,3.39e-06,0.503,0.677,89.221,441756,4,0,Energetic Happy
6x5LBP3nYXVdIDoomChGr3,Marinero,Maluma,[],0.58,0.491,7,-5.156,1,0.0473,0.683,0.0,0.122,0.843,83.81,189133,4,1,Dance Party
6xGvugFZfslfdVCRBlEsbr,Kalma Padhkar Roze Rakhkar,Mohammed Aziz,['bollywood'],0.43,0.822,6,-8.376,0,0.105,0.773,0.0,0.215,0.44,112.939,485707,4,0,Energetic Happy
6xRENaWGWjmeVtxRfa1EWS,Hum Tujhse Mohabbat,Mukesh,['bollywood'],0.707,0.184,1,-8.379,1,0.0391,0.867,0.0134,0.191,0.622,86.627,235319,4,1,Dance Party
6xRwb6TnpsRIDWPbwktEmD,Sad,Bebe Rexha,[],0.686,0.708,5,-4.432,0,0.0428,0.44,0.0,0.16,0.312,128.001,185640,4,2,Instrumental Calm
6xcp6t8iwxFQMEvRPixRYb,Ja Mur Ja Aje Wi,Nusrat Fateh Ali Khan,"['sufi', 'qawwali']",0.501,0.605,5,-8.064,0,0.0472,0.771,6.89e-06,0.235,0.833,110.861,895360,4,3,Acoustic Chill
6xeCDZr3axQShwH5IucC4Q,"Ghatwa Ke Aari Aari (From ""Chhath Mahima"")",Anuradha Paudwal,['bollywood'],0.689,0.369,1,-10.187,1,0.0321,0.895,0.0,0.177,0.608,105.102,218133,1,1,Dance Party
6xtTKJRGy3xW28tWorIwGN,Dil Hay Bekhud Sambhaale Na Sambhle,Nusrat Fateh Ali Khan,['qawwali'],0.488,0.43,1,-15.894,1,0.346,0.123,0.00425,0.18,0.543,117.678,1330898,4,3,Acoustic Chill
6xtcFXSo8H9BZN637BMVKS,Let You Love Me,Rita Ora,[],0.531,0.854,10,-3.149,1,0.198,0.288,0.0,0.0773,0.456,94.419,190000,4,2,Instrumental Calm
6y3jAgOVnzVuq75OdlNUqy,Madhaniyan,Neha Bhasin,['bollywood'],0.64,0.163,4,-15.454,1,0.0325,0.856,0.000341,0.129,0.267,139.846,255302,4,1,Dance Party
6y9SKWvOAjxz4Nm04ADAr8,Je serais là,Cali,['pop'],0.563,0.178,11,-16.376,0,0.0567,0.905,2.62e-06,0.0986,0.558,92.433,223080,4,1,Dance Party
6yBB5gH5I7WcmiBAaIeA6B,Without You (feat. Sandro Cavazza),Avicii,[],0.656,0.867,2,-4.819,1,0.0429,0.00151,0.0,0.0437,0.24,134.014,183160,4,2,Instrumental Calm
6yHEhX12PnE3YLyqXxl5eD,Mohabbat Ibadat Hai,Asha Bhosle,['bollywood'],0.453,0.678,6,-9.671,1,0.0992,0.288,0.0,0.12,0.579,98.014,314280,4,0,Energetic Happy
6yOpXepZKPzGnL1qfDQqy6,Remind Me to Forget - Young Bombs Remix,Kygo,[],0.674,0.812,0,-4.696,1,0.0634,0.191,0.0,0.208,0.417,105.024,216000,4,2,Instrumental Calm
6yP80uvrivvJbMv3NF5x18,Saraswati (Kheyal) [Live],Javed Bashir,['qawwali'],0.418,0.689,1,-7.702,0,0.0628,0.443,0.0,0.0995,0.355,119.178,997840,5,0,Energetic Happy
6yXMtbI6p3gc2e7FtTl5la,Bukhar,Sukhbir,['bollywood'],0.663,0.878,7,-5.558,0,0.164,0.293,0.0,0.345,0.643,170.891,200000,4,2,Instrumental Calm
6ybC8dtStiIZJConqWV64J,Mere Sabir Teri Chokhat Ki,Nusrat Fateh Ali Khan,['qawwali'],0.512,0.867,3,-8.243,1,0.0896,0.51,0.0254,0.693,0.795,151.124,851229,4,0,Energetic Happy
6ybDERzQ73b8tbdCjuV6D9,Promises (with Sam Smith) - Franky Rizardo Remix,Calvin Harris,[],0.765,0.815,10,-7.167,0,0.0454,0.000125,0.645,0.123,0.639,125.033,266880,4,4,Rap / Spoken
6yzXpNaKXSogE1qpEzo89j,Quem Te Viu Quem Te Vê,Simone,['pop'],0.496,0.414,6,-13.063,1,0.055,0.253,0.0,0.387,0.606,80.036,312800,4,1,Dance Party
6zD2dZ4b4wCxNRPcrVzJcn,Ali Ali Keh,Abida Parveen,['ghazal'],0.72,0.844,8,-5.799,1,0.054,0.327,0.0,0.0731,0.902,101.877,364748,4,2,Instrumental Calm
6zEOfBb85G0Vaau5skdAUG,Whiskey (feat. A$AP Rocky),Maroon 5,[],0.604,0.405,10,-8.279,1,0.0597,0.735,0.0,0.105,0.0861,103.98,210422,4,1,Dance Party
6zRkg9cckusJYHqGJE3L0G,Always Somethin' New,Tommy heavenly6,['pop'],0.53,0.98,9,-3.422,1,0.091,0.000172,0.0,0.0568,0.425,103.021,217280,4,2,Instrumental Calm
6zeeWid2sgw4lap2jV61PZ,Better,Khalid,[],0.596,0.552,0,-10.278,0,0.097,0.0765,0.334,0.104,0.112,97.949,229320,4,2,Instrumental Calm
6zf8mvo3Ue1veVlI1cajyu,"Sleep, Pt. 3",Liam The Younger,['pop'],0.266,0.24,2,-17.25,1,0.0405,0.943,0.0205,0.0996,0.379,122.382,303335,4,1,Dance Party
6zgegJrtteEO2dGP4fckhM,Taj Dare Haram Ya Mahammad,Jani Babu,['qawwali'],0.502,0.569,8,-9.44,1,0.0385,0.728,0.0,0.0813,0.727,142.089,402973,3,1,Dance Party
6znEGY5rUa1rSLF7gAEVDn,"Chhod bhi de manjhdhar nao (From ""Barkha'')",Mohammed Rafi,['bollywood'],0.523,0.421,10,-10.663,1,0.033,0.478,2.29e-06,0.256,0.713,97.318,227136,4,1,Dance Party
6znpdsdacXPtDVW70VdLz8,Mein Mar Gai Tere Lai,Naseebo Lal,"['ghazal', 'sufi']",0.685,0.914,2,-2.79,1,0.0692,0.25,1.36e-05,0.0427,0.807,83.534,327533,4,2,Instrumental Calm
6zuztOyABgrFKGV4WlFH4E,Aadmi Aadmi Se Milta Hai,Nusrat Fateh Ali Khan,['sufi'],0.467,0.788,1,-6.553,1,0.0408,0.705,0.000248,0.14,0.83,107.612,390845,4,0,Energetic Happy
6zvh8UG1FWPjYaQIN4G8Ko,I Just Wanna Spend My Life With You,Salim–Sulaiman,['bollywood'],0.617,0.566,4,-9.673,1,0.044,0.563,0.0,0.143,0.38,139.973,325721,4,1,Dance Party
706uHeQZ7nnlfX545K9XwE,Koi Nahin,Nazia Hassan,['sufi'],0.601,0.535,4,-13.91,0,0.0311,0.542,0.0,0.357,0.885,111.202,325307,4,1,Dance Party
7094KXViSH8KcAUHcnZeOa,Khwaja Ki Chadar Hai,Azeem Nazaan Qawaal,['qawwali'],0.456,0.741,10,-6.665,0,0.0646,0.185,0.0,0.901,0.965,78.351,913162,4,0,Energetic Happy
70MH4CTiJZ5LWl9Gw2npdY,Kabhi Hum Khoobsurat,Nayyara Noor,['ghazal'],0.279,0.0873,8,-20.722,0,0.0375,0.977,0.00321,0.0942,0.31,91.479,224067,4,1,Dance Party
70VFfJVX7ubLQwZDhyUhbG,Dhoop Kitni Tej Ho,Hariharan,['ghazal'],0.421,0.456,0,-14.568,1,0.0436,0.265,5.72e-06,0.164,0.517,176.194,299747,3,1,Dance Party
70bQ1mZirIVmliFyVnAEdl,"Joban Roop Bahar Rasiya (From ""Maaf Kijiyega"")",Uma Devi,['bollywood'],0.659,0.178,3,-10.953,1,0.0711,0.992,0.0155,0.11,0.766,130.789,185371,4,1,Dance Party
70bazZm7S4uKw1fd09DAmW,Dil Hoom Hoom Kare - The Unwind Mix,Hamsika Iyer,['bollywood'],0.337,0.272,7,-13.274,1,0.0289,0.892,6.48e-05,0.131,0.222,93.791,282707,4,1,Dance Party
70gUpEnhuX4OxklDsYewHY,365 - Jonas Aden Remix,Zedd,[],0.74,0.802,2,-3.967,1,0.0531,0.0112,0.000385,0.187,0.502,123.987,165998,4,2,Instrumental Calm
70khXICDeTTxgYtw3EysKH,sweetener,Ariana Grande,[],0.721,0.459,4,-6.408,1,0.032,0.248,0.0,0.212,0.46,119.914,208493,4,2,Instrumental Calm
711gt65lkV8fxdYs0FYzQm,"Tumse Mila Tha Pyar - From ""Khatta Meetha""",Lata Mangeshkar,['bollywood'],0.417,0.519,9,-6.773,1,0.0413,0.765,0.0483,0.118,0.648,144.431,234773,4,1,Dance Party
714H20v9PrAINvE4fIwC3s,Om Jai Shri Krishna,Mahendra Kapoor,['bollywood'],0.447,0.622,6,-10.144,1,0.0577,0.642,0.0,0.594,0.689,94.647,634987,4,0,Energetic Happy
71BoK7XV215tFFxOQsSKwO,"Aaicha Jogwa Maagen (From ""Kolhapurchi Aai Mahalakshmi"")",Anuradha Paudwal,['bollywood'],0.685,0.65,1,-9.457,1,0.0345,0.556,0.000265,0.282,0.836,99.114,350405,4,2,Instrumental Calm
71HPaDlu1SXsYXdMicyonb,"Benaam Sa Ye Dard - From ""Dhoop""",Jagjit Singh,['ghazal'],0.288,0.384,8,-11.786,0,0.0295,0.722,0.00245,0.121,0.21,79.849,543133,4,1,Dance Party
71LKcxbyGQMURQ5vSsYQ69,Happier - Jauz Remix,Marshmello,[],0.634,0.803,0,-6.479,1,0.0859,0.00499,0.00385,0.24,0.258,75.024,243200,4,2,Instrumental Calm
71N09dP84rVqHrKT5SQrq4,Mareez - E - Mohabbat Unhi Ka Fasana,Ghulam Ali,['sufi'],0.476,0.526,0,-9.312,1,0.0578,0.977,0.0612,0.687,0.586,77.175,1134653,4,3,Acoustic Chill
71QXOwBoZfNMpKIdRs8jYf,Gaddi Teshan Utey,Nahid Akhtar,['ghazal'],0.51,0.753,11,-6.274,0,0.045,0.821,0.00365,0.347,0.691,126.466,262891,4,0,Energetic Happy
71WUtFMK8rcB5xKt2OCurZ,Tasbeeh De Ik Ik Dane,Nusrat Fateh Ali Khan,['qawwali'],0.474,0.842,2,-7.655,0,0.069,0.124,1.42e-05,0.402,0.852,111.474,1070102,4,0,Energetic Happy
71alh1fN8GHv52iniUKqmM,Tak Dhoom,Rahat Fateh Ali Khan,['qawwali'],0.522,0.674,0,-6.403,1,0.0545,0.585,2.3e-06,0.289,0.696,81.901,316108,4,0,Energetic Happy
71azyw4EJDlGru5Uw6DGzT,"White Christmas - Spotify Singles - Christmas, Recorded at Sound Stage Studios Nashville",Meghan Trainor,[],0.566,0.437,9,-10.13,1,0.0359,0.427,3.35e-06,0.373,0.513,67.053,194312,4,1,Dance Party
71rAarazaWv5H7XGfBlG4l,Mein Mast Reh Ke Yaaro,Naseebo Lal,['sufi'],0.722,0.754,5,-5.589,0,0.0508,0.857,0.0696,0.692,0.777,111.405,441689,4,0,Energetic Happy
720RCxcq6KRF2PaiFnkC0W,Levels - Radio Edit,Avicii,[],0.584,0.89,1,-5.941,0,0.0343,0.047,0.814,0.309,0.466,126.04,199907,4,4,Rap / Spoken
728QXMk8CfttpYIE4TJMU5,ロマンティック・オデッセイ（オリジナル・カラオケ）,Yoko Oginome,['pop'],0.597,0.954,8,-7.837,0,0.0329,0.00526,0.77,0.0782,0.808,139.869,250169,4,4,Rap / Spoken
72CCnBouhnTU9Ek0s9P3gw,Piya Ghar Aya,Ustad Bahauddin Qawal,['qawwali'],0.522,0.961,1,-5.425,1,0.0821,0.458,0.297,0.533,0.726,116.422,1736124,4,3,Acoustic Chill
72F7TncJMiuUlPVcW3pgMF,Aye Baarish,Altamash Faridi,['bollywood'],0.644,0.653,10,-6.96,0,0.0381,0.279,0.000314,0.0869,0.604,84.958,278131,4,2,Instrumental Calm
72FhMy7S759RLCrBKZw7oq,Maye Kahoon Masti Kahoon,Talat Aziz,['ghazal'],0.552,0.734,3,-8.114,1,0.0344,0.715,0.0263,0.302,0.901,115.443,312413,4,0,Energetic Happy
72HCYVLpSdoZzeiITH3BVJ,Kala Bhanra To Kalare,Namita Agrawal,['pop'],0.464,0.883,7,-3.593,1,0.118,0.535,0.00236,0.456,0.92,164.72,287664,3,0,Energetic Happy
72J8O7kyKTicwoUxuu0eYy,FRIENDS - Justin Caruso Remix,Marshmello,[],0.686,0.728,9,-4.581,0,0.0743,0.0173,0.0,0.085,0.733,95.0,194526,4,2,Instrumental Calm
72TyiiduRmczEbDIEtKQdR,Wasted Times,The Weeknd,[],0.562,0.674,10,-6.049,0,0.0851,0.622,2.04e-05,0.111,0.293,122.699,220293,4,2,Instrumental Calm
72ZlbnwFrJecXuuIpJpVhb,Yahaan Fasaad Shuru Hua - Narration,Gulzar,['bollywood'],0.657,0.236,1,-16.272,1,0.902,0.72,0.0,0.164,0.392,121.186,201271,1,1,Dance Party
72aelaGNxunzmp26t7yYU8,Man Qunto Maula,Warsi Brothers,['qawwali'],0.471,0.352,5,-17.849,0,0.106,0.724,1.24e-05,0.0471,0.619,104.243,864014,4,1,Dance Party
72gWnaH5QpuQKMWOFTUHAM,Akhan Lab Liya Ron Da,Nusrat Fateh Ali Khan,['qawwali'],0.448,0.749,10,-6.29,0,0.0554,0.773,0.000297,0.354,0.825,103.493,927880,4,0,Energetic Happy
72n3z24Nh21DgU11G7TMQG,Hanuman Chalisa Superfast Speed Up,Brijesh Shandilya,['sufi'],0.695,0.815,4,-10.104,1,0.0545,0.347,3.69e-06,0.14,0.565,149.971,201600,4,2,Instrumental Calm
72oOwZmQaiAFNuMeZ2axMQ,Qaseeda Burda Shareef,Fareed Ayaz Abu Muhammad Qawwal,"['sufi', 'qawwali']",0.405,0.433,6,-9.869,1,0.114,0.768,0.0,0.319,0.518,83.782,952021,4,3,Acoustic Chill
72quBJM1FtB8Ryp02PyL8g,Son Kuşlar,Aziz Şenol Filiz,['sufi'],0.373,0.185,9,-18.346,0,0.0316,0.899,0.965,0.0961,0.327,103.874,271395,3,4,Rap / Spoken
72ruYOZjw9ba0bCq71undF,Abhi Kam-Sinni Hai,Naseem Begum,['ghazal'],0.526,0.558,0,-13.048,1,0.478,0.973,0.562,0.484,0.643,78.659,194318,4,4,Rap / Spoken
72s1xrc7E27aATdCMbFMC6,"Shayad (Film Version) - From ""Love Aaj Kal""",Pritam,['bollywood'],0.345,0.508,8,-7.595,1,0.0358,0.912,0.00138,0.101,0.287,135.21,245733,4,1,Dance Party
732iQF09gPlc32IlBGoXvv,Youth (feat. Khalid) - Acoustic,Shawn Mendes,[],0.509,0.484,6,-7.488,0,0.0712,0.838,0.0,0.131,0.451,100.593,189947,4,1,Dance Party
738sLR9WoB1Jg63s28ND7y,Kar Kar Mintan Yaar Diyan,Atta Ullah Khan Esakhelvi,['ghazal'],0.331,0.749,6,-3.467,1,0.0392,0.893,0.52,0.28,0.636,84.308,386373,4,4,Rap / Spoken
73E0LAXTcAwCEom0wm8sux,"Mera Rang De (From ""Shaheed Bhagat Singh"")",Roop Kumar Rathod,['bollywood'],0.482,0.812,8,-8.483,1,0.152,0.563,0.0,0.14,0.768,74.549,336387,4,0,Energetic Happy
73F87Sqh6jQWucOOvz1WFx,"Genius - with Sia, Diplo & Labrinth",Sia,[],0.622,0.621,11,-4.924,0,0.129,0.0864,9.8e-05,0.121,0.567,158.946,213040,4,2,Instrumental Calm
73KdBv1wjbr00x9eucZsit,Panga,Diljit Dosanjh,['bollywood'],0.685,0.724,1,-4.983,0,0.273,0.126,0.0,0.463,0.266,159.98,282285,4,2,Instrumental Calm
73TXMz1i41sGfOuDg8gH4L,Candle In The Wind - 2018 Version,Ed Sheeran,[],0.549,0.449,4,-10.479,1,0.0455,0.732,0.0,0.117,0.506,76.028,198777,5,1,Dance Party
73V0nE9PTpQ65goZTqv10O,Happy Now - Marc Benjamin Remix,Zedd,[],0.68,0.771,1,-4.758,0,0.103,0.0515,0.000977,0.0753,0.39,161.907,223704,4,2,Instrumental Calm
7471s4m02axg6ZtBzBzy22,Wolves - MOTi Remix,Selena Gomez,[],0.647,0.838,11,-3.752,0,0.0566,0.0183,0.0,0.129,0.371,125.927,184762,4,2,Instrumental Calm
74KucSiSsoerWwuzDKEoSl,Names Of Allah,Alhajj Muhammad Owais Raza Qadri,['sufi'],0.731,0.643,11,-3.613,1,0.0543,0.874,0.0,0.341,0.769,119.998,553093,4,2,Instrumental Calm
74PIGcq74sCf3r2wivkGt8,Jashan Ki Raat Hai,Kumar Sanu,['bollywood'],0.421,0.937,1,-4.525,0,0.118,0.0889,0.00198,0.0419,0.487,106.071,338574,4,0,Energetic Happy
74XMF9kaihuyVFckdSnDfU,Muskurane Ki Wajah Tum Ho - Sad Version,Rahul Jain,['bollywood'],0.438,0.244,1,-13.774,0,0.0347,0.746,0.0,0.0786,0.167,119.721,172195,3,1,Dance Party
74YuvyABqqYTFH7exc15Wi,Ni Main Sadkay,Asrar,['sufi'],0.718,0.767,0,-7.228,0,0.0276,0.0282,0.00192,0.151,0.411,125.024,248400,3,2,Instrumental Calm
74aau6xRXTF7V9bmUUR0zx,Bad'dua (Original Score),Rahat Fateh Ali Khan,['qawwali'],0.422,0.646,4,-6.241,1,0.0493,0.43,0.0,0.0786,0.284,79.857,457472,4,0,Energetic Happy
74cVJfmK18rhWnscIpGXjt,Thru Your Phone,Cardi B,[],0.837,0.549,0,-5.722,1,0.167,0.17,0.0,0.057,0.209,121.954,188524,4,2,Instrumental Calm
74mf8gL4OhCZoC5ivOLZ6j,"Jahan Teri Yeh Nazar Hai - From ""Kaalia""",Kishore Kumar,['bollywood'],0.498,0.705,8,-6.932,1,0.0773,0.488,0.000172,0.113,0.962,176.821,324307,3,0,Energetic Happy
74o2E2c4DHLbkyLbQE85OU,Kanhaiya Ghar Chalo Mori - Raga Pilu - Keherwa Taal,Shubha Mudgal,['sufi'],0.318,0.417,2,-10.866,1,0.0359,0.659,3.71e-06,0.174,0.299,72.633,904227,4,1,Dance Party
74r7MJzrz1lWfVIqfuvYKN,Baran Barî,Duygu Korkmaz,['pop'],0.437,0.729,0,-5.19,1,0.071,0.127,0.0,0.216,0.771,100.007,360347,4,0,Energetic Happy
74uw5w1wZYFYg5aXGyPo4r,Nowhere Fast - Extended Version,Eminem,[],0.699,0.691,11,-5.813,1,0.31,0.267,0.0,0.283,0.618,78.874,278402,4,2,Instrumental Calm
751muabHqH8bHul9ptckXV,Man Kunto Maula,Nusrat Fateh Ali Khan,['qawwali'],0.45,0.563,0,-13.625,1,0.0575,0.317,0.000733,0.366,0.357,146.342,916297,4,3,Acoustic Chill
751zXyKjnq7sEkBYYp35vW,Hum Aye Tere Dware Maata,Sadhana Sargam,['bollywood'],0.472,0.416,8,-9.823,1,0.0318,0.719,0.0,0.331,0.555,75.005,363043,4,1,Dance Party
756ZV0boQJ6Kbk3WFBuVjD,Chloraseptic (feat. 2 Chainz & Phresher) - Remix,Eminem,[],0.878,0.728,4,-6.591,0,0.306,0.154,0.0,0.335,0.439,136.03,296941,4,2,Instrumental Calm
756rJB9GHajObwXEn7oLb6,Kaise Kahein Alvida,Javed Ali,['bollywood'],0.393,0.344,2,-10.393,1,0.0272,0.703,1.64e-06,0.144,0.211,89.763,255257,4,1,Dance Party
75ExGihEtNqCNQxRqeXSml,"Nach Le Nach Le (From ""Bol Bachchan"")",Sukhwinder Singh,['bollywood'],0.671,0.926,2,-5.386,0,0.0824,0.353,0.0,0.0548,0.614,138.751,282900,3,2,Instrumental Calm
75SdneZDcj7VzYA19sjBku,Ronak-e-Mehfil,Nusrat Fateh Ali Khan,['qawwali'],0.555,0.709,5,-5.914,0,0.0283,0.0995,0.00236,0.328,0.585,111.694,357011,4,2,Instrumental Calm
75lIa34lTEjerHr0eFHKql,Dil Mein Ek Lehar Si Uthi Hai,Ghulam Ali,['ghazal'],0.609,0.343,7,-14.563,1,0.042,0.926,0.598,0.111,0.518,101.474,313667,4,4,Rap / Spoken
75noDVUJaHjoYTYzO7eLS1,Ave Maria,Beyoncé,[],0.35,0.403,0,-9.57,1,0.0279,0.786,0.0,0.114,0.201,104.957,222160,3,1,Dance Party
75ooqR4B6egYYy7uEr62oF,Ooonch Opar Beant Swami,Alam Lohar,['sufi'],0.672,0.497,7,-11.238,0,0.0471,0.727,4.09e-06,0.199,0.876,125.745,161360,4,1,Dance Party
75qMlHG85EEhrXPKhkf5FI,Thunder,Imagine Dragons,[],0.602,0.817,0,-4.444,1,0.0494,0.00714,0.109,0.122,0.236,167.979,187987,4,2,Instrumental Calm
75tL59cgSr1iyNS10DYafM,Lalan Saeen Lal De (Dhamal),Rizwan-Muazzam Qawwali,['qawwali'],0.448,0.828,0,-6.572,0,0.0439,0.365,1.32e-06,0.434,0.898,82.825,967729,4,0,Energetic Happy
75yu4dXze1qjPAV6DZcDcn,En La Cara - Sua Cara Remix,Major Lazer,[],0.737,0.794,7,-3.606,1,0.061,0.0142,0.000515,0.597,0.484,100.019,169227,4,2,Instrumental Calm
760ggeq1ssNeezyb1c9dnI,Chan Kithan Guzari Aai,Atta Ullah Khan Esakhelvi,['ghazal'],0.523,0.675,4,-9.327,0,0.0347,0.702,0.00164,0.129,0.758,109.24,421721,4,0,Energetic Happy
763bPJOFE9YiAxlqDnIlA4,Muk Jani Ae,Arif Lohar,['sufi'],0.389,0.611,1,-6.707,0,0.038,0.0296,3.09e-05,0.0761,0.568,71.781,236925,4,0,Energetic Happy
76AM6F3NZxZ2soNvINEJgz,Sohni Dharti,Habib Wali Muhammad,['ghazal'],0.458,0.488,3,-15.928,1,0.0468,0.807,1.35e-06,0.0536,0.936,127.116,282096,4,1,Dance Party
76CY626HDM85qQFK3I3vl8,Uff Yeh Mehki Hui,Mehdi Hassan,"['ghazal', 'bollywood']",0.499,0.499,1,-9.009,1,0.0281,0.863,0.0,0.34,0.71,87.222,237200,1,1,Dance Party
76Ftti7ZFZcfXZji1U1Un6,Tere Main Ishq Nachaian,Nusrat Fateh Ali Khan,['qawwali'],0.353,0.659,4,-7.652,1,0.0734,0.379,0.0,0.151,0.699,83.273,1808185,4,3,Acoustic Chill
76c4KOymiPUkWEeIIc0DQr,Stranger Things - Alan Walker Remix,Kygo,[],0.659,0.742,0,-4.624,1,0.0283,0.146,0.0,0.217,0.729,106.947,178413,4,2,Instrumental Calm
76oau2TAWYxGw7IL7cdALy,Itna Bhi Karam Unka,Riyaaz Qawwali,['qawwali'],0.4,0.891,11,-2.855,1,0.107,0.102,0.00116,0.345,0.644,113.945,801627,4,0,Energetic Happy
76vRc76IccqOBpC9pDXnEe,Ishqia Pareshanian,Satinder Sartaaj,['sufi'],0.7,0.402,3,-6.959,1,0.0291,0.469,0.0,0.0969,0.342,124.847,491644,4,1,Dance Party
770dJyuqW2OvWPrVktlZtP,Aanand No Garbo,Anuradha Paudwal,['ghazal'],0.566,0.546,1,-6.506,0,0.049,0.789,0.0,0.0524,0.926,137.134,1558200,4,3,Acoustic Chill
775bVahdq4tPhYQoY4oNkf,Sua Cara,Major Lazer,[],0.789,0.767,9,-4.612,0,0.0715,0.00812,0.000348,0.101,0.637,99.957,167311,4,2,Instrumental Calm
77LgyZVQPE8t0arg4O0scP,Aşkınla Cihan Beste,Veysel Dalsaldı,['sufi'],0.296,0.504,7,-7.315,1,0.0464,0.861,0.00499,0.152,0.584,121.324,278963,4,1,Dance Party
77UjLW8j5UAGAGVGhR5oUK,Pray For Me (with Kendrick Lamar),The Weeknd,[],0.735,0.677,2,-4.979,1,0.093,0.0762,2.17e-05,0.111,0.188,100.584,211440,4,2,Instrumental Calm
77XrLnudmmLrJtiYRZOuuf,Tu Milade,Ankit Tiwari,['bollywood'],0.593,0.825,11,-5.724,0,0.031,0.0716,0.000717,0.369,0.407,127.994,278731,4,2,Instrumental Calm
77cLsme0i2NjizcaqikdOZ,Sona No Garbo Shire,Anuradha Paudwal,['ghazal'],0.354,0.809,8,-3.654,1,0.0629,0.471,0.0,0.13,0.887,160.642,574066,3,0,Energetic Happy
77cQxp3XaeC9EhuBGgy2wY,Haydan Gelen Hu'ya Gider,Mustafa Demirci,['sufi'],0.547,0.586,9,-10.1,0,0.0377,0.794,0.000237,0.0655,0.436,125.929,398480,4,1,Dance Party
77enykXBJ7uFoOHTgrWKfl,What Lovers Do (feat. SZA) - Slushii Remix,Maroon 5,[],0.63,0.773,10,-2.572,1,0.0456,0.256,9.74e-06,0.117,0.442,96.083,255040,4,2,Instrumental Calm
77lAsduCkyIjykvU93LV8l,Pyaar Ho Jayega - Blind Love Mix,Vishal Mishra,['bollywood'],0.707,0.548,4,-9.074,0,0.0436,0.366,0.0,0.178,0.436,95.012,158447,4,2,Instrumental Calm
77p4Fz9JNmbyiwc5EbPBNh,Sanu Ek Pal Chain Na Aawe,Nusrat Fateh Ali Khan,['qawwali'],0.595,0.462,5,-10.008,1,0.038,0.678,0.419,0.127,0.645,127.715,765910,4,4,Rap / Spoken
78Dqu57xEIlTfWEFquW7YB,Mundo bom,Agepê,['pop'],0.74,0.9,5,-7.213,0,0.0705,0.162,0.0,0.133,0.959,147.982,253453,4,2,Instrumental Calm
78KmZAXpXZXnNZ9FtqEWsp,Jinke Man Mein Base Shri Ramji,Anup Jalota,['ghazal'],0.452,0.529,1,-11.208,1,0.0384,0.489,0.0,0.384,0.618,78.253,426200,4,1,Dance Party
78P2cNBhbdjXWIRYuEXkV6,Don't Pretend,Khalid,[],0.591,0.547,11,-8.835,1,0.1,0.246,0.00466,0.123,0.222,89.005,165840,4,2,Instrumental Calm
78VFPf2UxZjZNGQQvD3fPZ,Aala Hai Martba Mere Peerane Peer Ka,Chhote Majid Shola,['qawwali'],0.409,0.639,3,-9.873,1,0.0627,0.745,0.0,0.294,0.421,152.24,815857,3,0,Energetic Happy
78XVcxI67oXSzfV6YAODtr,Don't Leave Me Alone (feat. Anne-Marie) - EDX's Indian Summer Extended Mix,David Guetta,[],0.786,0.854,7,-4.829,1,0.128,0.00955,0.000399,0.267,0.599,124.011,305806,4,2,Instrumental Calm
78dUewdWEYyPaOdqF7xXQk,Bina Ishq Na Manzil Hath Aawe,Nusrat Fateh Ali Khan,['sufi'],0.441,0.809,4,-9.151,1,0.107,0.149,0.0,0.671,0.842,111.872,1745400,4,3,Acoustic Chill
78jABNZxLU0mKy4ji8176e,Mere Khayal Ne Kaisa Sanam,Nayyara Noor,['sufi'],0.384,0.371,0,-8.918,1,0.0513,0.984,0.0141,0.159,0.451,162.446,234840,3,1,Dance Party
793L9VYMEBkbA6pzT53usi,You Owe Me - Subfer Remix,The Chainsmokers,[],0.484,0.782,6,-4.49,0,0.131,0.311,0.0,0.108,0.364,179.756,236493,4,0,Energetic Happy
793noLAQVJlyC1lDFUm1r7,Mast Qalandar Lal Sada Vaseen Sindh Mai,Muhammad Yousuf,['sufi'],0.348,0.928,9,-10.559,1,0.183,0.536,0.000212,0.415,0.468,111.352,412208,4,0,Energetic Happy
79AgYD8XbxjDwHO3UHkge7,Meri Toba,Nusrat Fateh Ali Khan,['qawwali'],0.433,0.861,4,-5.738,1,0.046,0.269,3.01e-06,0.0825,0.899,173.125,349547,4,0,Energetic Happy
79Cd9HWtQGWirxhBSSnVXH,Gulshan Ki Faqat,Jagjit Singh,['ghazal'],0.576,0.318,2,-14.238,1,0.0355,0.965,0.923,0.162,0.633,92.547,391000,4,4,Rap / Spoken
79RnJMVyIxpU6PXVab3WaR,Namo Devyai Maha Devyai,Anuradha Paudwal,['ghazal'],0.58,0.73,9,-8.161,1,0.0623,0.913,0.0,0.254,0.708,124.319,74814,4,0,Energetic Happy
79SWJVSzel7L3SMNHH0fHF,Hyvää yötä,Henry Theel,['pop'],0.249,0.272,3,-11.569,1,0.0329,0.974,0.255,0.126,0.275,101.32,158361,3,1,Dance Party
79esEXlqqmq0GPz0xQSZTV,Lost In Japan,Shawn Mendes,[],0.713,0.738,10,-6.784,1,0.374,0.255,0.0,0.106,0.425,105.027,201200,4,2,Instrumental Calm
79sdSF5mrmhgiJYH1Bp1T5,Pind Mud Challiye,Satinder Sartaaj,['sufi'],0.46,0.672,3,-6.891,1,0.0683,0.651,0.0,0.127,0.732,90.798,304875,4,0,Energetic Happy
7A6Ve4e3l04pzIEWJCvq8U,Ghaleen Lotagan,Anuradha Paudwal,['ghazal'],0.57,0.521,8,-7.99,1,0.0482,0.877,0.0,0.437,0.96,102.412,77400,4,1,Dance Party
7AA9jNjYpHpKk9VK936WYz,"Sun Lo Maula De Farmaan, Pt. 3",Badar Ali Khan,['qawwali'],0.542,0.632,4,-13.262,1,0.0571,0.573,0.000622,0.715,0.882,108.818,1864713,4,3,Acoustic Chill
7AAznfVLfIYEqhvugbszMY,Saraswati Mahabhage,Anuradha Paudwal,['ghazal'],0.554,0.513,0,-10.229,0,0.0715,0.792,0.000449,0.211,0.607,151.087,343040,3,1,Dance Party
7AFKI9HzJAviGb0FiFzC5B,Pesen Za Teb,Shturcite,['pop'],0.7,0.551,9,-7.47,1,0.0289,0.443,0.000134,0.167,0.826,122.261,198853,4,2,Instrumental Calm
7AYjVOjvd7WcfjS5FrcTaS,Chari Jawani,Musarrat Nazir,['ghazal'],0.661,0.657,8,-6.937,1,0.0363,0.778,0.000242,0.0788,0.809,159.303,312267,4,2,Instrumental Calm
7AahPNmNgkMTFHpuA0n5Y5,Tujh Ko Aata Hai Har Ek Dukh Ka Madawa Karna,Nusrat Fateh Ali Khan,['qawwali'],0.501,0.704,1,-8.671,1,0.114,0.804,9.71e-05,0.852,0.632,116.439,868819,4,3,Acoustic Chill
7AiZbppp0KF1JGAxfCC9gd,Payoji Maine Ram Ratan Dhan Payo,Anup Jalota,"['ghazal', 'bollywood']",0.439,0.494,0,-14.614,1,0.0633,0.689,5.11e-06,0.128,0.553,86.874,494947,4,1,Dance Party
7AkLPOwjju8taQCJCaIUts,Happy Now - R3HAB Remix,Kygo,[],0.623,0.84,9,-5.446,1,0.123,0.0173,0.0,0.363,0.539,123.068,189268,4,2,Instrumental Calm
7AluhhfZ0AO0Zw8MoUstzN,Venice Bitch,Lana Del Rey,[],0.388,0.296,9,-13.04,0,0.0301,0.916,0.267,0.105,0.294,78.785,576346,4,1,Dance Party
7B015Itkox8gqNsdSJVigx,Roja Roja (Sad Version),Hariharan,['ghazal'],0.31,0.357,0,-13.075,1,0.0522,0.547,0.0,0.0791,0.187,83.952,53348,4,1,Dance Party
7BFR6dtUVjcnWA62692XLA,Aa Ja Ve Door Jaanwalia,Rahat Fateh Ali Khan,['sufi'],0.438,0.94,1,-3.71,1,0.0453,0.0446,0.00931,0.353,0.926,116.062,809613,4,0,Energetic Happy
7BGVdR7e9oNwsUiq0RHre5,I Fall Apart,Post Malone,[],0.565,0.52,8,-5.936,0,0.0354,0.0716,0.0,0.328,0.239,143.938,220707,4,2,Instrumental Calm
7BM37nmJjZzGIY3M1jrK9m,Sahar Ho Rahi Hai,Mehdi Hassan,['ghazal'],0.514,0.573,6,-8.476,0,0.0274,0.908,0.0148,0.0938,0.658,101.201,337613,4,1,Dance Party
7BQfEClgyM0WT5b7G1PdIX,Hoton Se Choolo,Jagjit Singh,['ghazal'],0.627,0.387,0,-14.333,1,0.0667,0.393,0.00602,0.143,0.398,94.566,373280,4,1,Dance Party
7BfqV5RR9fYgfMhKnd1mce,Pehli Baar Maine Tujhe,Alka Yagnik,['bollywood'],0.381,0.647,7,-8.212,0,0.043,0.446,0.000426,0.601,0.943,127.268,235907,4,0,Energetic Happy
7BpuazTJSZ90tI7gefSidD,"Kempado Kempado - From ""Yaarre Koogaadali""",Kailash Kher,['bollywood'],0.766,0.804,1,-5.679,1,0.0823,0.273,2.98e-06,0.698,0.639,114.038,270124,4,2,Instrumental Calm
7BxpSYS6cjAPbTNUT7X2qO,Gore Mukh Te Dupatta,Naseebo Lal,"['ghazal', 'sufi']",0.76,0.918,1,-5.2,1,0.147,0.232,0.0419,0.076,0.936,92.454,357799,4,2,Instrumental Calm
7C3gqs4cvapdGucDwmK7Gm,Shree Bhaktamar Stotra - 1,Anuradha Paudwal,['bollywood'],0.51,0.444,5,-6.346,1,0.0364,0.893,0.0,0.66,0.438,176.825,1437066,4,3,Acoustic Chill
7C5BETqxg6I8QFTiLIPYhQ,Ae Jaan-E-Jan,Nusrat Fateh Ali Khan,['qawwali'],0.478,0.654,11,-7.365,1,0.0357,0.4,0.00131,0.125,0.614,160.266,304552,3,0,Energetic Happy
7C5atbXdv6nTkjlEKp4jLX,Know No Better,Major Lazer,[],0.738,0.814,7,-4.414,0,0.0999,0.132,9.64e-06,0.126,0.483,119.041,225850,4,2,Instrumental Calm
7C6STbO1MhvBUt2xdSbrnl,Boohay Barian - Live,Hadiqa Kiani,['ghazal'],0.421,0.452,9,-13.664,1,0.0662,0.589,0.0226,0.221,0.746,172.218,1034781,4,1,Dance Party
7CBGj2nqxXkYplNXq1HZlC,Kandia Te Tur Kay,Atta Ullah Khan Esakhelvi,['ghazal'],0.435,0.921,1,-3.351,0,0.0529,0.473,0.000387,0.2,0.416,117.529,371027,4,0,Energetic Happy
7CKR3FcBqSsGcgce0ECe1z,LLC,Nicki Minaj,[],0.835,0.756,10,-5.441,0,0.123,0.0523,0.028,0.0606,0.809,153.988,221853,4,2,Instrumental Calm
7COfe3P7KgfwDwIRB8LIDw,Mi Gente,J Balvin,[],0.548,0.704,11,-4.838,0,0.0777,0.0168,2.25e-05,0.143,0.288,104.666,185040,4,2,Instrumental Calm
7CPBqAfVmErBhqZhIC5Tga,Sui De Utte Sui Chari,Naseebo Lal,['sufi'],0.622,0.894,10,-1.382,1,0.0542,0.327,0.00024,0.288,0.849,83.913,348159,4,2,Instrumental Calm
7CUqbn18lUrCEoY8BotTtE,Aas Da Kasa Hogya Khali,Atta Ullah Khan Esakhelvi,['qawwali'],0.378,0.656,1,-5.13,1,0.0348,0.893,0.0329,0.21,0.651,73.666,351013,4,0,Energetic Happy
7CbN6PWesr1uYxwSvI7UHW,Jai Ganesh Deva,Anuradha Paudwal,['ghazal'],0.667,0.768,1,-7.133,1,0.105,0.484,0.0,0.662,0.741,134.949,271159,3,0,Energetic Happy
7CgSP0QnEm7dTVHDXdr0Zk,Hum Tumhein Bhoo Ke,Ali Haider,['sufi'],0.579,0.681,5,-6.785,1,0.0244,0.267,0.000382,0.11,0.589,89.997,333893,4,2,Instrumental Calm
7ChgIOtdsEKDPLXVkfcZ05,"Haa Jab Tak Hai Jaan - From ""Sholay""",Lata Mangeshkar,['bollywood'],0.386,0.413,2,-10.894,0,0.0362,0.865,0.0122,0.137,0.468,90.513,326173,3,1,Dance Party
7Ci5OmDrd5rFsHIkIjmSzR,Devi Renuka Mauli,Anuradha Paudwal,['ghazal'],0.674,0.54,6,-9.641,0,0.0431,0.683,0.0,0.229,0.84,107.669,290345,4,1,Dance Party
7ClPFXneFgAJFuf9ZMqJ9P,El Muerto Borracho,Los Corraleros De Majagual,['pop'],0.833,0.533,6,-5.231,0,0.0791,0.394,0.0,0.296,0.971,98.719,166382,4,2,Instrumental Calm
7CmRC93ByVDkWUBGQOf0ld,Jithon Marzi Jawani Noo Cheir - Ibba Gujjar,Naseebo Lal,['sufi'],0.821,0.95,3,-5.423,1,0.1,0.17,6.76e-06,0.133,0.773,128.003,298983,4,2,Instrumental Calm
7Cp3wusvgGvNpt7RRFaJ3g,Jai Jai Ganesh Moraya,Lata Mangeshkar,['bollywood'],0.653,0.518,9,-6.721,1,0.0291,0.733,1.68e-06,0.311,0.672,107.904,307387,4,1,Dance Party
7CtuEXDgBdSK6ZCshDMTte,Yeh To Nari,Bappi Lahiri,['bollywood'],0.363,0.517,8,-9.972,1,0.039,0.777,4.44e-05,0.146,0.688,151.98,291000,3,1,Dance Party
7CuQaPLdkHluSQx0Md44sz,Aurat Ne Janam Diya,Naseebo Lal,"['ghazal', 'sufi']",0.319,0.396,9,-4.214,1,0.0275,0.79,1.64e-06,0.0709,0.19,87.991,144004,4,1,Dance Party
7D3lo0ShsjY84Yh9m7hn0J,Sick Boy - Zaxx Remix,The Chainsmokers,[],0.524,0.714,11,-5.176,0,0.0457,0.0124,0.0,0.478,0.216,90.088,219800,4,2,Instrumental Calm
7D9hBxxbdM0JB3GUTIJsag,Mere Man Men Chhupi Hai,Mukesh,['bollywood'],0.42,0.512,7,-10.576,1,0.132,0.958,0.00187,0.371,0.841,180.611,184733,4,1,Dance Party
7DDo6409nQiGNGYpyO3evd,"Blockbuster (From ""Sarrainodu"")",Shreya Ghoshal,['bollywood'],0.771,0.917,8,-7.103,1,0.0979,0.772,0.0447,0.204,0.696,82.002,304988,4,2,Instrumental Calm
7DKwahqNfbI8Snze1QFg8o,Jugni,Arif Lohar,['sufi'],0.8,0.929,6,-3.906,1,0.0653,0.0632,0.0,0.283,0.772,115.019,265467,4,2,Instrumental Calm
7DNRPvcfQWLqxdE7OomSpg,Kaise Chhupa-un Raaz-e-Gham - Live,Mehdi Hassan,"['ghazal', 'bollywood']",0.378,0.477,5,-11.761,1,0.0528,0.858,0.269,0.324,0.34,112.42,941663,3,1,Dance Party
7DVuwhGG2qZEknY2pcFAYR,Desh Bhakti Song - Jana Gana Mana,Sadhana Sargam,['bollywood'],0.46,0.437,3,-7.075,1,0.0272,0.94,0.00297,0.121,0.325,91.576,99128,4,1,Dance Party
7DaK5PgQ7hiaQMhOGjVviz,Teri Meri (Remix),Rahat Fateh Ali Khan,['qawwali'],0.602,0.809,2,-5.528,1,0.0327,3.53e-05,0.14,0.344,0.0872,138.054,322897,4,2,Instrumental Calm
7DekM9fvrVFCVoyI7NtT6e,"You Must Love Me - From ""Evita""",Lana Del Rey,[],0.271,0.209,10,-12.472,1,0.0362,0.94,0.0237,0.111,0.0856,80.252,162947,4,1,Dance Party
7DmsviMgfapfHpIUg5IzbV,Sochta Hoon Keh Woh Kitne Masoom Teh,Nusrat Fateh Ali Khan,['qawwali'],0.419,0.758,5,-7.974,1,0.0654,0.612,6.23e-05,0.583,0.674,122.156,1371476,4,3,Acoustic Chill
7DrluKkTviBwCc8AV3VGmf,Clandestino,Shakira,[],0.766,0.822,1,-4.126,0,0.16,0.39,3.37e-05,0.349,0.881,165.842,231921,4,2,Instrumental Calm
7DxdfkNnZ0KW4OTOPtp1X8,Woh jo hum mein tum mein,Nayyara Noor,['sufi'],0.405,0.359,0,-12.289,1,0.0377,0.96,0.00337,0.0761,0.331,146.389,305320,1,1,Dance Party
7EAEQ1olP0SXaDt9TnZ88a,Dastan E Alam Sun Ke Shabeer Dee,Rahat Fateh Ali Khan,['qawwali'],0.532,0.337,1,-13.371,1,0.09,0.868,0.0,0.647,0.688,104.652,367015,4,1,Dance Party
7EAR93tf8Pyg2vHinCqDUi,Aao Phir Nazm Kahein,Gulzar,['bollywood'],0.468,0.141,2,-19.146,0,0.163,0.668,8.59e-05,0.105,0.21,120.358,47280,4,1,Dance Party
7EI5jnpRA4iKpw8bFnI6Wo,Zara Zara,Hadiqa Kiani,['sufi'],0.676,0.907,11,-5.868,0,0.0412,0.0155,7.08e-06,0.146,0.684,126.978,215627,4,2,Instrumental Calm
7EKDnqrjvKvR02X9wga5BN,Maiya Mori,Anup Jalota,['ghazal'],0.351,0.885,6,-2.235,1,0.0655,0.79,1.52e-05,0.0979,0.62,74.778,977108,4,0,Energetic Happy
7EROK3PMgkCG3wdwcbeauW,9.13,Khalid,[],0.289,0.451,2,-15.013,1,0.0538,0.975,0.942,0.222,0.59,131.72,55720,3,4,Rap / Spoken
7EbRVU97goqzqVsRhXsXZ5,Wrap Me Up in Your Love,John Legend,[],0.632,0.759,2,-5.666,0,0.0422,0.471,2.06e-05,0.12,0.777,142.019,225040,4,2,Instrumental Calm
7EuciEyDmm10xZcFhtFqJc,Om Ramdutay Vidmahe Kapi Rajay Dhimahi,Suresh Wadkar,['bollywood'],0.539,0.384,5,-13.673,0,0.0384,0.434,0.0,0.0584,0.601,133.786,931257,4,1,Dance Party
7EzdQnopwog0YWUoRBEowX,Mi Declaración,Maluma,[],0.66,0.915,1,-4.071,0,0.285,0.144,0.0,0.229,0.709,173.969,225507,4,2,Instrumental Calm
7F4fyg2w1KltvNXbtav3Iz,Sehar Qarib Hai Taron Ka Hal Kya Ho Ga,Nusrat Fateh Ali Khan,['qawwali'],0.37,0.784,11,-8.165,1,0.155,0.782,1.61e-05,0.679,0.815,84.019,924023,4,3,Acoustic Chill
7F9ShLGbCXRAwNROwBXUOq,Hanuman Chalisa,Roop Kumar Rathod,['sufi'],0.509,0.522,7,-9.643,0,0.0491,0.818,5.87e-05,0.064,0.775,157.822,739147,4,1,Dance Party
7FBTeF7DWAMxGOpueLHwo7,Baarishein Lofi Mix,Atif Aslam,['sufi'],0.321,0.39,7,-11.427,0,0.0303,0.135,0.00231,0.0979,0.0903,78.825,260139,4,1,Dance Party
7FCLAclJghgB2aBs9hpXSD,Jiya Lagena Moura,Nusrat Fateh Ali Khan,['qawwali'],0.403,0.853,0,-6.466,1,0.0837,0.356,0.0,0.772,0.807,114.167,268431,4,0,Energetic Happy
7FDaS1k08rwMoAThmzUkOZ,Side Effects - Fedde Le Grand Remix,The Chainsmokers,[],0.633,0.854,0,-4.046,0,0.0432,0.0382,2.83e-05,0.434,0.659,126.026,172360,4,2,Instrumental Calm
7FDeSd07N067gCInupXgp8,Dewe Yar Diyan,Atta Ullah Khan Esakhelvi,"['sufi', 'qawwali']",0.576,0.398,6,-16.045,1,0.0442,0.92,0.269,0.223,0.824,93.052,269053,4,1,Dance Party
7FR9ZBHlSVVO0YvYwaABye,Is Dil Pe Naaz Tha Mujhe,Mehdi Hassan,['bollywood'],0.374,0.32,8,-17.394,1,0.0655,0.942,0.857,0.139,0.684,107.449,287270,4,4,Rap / Spoken
7FZ7jcQTHx1lq2HTEh3jiJ,Madine Hazri Howe,Nusrat Fateh Ali Khan,['qawwali'],0.467,0.543,5,-6.931,1,0.044,0.829,0.000223,0.469,0.381,118.674,1807730,4,3,Acoustic Chill
7Fa4WYeCME6JU0wBXZqaGC,Dhyanam,Anuradha Paudwal,['ghazal'],0.285,0.0811,6,-12.81,1,0.0397,0.991,3.87e-05,0.081,0.259,165.991,243493,4,1,Dance Party
7FcmN4Wi2Q4TMPLeUJkdl0,Gali De Wichon Kaun,Nusrat Fateh Ali Khan,['qawwali'],0.471,0.494,8,-15.01,1,0.203,0.656,0.0,0.192,0.777,108.237,583840,4,1,Dance Party
7FliZx9wTDb0U1tPfS7AuX,One Kiss (with Dua Lipa) - Valentino Khan Remix,Calvin Harris,[],0.829,0.664,7,-4.191,1,0.0435,0.169,0.000927,0.262,0.432,126.017,251429,4,2,Instrumental Calm
7Flz2byM9N3hiZUwY0VkcM,Dil Ke Afsane,Noor Jehan,['ghazal'],0.454,0.395,5,-15.626,1,0.0352,0.847,0.0189,0.0954,0.772,184.544,281840,3,1,Dance Party
7Fzw6YYmrBJLGbD6RbnWmR,Yeh Mana Keh Tum Dilbar Nazneen Ho,Masood Rana,['ghazal'],0.489,0.701,6,-3.162,1,0.0705,0.97,1.91e-05,0.17,0.569,78.774,242799,4,0,Energetic Happy
7GCeXDAoxWmhLqYXp04Gu2,"Jab Bhi Koi Kangna Bole - From ""Shaukeeen""",Kishore Kumar,['bollywood'],0.543,0.552,7,-8.63,1,0.0362,0.743,0.0,0.123,0.633,147.052,246467,4,1,Dance Party
7GIzQFxHdON9BXJXea86pv,Sochta Hoon Keh Woh Kitne Masoom Teh - Complete Original Recording,Nusrat Fateh Ali Khan,['qawwali'],0.419,0.758,5,-7.974,1,0.0654,0.612,6.23e-05,0.583,0.674,122.156,1371476,4,3,Acoustic Chill
7GPT4holRZjyR758pXnDCL,A Good Hearted Woman,Charley Pride,['pop'],0.585,0.444,4,-13.726,1,0.032,0.464,0.000323,0.0859,0.449,99.385,177787,4,1,Dance Party
7GY7NdUwNm2gPMBbVZh9mj,Take A Bow,Rihanna,[],0.704,0.35,9,-12.194,1,0.0774,0.267,0.0,0.094,0.582,81.979,230587,4,1,Dance Party
7GiiQm2KOOENimwDYP3WG2,Tu To Mai Hai,Anuradha Paudwal,['bollywood'],0.512,0.765,4,-12.772,0,0.112,0.572,1.51e-06,0.463,0.621,138.021,401319,4,0,Energetic Happy
7GxV43MZIOKxJQt6jGOF3f,Jadon Da Tu Door Gaiyoon,Naseebo Lal,['sufi'],0.643,0.878,8,-3.778,1,0.121,0.364,1.82e-05,0.219,0.769,94.938,301807,4,2,Instrumental Calm
7H8CfKLy1t2KDw8VYByvln,Aarti Shree Laxmi Mata Ji Ki,Anuradha Paudwal,['bollywood'],0.495,0.764,1,-6.76,1,0.0539,0.533,0.0,0.117,0.888,128.566,276920,4,0,Energetic Happy
7HCnuwV7xCMfqljSUcgGci,Bet My Heart,Maroon 5,[],0.759,0.604,8,-6.663,0,0.051,0.141,0.0,0.149,0.418,121.096,196121,4,2,Instrumental Calm
7HRW8AO8GJRiBnXMGWSLdZ,Om Namah Shivay - Yaman,Anup Jalota,['ghazal'],0.462,0.289,9,-14.456,1,0.0363,0.561,0.000113,0.427,0.332,127.13,432707,4,1,Dance Party
7HaxuV8oM7qaXg50n35cpl,"Rock N Roll Soniye (From ""Kabhi Alvida Naa Kehna"")",Shankar-Ehsaan-Loy,['bollywood'],0.787,0.871,5,-6.193,0,0.142,0.109,0.0,0.0426,0.831,94.998,341840,4,2,Instrumental Calm
7Hb0q2WxYKerGDe114vXO2,Qaafirana - Lofi Mix,Arijit Singh,['bollywood'],0.309,0.436,4,-9.947,1,0.0453,0.505,4.14e-06,0.0985,0.301,68.555,324335,3,1,Dance Party
7I9svbEdAvJrXNdruNhad4,Chun-Li,Nicki Minaj,[],0.689,0.732,6,-5.081,0,0.373,0.278,5.81e-05,0.106,0.482,128.981,191600,5,2,Instrumental Calm
7IJTgkeqHA1aMqopoyzGrQ,All My Love - Remix,Major Lazer,[],0.435,0.891,2,-3.907,0,0.178,0.0399,0.0,0.187,0.437,115.166,229751,4,0,Energetic Happy
7IL3UOlcJ6nmcCMwpnlfcA,Something's Gotta Give,Camila Cabello,[],0.545,0.458,5,-4.6,0,0.0279,0.367,0.0,0.118,0.164,79.943,236360,4,2,Instrumental Calm
7IOxauZfx5l18mYfX0GZm6,Knees,Bebe Rexha,[],0.777,0.577,11,-6.872,0,0.0357,0.0781,1.02e-06,0.0869,0.381,109.019,206581,4,2,Instrumental Calm
7Iowpd6ivUkKEUBBJbmf6r,Saiyan Ne Karam Kamiya,Amjad Sabri,['qawwali'],0.621,0.988,11,-0.959,1,0.0508,0.611,0.0,0.465,0.529,110.005,397663,4,0,Energetic Happy
7IqBiXvKgIWZKGJgTKnPNl,Har Saal Aawal Jaai Mai Ke Nagariya,Amit Kumar,['bollywood'],0.706,0.804,2,-3.607,0,0.0471,0.666,0.0,0.109,0.89,101.889,234429,4,2,Instrumental Calm
7JAzAyjbJFPznEFdqpa1Si,Real Life,Imagine Dragons,[],0.262,0.564,0,-7.99,1,0.0455,0.0147,0.00659,0.103,0.13,195.489,247547,4,0,Energetic Happy
7JFIDJAi9RoCn0JYavNLRG,Shut Up & Bounce,Vishal-Shekhar,['bollywood'],0.578,0.857,2,-7.272,1,0.0648,0.00269,0.263,0.141,0.904,121.981,277493,4,2,Instrumental Calm
7JXZIE3Qjvj17zIa1YDYLt,Aab E Hayat Sab Ko,Ghulam Ali,['sufi'],0.397,0.262,6,-17.349,0,0.0426,0.723,8.04e-06,0.0991,0.736,166.735,345933,3,1,Dance Party
7JZ8Hn1v8SU4BHUkpo2w7p,Yeh Daur Jo Ke Sazaa Nahin,Roop Kumar Rathod,['sufi'],0.45,0.419,4,-10.566,1,0.0307,0.941,4.19e-05,0.341,0.713,143.047,446173,3,1,Dance Party
7JjknOWccr4gg25MVI2Jcp,Yeh Dil Yeh Pagal,Ghulam Ali,['ghazal'],0.669,0.215,1,-20.193,1,0.041,0.83,0.00343,0.622,0.593,106.574,763373,4,1,Dance Party
7JkNVClXlXGz5ZZ8QY5yyO,Hum Ke Thehre Ajnabi Itni,Nayyara Noor,['ghazal'],0.415,0.575,6,-10.582,0,0.0395,0.71,0.0114,0.139,0.723,142.164,375406,1,1,Dance Party
7JlhggLpzpwZqRzBXngC3l,Ghabra Ke Jo Ham,Rajkumari,['bollywood'],0.468,0.227,0,-15.319,1,0.0915,0.879,0.000222,0.133,0.559,138.894,244933,4,1,Dance Party
7JwZdVGDQfJow5cTtbq7KO,Aag,Nazia Hassan,"['ghazal', 'sufi']",0.708,0.552,11,-10.433,0,0.0362,0.446,0.00333,0.34,0.295,110.746,267633,4,2,Instrumental Calm
7JyHeeu5sIuFkUdSXplrEN,Tujhe Milne Ki Saza Denge,Jagjit Singh,['ghazal'],0.572,0.323,7,-15.421,1,0.0296,0.202,0.00662,0.11,0.304,82.051,330707,4,1,Dance Party
7K8vOty2LqiYwLmBAdanEJ,If I Ain't Got You (feat. Arturo Sandoval) - Spanish Version,Alicia Keys,[],0.579,0.331,7,-14.189,1,0.0841,0.484,1.84e-05,0.0981,0.186,118.176,231960,3,1,Dance Party
7KSUNwlXycVz5L5v3WR1vh,Natho Jo Sindh Laye,Sanam Marvi,['ghazal'],0.566,0.856,8,-5.707,1,0.0655,0.0345,0.00113,0.286,0.906,161.885,295010,3,0,Energetic Happy
7KZ4krXX5h9LQnTRhV0yls,Piya Re Piya Re - Remix,Nusrat Fateh Ali Khan,['qawwali'],0.699,0.548,0,-16.235,1,0.0607,0.298,4.23e-05,0.371,0.647,92.047,273067,4,2,Instrumental Calm
7KZ5MMVgBVox9ycroB2UrI,CAROUSEL,Travis Scott,[],0.428,0.403,5,-5.914,0,0.209,0.229,0.0,0.22,0.133,95.387,180183,5,2,Instrumental Calm
7KZgRrGV62CNlIYqdTDI5g,Ho Jaye Je Pyar Te Sona Bhul Janda,Nusrat Fateh Ali Khan,['qawwali'],0.478,0.549,2,-10.998,1,0.0636,0.693,0.0266,0.135,0.617,138.649,408202,4,1,Dance Party
7KunA9EvcZdYC7jKfFqANO,Janu Tori Batiyan - Ek Nai Paheli / Soundtrack Version,Anuradha Paudwal,['ghazal'],0.646,0.357,2,-13.976,1,0.267,0.768,0.213,0.0941,0.318,81.811,225173,3,1,Dance Party
7KzFvpK8YrbqmGFo8YrAgE,Tune Ye Noor Jo Zulfo Mein,Mehdi Hassan,['ghazal'],0.323,0.321,1,-17.506,1,0.0396,0.972,0.708,0.47,0.414,140.092,556767,5,4,Rap / Spoken
7KzUXBeymzsUqTxOwvvJ3D,Teri Har Baat,Bilal Khan,['sufi'],0.556,0.37,2,-10.252,1,0.028,0.79,7.67e-05,0.1,0.308,79.96,204000,4,1,Dance Party
7L1St2JB4wP6yr3nOrvhjs,Sapna Mera Toota,Rahat Fateh Ali Khan,['qawwali'],0.475,0.707,5,-5.707,1,0.0378,0.706,8.06e-06,0.382,0.742,150.057,350850,4,0,Energetic Happy
7L52YqcskKbAZ9cxASPMmY,Yaad-E-Nabi Ka Gulshan Mehka,Nusrat Fateh Ali Khan,['qawwali'],0.526,0.556,5,-11.977,1,0.138,0.706,0.00452,0.853,0.613,116.859,1758024,4,3,Acoustic Chill
7LAmOc7qcnONXPuXhNxkDl,Rahe Khuda Mein Paai Shahadat,Chhote Majid Shola,['qawwali'],0.426,0.883,3,-5.59,1,0.0628,0.355,0.0,0.162,0.76,105.584,983775,4,0,Energetic Happy
7LILuIkzpB53DOIgh5e2nA,Jalwa Yaar Idhar Bhi Koi,Alhajj Muhammad Owais Raza Qadri,['sufi'],0.289,0.391,0,-3.914,1,0.0325,0.787,0.0,0.15,0.284,120.769,417100,3,1,Dance Party
7LJgp1F5iWg4OPPM12SlZf,"Jane De Jane De Mujhe Jane De (From ""Shola Aur Shabnam"")",Amit Kumar,['bollywood'],0.478,0.438,6,-13.695,1,0.0373,0.738,4.25e-05,0.372,0.829,153.06,311798,3,1,Dance Party
7LNi3SmYod5Vb8YnqvmTKf,Lagi Tumse Lagan Saathi,Lata Mangeshkar,['bollywood'],0.319,0.38,8,-17.515,1,0.0428,0.969,0.16,0.187,0.627,104.665,226430,4,1,Dance Party
7LQzcFpbtNplryRdZzQyUu,Happier - West Coast Massive Remix,Marshmello,[],0.366,0.828,5,-3.455,1,0.0647,0.0473,0.0,0.321,0.426,199.228,208800,4,0,Energetic Happy
7LUV78RpEoyTyWjBcr0QHx,Hum Pachtawa Sajanwa,Begum Akhtar,['ghazal'],0.371,0.0994,10,-14.457,1,0.0369,0.989,0.677,0.332,0.32,73.661,211294,3,4,Rap / Spoken
7LcOHxgVCRGY8VzmaE0qp0,Sanon Teriyan Loran Ranjhan Hun Te Aaja,Atta Ullah Khan Esakhelvi,['qawwali'],0.772,0.767,6,-6.77,1,0.0461,0.629,3.13e-05,0.106,0.894,136.06,447413,4,2,Instrumental Calm
7Lki4Q73XuQNSnGp0yRdo2,Ajmer Ko Jana Hai,Sabri Brothers,['sufi'],0.489,0.382,7,-16.989,1,0.107,0.809,0.00186,0.25,0.58,118.405,908173,4,1,Dance Party
7LoWAhcGbxSkT6trTqXQR6,Intro,Juice WRLD,[],0.558,0.384,6,-13.644,0,0.143,0.93,6.79e-05,0.604,0.829,75.956,74866,4,1,Dance Party
7LqExyiD9E5efcIn2wFecd,Sapno Mein Aana Dil Mein Samana,Anuradha Paudwal,['ghazal'],0.423,0.635,9,-9.491,0,0.0467,0.876,0.154,0.303,0.469,158.009,395333,3,0,Energetic Happy
7MHgaN9L2fQGRmVM8NnfgS,Baby Makeup Karna Chod,Tony Kakkar,['bollywood'],0.807,0.5,9,-3.935,0,0.0633,0.479,0.0,0.0815,0.774,89.976,179500,4,2,Instrumental Calm
7MMZySuMHhENxAWnSiJahb,Bawa,Chitra Singh,"['ghazal', 'bollywood']",0.509,0.129,5,-18.261,1,0.0345,0.972,0.924,0.197,0.302,151.374,320307,4,4,Rap / Spoken
7MOcy81mbL1GAAoA2F5MIJ,Akhiyan Udeek Diyan,Rahat Fateh Ali Khan,['qawwali'],0.577,0.821,10,-9.536,0,0.0464,0.148,5.22e-05,0.338,0.928,119.638,824007,4,0,Energetic Happy
7MQNJjdAA47U6x2K229eQ2,Gayatri Mantra,Shubha Mudgal,['sufi'],0.635,0.46,8,-7.759,1,0.0266,0.709,3.88e-06,0.0563,0.276,109.993,320467,4,1,Dance Party
7MQh0cDWRUydKvOp15o48b,Aaj Jaane Ki Zid Na,Habib Wali Muhammad,['ghazal'],0.429,0.576,1,-5.298,1,0.0297,0.96,0.0,0.287,0.555,131.24,319927,1,1,Dance Party
7MlWUL8EX37cnpvDQL8DUB,La Luna Llena,Ira!,['pop'],0.583,0.822,4,-4.886,0,0.045,0.166,0.0,0.0678,0.932,174.1,208867,4,2,Instrumental Calm
7MmamZhENstgXDwGl8lJTN,Ae Dard - E - Dil,Ghulam Ali,['sufi'],0.526,0.486,6,-9.01,1,0.0295,0.806,0.947,0.391,0.593,100.165,411000,4,4,Rap / Spoken
7MvSmQSG0iiZCQieeO9tNR,Better - noclue? Remix,Khalid,[],0.602,0.668,0,-7.482,0,0.099,0.0139,4.75e-05,0.219,0.244,120.002,212500,4,2,Instrumental Calm
7a0XuZvLnS3BWpNOjmbwCR,Lar Lagian Di,Asif Ali Khan Santoo,['qawwali'],0.561,0.823,9,-7.182,0,0.0678,0.149,9.89e-06,0.514,0.815,114.828,913173,4,0,Energetic Happy
7a1eiv0HpBBUyeuR5oAHv2,Dhyan Shlok,Anuradha Paudwal,['ghazal'],0.4,0.338,11,-9.715,1,0.047,0.99,8.67e-06,0.176,0.268,135.344,78853,4,1,Dance Party
7a6pFjOI6QNVOzaVXwVkLE,La Lai Te Mundri,Atta Ullah Khan Esakhelvi,['qawwali'],0.516,0.453,11,-10.172,1,0.0898,0.976,0.05,0.114,0.724,93.806,224373,4,1,Dance Party
7aN0i7R1ro8TitBEACXqRU,Sindhu Sukhiye Pyo,Sanam Marvi,['ghazal'],0.516,0.925,5,-5.273,0,0.0585,0.137,3.9e-05,0.159,0.719,153.724,382015,3,0,Energetic Happy
7aNXvGT7f63CQ6HWsyNYde,Ragasiya Kanavugal (From Bheema),Hariharan,['ghazal'],0.735,0.687,2,-6.947,1,0.0355,0.388,0.000337,0.11,0.822,132.936,359320,4,2,Instrumental Calm
7aSvPfoqiM0zwPqupLGaHd,BOY,Charlie Puth,[],0.725,0.77,1,-6.24,1,0.0539,0.149,2.17e-05,0.0641,0.647,93.009,263413,4,2,Instrumental Calm
7afZZ54LXp32OPuih4htsB,Man Atkeya Beparwah De Naal,Nusrat Fateh Ali Khan,['qawwali'],0.383,0.68,6,-9.791,1,0.0468,0.615,0.000179,0.482,0.691,104.843,867188,4,0,Energetic Happy
7b1WVMX0FShcPWct8ca7ma,Lost In Japan - Recorded at Spotify Studios NYC,Shawn Mendes,[],0.438,0.508,7,-7.485,0,0.0649,0.716,0.0,0.057,0.541,101.698,214587,4,1,Dance Party
7b2cJGJllv2fIawokmZFg6,Zee Halle Miskin,Nusrat Fateh Ali Khan,['qawwali'],0.463,0.685,6,-8.479,1,0.07,0.643,0.000788,0.658,0.668,112.337,1232660,4,3,Acoustic Chill
7b4vbqgzMhbFa0wdjfftQJ,One Kiss (with Dua Lipa) - Oliver Heldens Remix,Calvin Harris,[],0.717,0.752,0,-6.933,1,0.065,0.251,0.000468,0.0802,0.14,123.97,281267,4,2,Instrumental Calm
7b5HvB1fTORGOctsmi5emt,Sign of the Times - Piano Version,Harry Styles,[],0.268,0.0413,0,-27.558,1,0.0479,0.993,0.891,0.083,0.069,134.953,167480,4,4,Rap / Spoken
7bO3Ef1qysn4cYeLsNMJlA,Baith Mere Paas Tujhe - Yadon Ki Kasam / Soundtrack Version,Lata Mangeshkar,['bollywood'],0.379,0.672,1,-5.913,0,0.0388,0.754,0.000585,0.1,0.425,129.323,349853,3,0,Energetic Happy
7bPnE5hzWiuBqwTz6X48RI,Jane Thila Raja,Suresh Wadkar,['bollywood'],0.59,0.723,6,-5.34,0,0.0449,0.573,0.0,0.241,0.827,80.062,289776,4,2,Instrumental Calm
7boPPE857KEqCIHNwFkDop,"Audio - with Sia, Diplo & Labrinth",Sia,[],0.365,0.692,3,-4.586,0,0.0671,0.192,1.51e-06,0.0862,0.372,89.998,203400,4,0,Energetic Happy
7bu8i7HwACY0m1H5lXFSpw,Meant to Be - Acoustic,Bebe Rexha,[],0.59,0.337,9,-8.256,1,0.089,0.726,0.0,0.161,0.233,98.885,158280,5,1,Dance Party
7buJu105zgtygAWZ2auYxB,Duniya Kisi Ke Pyar Mein Janat Se - Live In India/1983,Mehdi Hassan,['ghazal'],0.255,0.549,0,-10.16,1,0.0427,0.662,0.000228,0.166,0.399,121.463,220493,3,0,Energetic Happy
7cUTPnXgWK3AeibCkXqqxK,Main Na Hindu Na Musalman,Jagjit Singh,['bollywood'],0.688,0.496,11,-17.637,0,0.0325,0.582,0.0227,0.0963,0.745,120.102,315413,4,1,Dance Party
7cUyEcAEJlriEV3c55Etx8,Better - Rennie! Remix,Khalid,[],0.499,0.735,5,-7.627,0,0.12,0.219,0.006,0.216,0.638,195.944,180306,4,0,Energetic Happy
7ccaDEwQMjWyxelqJYxwFP,Sab Qatel Hoke,Farida Khanum,"['ghazal', 'sufi']",0.383,0.557,2,-8.85,0,0.039,0.958,0.00582,0.101,0.459,136.045,220213,4,1,Dance Party
7ckINDNisWywVJ9nSaTRdB,Vaay Delam,Babak Mafi,['pop'],0.433,0.689,6,-5.801,0,0.207,0.457,3.32e-06,0.306,0.5,142.593,188310,3,0,Energetic Happy
7cp9f6Aqu3amRRdofbmuD7,Du Chokhe Brishti,Alka Yagnik,['bollywood'],0.474,0.325,1,-13.176,0,0.0404,0.51,5.92e-06,0.0779,0.689,152.256,284760,3,1,Dance Party
7d3efJH6BOKUKUt7fVovn9,Better When You're Gone - Extended Mix,David Guetta,[],0.697,0.809,1,-3.771,0,0.039,0.00823,0.000288,0.049,0.541,128.007,339395,4,2,Instrumental Calm
7d5BeaHvRlD1h880oeA5MW,Puttran Jehi Na Jag Te Cheez Koi,Kartar Ramla,['pop'],0.454,0.506,10,-7.186,0,0.074,0.768,0.0,0.643,0.684,88.062,426852,4,1,Dance Party
7dQZ1bGAe98X4Mh6LM1zh2,Chettikulangara Vaazhum,Pradeep,['ghazal'],0.805,0.46,9,-8.774,1,0.0366,0.706,0.0,0.24,0.907,134.98,272588,3,1,Dance Party
7dRCixTbg0c13eGjU0C7be,Ya Ghous Pak,Sher Miandad Khan Fareedi Qawwal,['qawwali'],0.545,0.709,1,-6.41,1,0.0747,0.197,0.0,0.697,0.624,92.04,626736,4,0,Energetic Happy
7dS2Avtz1B1nnIdRvxUYlX,Salam Assalam 2,Ali Haider,['ghazal'],0.243,0.442,10,-3.873,1,0.0299,0.841,0.0,0.111,0.152,85.968,517147,4,1,Dance Party
7dTld3MeRoz6AWRz0aEyVW,Extroversión. Mazmun. Taqsim Laúd,Omar Metioui,['sufi'],0.471,0.44,5,-11.326,1,0.106,0.879,0.905,0.109,0.399,87.137,180187,3,4,Rap / Spoken
7dUVfjLwazSQ8N4iQjix9d,Ban ke dulhan lehraon gi,Zubaida Khanum,['ghazal'],0.353,0.322,8,-15.286,1,0.044,0.935,0.277,0.313,0.907,161.089,120555,3,1,Dance Party
7dcmZskqXONZuIuqGRLJ1C,Intro,Alan Walker,[],0.399,0.222,5,-11.073,1,0.0433,0.864,0.802,0.0906,0.0387,128.231,76120,4,4,Rap / Spoken
7dshRU3HhZjjbkPbGnVUcO,Dekho Mera Jiya Chura Le Gaya,Asha Bhosle,['bollywood'],0.383,0.537,6,-16.893,0,0.182,0.969,0.139,0.886,0.665,122.543,298399,4,1,Dance Party
7dsyTiTtpBrzhzCJJsUV8X,Chandi Jaisa Rang - Live In India/1984,Pankaj Udhas,['ghazal'],0.467,0.757,9,-6.266,1,0.0713,0.514,5.59e-06,0.488,0.61,83.561,400387,4,0,Energetic Happy
7dyUXh2UCKAofrAWAp1a6h,Sajda,Wadali Brothers,['qawwali'],0.456,0.78,2,-4.401,1,0.046,0.393,0.0,0.0806,0.503,91.99,353478,4,0,Energetic Happy
7e9AlWrRt8U22lDdgNAMNN,Yaad Nahin Kya Kya Dekha Tha,Jagjit Singh,"['ghazal', 'sufi']",0.712,0.268,5,-15.783,1,0.0294,0.819,0.000804,0.119,0.529,100.075,386720,4,1,Dance Party
7e9H9KBURjlBpJ41eNMjhj,Jag Mein Sunder Hain Do Naam,Anup Jalota,['ghazal'],0.536,0.587,2,-10.292,1,0.0505,0.323,0.0,0.102,0.8,87.221,341408,4,2,Instrumental Calm
7eCt4ywZK9lgWbphHyGyCi,Qarar,Ali Haider,['sufi'],0.656,0.839,1,-5.984,1,0.0309,0.721,0.0236,0.0836,0.68,118.148,297066,4,2,Instrumental Calm
7eNbn46ZU3n5k6msTghKel,Chulhe Aag Na Ghade Wich (Live),Chitra Singh,['ghazal'],0.662,0.311,6,-18.789,1,0.304,0.922,0.181,0.408,0.895,75.093,260413,4,1,Dance Party
7eNdzlk768Ql5PXd7FCsZo,Sun Salute,50 Foot Wave,['pop'],0.268,0.823,0,-6.648,0,0.0457,0.00109,0.0355,0.0858,0.193,82.032,131499,5,0,Energetic Happy
7eYFFfh8xgu7oonvWKjyXe,Chalo Madine,Sabri Brothers,['qawwali'],0.475,0.711,4,-5.775,0,0.245,0.837,0.136,0.0761,0.85,116.698,812397,4,0,Energetic Happy
7eYJ9NjhLPtCjyoJfWpfMr,"Phir Mulaaqat (From ""Cheat India"")",Jubin Nautiyal,['bollywood'],0.5,0.539,9,-8.127,0,0.0593,0.572,0.0,0.323,0.29,140.078,250017,3,1,Dance Party
7eYpbnmG629oNntEr1KKMw,Yes Sir,BigJow,['pop'],0.777,0.442,5,-8.983,0,0.0404,0.0815,0.0,0.14,0.221,119.913,141000,4,2,Instrumental Calm
7ef4DlsgrMEH11cDZd32M6,One Kiss (with Dua Lipa),Calvin Harris,[],0.791,0.862,9,-3.24,0,0.11,0.037,2.19e-05,0.0814,0.592,123.994,214847,4,2,Instrumental Calm
7efoTgiMZcQQwsounFEvja,Noor Jagmagaya Hai Aamna Ke Aangan Me - Islamic,Rais Anis Sabri,['qawwali'],0.45,0.784,1,-7.143,1,0.0623,0.243,0.0,0.335,0.869,117.888,650058,4,0,Energetic Happy
7eoKwUoGIQSQLusZiQIvmm,Last Hurrah - Acoustic,Bebe Rexha,[],0.627,0.378,11,-8.863,0,0.126,0.697,0.0,0.134,0.643,173.671,146786,4,1,Dance Party
7eozrxGuIkSpnGferUc5XJ,Happier - Hikeii Remix,Marshmello,[],0.756,0.882,7,-2.817,1,0.0601,0.0548,0.0,0.177,0.562,129.959,186499,4,2,Instrumental Calm
7et9x9Ix3qeCW7irNO3K68,Pyari Pyari Suraton,K. L. Saigal,['ghazal'],0.369,0.17,10,-17.628,0,0.0561,0.992,0.929,0.101,0.483,90.962,190424,4,4,Rap / Spoken
7etierGdR5ILkVM3skeRKA,Saram Lagata,Neha Raj,['pop'],0.441,0.968,9,-1.448,1,0.134,0.44,0.0,0.42,0.75,119.576,242005,4,0,Energetic Happy
7fCNUWi6uflDTQ08srxMZk,No Excuses,Meghan Trainor,[],0.827,0.658,6,-3.846,1,0.0517,0.0224,0.0,0.0417,0.523,115.016,152862,4,2,Instrumental Calm
7fEfIU4ZVvB5Wb6xg2zcvx,Paralyzed,Marshmello,[],0.5,0.956,9,-1.363,0,0.0468,0.00696,0.00138,0.533,0.123,141.975,219718,4,0,Energetic Happy
7fGn1cjdKNcXtwnPoiiGsN,Don't Leave Me Alone (feat. Anne-Marie) - R3hab Remix; Radio Edit,David Guetta,[],0.618,0.949,4,-2.697,0,0.0903,0.254,2.99e-06,0.488,0.293,127.961,182461,4,2,Instrumental Calm
7fONLbP1FCh3PCICjOjFlv,Aao Ko Jana Pand,Sanam Marvi,"['ghazal', 'sufi']",0.479,0.711,11,-8.746,1,0.131,0.881,0.599,0.0775,0.586,125.907,605598,5,4,Rap / Spoken
7fVUZRfQ33ExAs84yPziNO,You & I,SHINee,['pop'],0.612,0.543,0,-7.315,0,0.0769,0.266,0.0,0.105,0.231,83.967,184366,4,2,Instrumental Calm
7fhxOp76kXzyp2ZiKefutB,Karjalan kunnailla,Georg Ots,['pop'],0.36,0.0692,7,-17.526,0,0.0355,0.994,0.000759,0.0785,0.13,124.185,142040,5,1,Dance Party
7fjB8iQ5PxZTZ2XEgrelXS,Mere Dham Wich Hardam Ali Ali,Badar Ali Khan,['qawwali'],0.45,0.775,9,-9.737,1,0.0861,0.0124,0.0156,0.0936,0.905,91.783,1049000,4,0,Energetic Happy
7g8rrHhawb77fpxvO9r1YA,Rab Janey,Shehzad Roy,['sufi'],0.396,0.62,1,-11.402,1,0.0452,0.128,0.0,0.107,0.59,116.638,300960,4,0,Energetic Happy
7gA8vO4KhJ8iJpns5qTUYS,Dillagi Main Jo Beet Jaye,Sonu Nigam,['bollywood'],0.848,0.95,11,-4.649,0,0.153,0.0438,0.0,0.171,0.865,136.054,253600,4,2,Instrumental Calm
7gGl7QF2RWKL28BnZomrnx,Mera Ishq Vi Tun,Naseebo Lal,['sufi'],0.6,0.76,2,-6.961,1,0.0793,0.241,0.000245,0.0866,0.693,77.985,483213,4,2,Instrumental Calm
7gWXRWCphm7CSnaDFjtpyu,Daata Di Diwani (Qawwali),Shiraz Uppal,['sufi'],0.39,0.721,11,-9.196,1,0.0967,0.708,0.000452,0.266,0.748,78.895,326800,4,0,Energetic Happy
7gZuprGAOEmZSnJnpSaQ95,Koi Jane Koi Na Jane (Jhankar Beats),Nusrat Fateh Ali Khan,['qawwali'],0.687,0.87,4,-11.712,0,0.0596,0.178,0.00494,0.267,0.714,126.054,337601,4,2,Instrumental Calm
7gevvAspxft2qQmcvJjNBH,A Good Night,John Legend,[],0.53,0.707,10,-5.516,1,0.203,0.104,0.0,0.105,0.696,109.827,203453,4,2,Instrumental Calm
7goZtJEh5jGujCe4nsbnbZ,"Не суди меня, любимый",Rada Rai,['pop'],0.66,0.735,1,-7.077,1,0.0332,0.067,0.0,0.139,0.756,124.979,271000,4,2,Instrumental Calm
7gwLQ4tZ5UdZ7qNcDyJ8wr,Cold (feat. Future),Maroon 5,[],0.693,0.717,9,-6.346,0,0.107,0.14,0.0,0.0464,0.412,99.836,234308,4,2,Instrumental Calm
7h7HhUwiROy72UfyT6O2d4,You Owe Me - inverness Remix,The Chainsmokers,[],0.613,0.745,9,-3.557,1,0.113,0.489,0.0,0.192,0.413,94.936,184680,4,2,Instrumental Calm
7h9ChcZF2ut72hb7Uf2xHC,Je Main Rowan,Shaukat Ali,['sufi'],0.694,0.701,10,-9.587,0,0.103,0.0406,0.07,0.107,0.91,79.996,361276,4,2,Instrumental Calm
7hL6N3q3KXKxJCH2vqw3sk,Gustakh Dil,Shilpa Rao,['bollywood'],0.519,0.363,10,-10.029,1,0.0299,0.0624,0.0187,0.0992,0.0791,80.053,338747,4,2,Instrumental Calm
7hQ7cmGKutObir5aHjkHPH,Unfollow,Maluma,[],0.536,0.693,1,-4.802,0,0.331,0.411,0.0,0.107,0.602,116.028,201120,5,2,Instrumental Calm
7hTK3c5SzNbcLX0co9ykeM,Mere Khon e Arzoo Ko,Aziz Mian,['ghazal'],0.393,0.654,7,-15.929,1,0.597,0.984,0.291,0.904,0.324,80.602,1467919,4,3,Acoustic Chill
7hTbfNR9PCRwTIiCWYQ6cV,Meri Tauba,Nusrat Fateh Ali Khan,['sufi'],0.433,0.861,4,-5.738,1,0.046,0.269,3.01e-06,0.0825,0.899,173.125,349547,4,0,Energetic Happy
7hV2KmBEo7LjJlt9hqCMAl,Raat Hai,Lata Mangeshkar,['bollywood'],0.668,0.395,2,-13.605,1,0.0366,0.48,0.0654,0.158,0.43,120.01,354246,4,1,Dance Party
7hbbDUqMOQY6NT5tIJKx5w,Tum Ek Gorakh Dhanda Ho - Complete Original Recording,Nusrat Fateh Ali Khan,['qawwali'],0.535,0.764,6,-6.867,1,0.0726,0.381,0.0,0.318,0.823,107.729,1817448,4,3,Acoustic Chill
7hrGhsWbdmdYEZHT57szlr,Andar Hun Te Bahar Hun,Abida Parveen,['ghazal'],0.436,0.53,1,-8.464,1,0.0515,0.786,0.0,0.0594,0.584,109.542,759933,4,1,Dance Party
7hwjlyqhADUaRYjdQTXk4v,Don't Worry,Bappi Lahiri,['bollywood'],0.749,0.873,11,-5.547,0,0.0487,0.000206,0.0,0.312,0.768,131.0,214335,4,2,Instrumental Calm
7i0g6h5vSFzjTU9IAdUQVD,Ke Ghunghroo Toot Gaye,Abida Parveen,['sufi'],0.599,0.255,3,-17.21,1,0.0961,0.852,0.00241,0.0686,0.677,123.866,401240,4,1,Dance Party
7i80iFsezLKecZp6jFqWPX,Aaj Preme Aamar,Anuradha Paudwal,['ghazal'],0.489,0.738,10,-7.425,0,0.0639,0.497,0.101,0.128,0.735,106.785,368293,4,0,Energetic Happy
7iVA0k8Jde4078tDtQoKr3,Bajrang Baan,Hariharan,['ghazal'],0.635,0.85,4,-3.572,1,0.0384,0.539,0.0,0.344,0.803,90.504,465651,4,0,Energetic Happy
7idjlXA5JyA0reUJ7FF3pw,Khushboo Ka Koi,Abida Parveen,['ghazal'],0.653,0.712,2,-9.196,0,0.0591,0.572,4.15e-05,0.263,0.606,138.023,411997,4,2,Instrumental Calm
7ig1MK1KxpKnSmDLjLmMZR,Uth Jaag Musaafir,Fareed Ayaz Abu Muhammad Qawwal,['sufi'],0.414,0.406,6,-12.778,1,0.0364,0.787,0.0503,0.115,0.34,114.939,910253,4,1,Dance Party
7iiVw8Asz0845E3NLqb9w6,Choley Geley,Raz Dee,['pop'],0.487,0.809,0,-6.229,1,0.161,0.143,0.252,0.212,0.569,140.102,315456,4,0,Energetic Happy
7ir8cXuMAfXx9BCYkvYCz0,Happy Now - Duke & Jones Remix,Zedd,[],0.794,0.531,1,-5.102,1,0.195,0.141,0.000587,0.26,0.343,161.967,192222,4,2,Instrumental Calm
7iyjwHGtYvARdVjVg057UJ,Zaroori Tha,Rahat Fateh Ali Khan,['qawwali'],0.52,0.673,8,-4.831,0,0.0333,0.77,0.0,0.139,0.24,114.054,342024,4,0,Energetic Happy
7j9BB5o5yztQxHl7bFNNBF,"Mohabbat Ki Hai Tumhare Liye (From ""Sadak"")",Anuradha Paudwal,"['ghazal', 'bollywood']",0.554,0.552,7,-10.753,0,0.0327,0.876,1.3e-05,0.281,0.91,142.742,397173,3,1,Dance Party
7jawmZ3hON77VrmbiuXraR,Maa Ki Goad Se Kabr Talak Hai,Aziz Mian,['qawwali'],0.573,0.841,4,-8.985,1,0.417,0.729,0.000715,0.68,0.647,94.06,879550,4,3,Acoustic Chill
7jgTLVzoAg3Cz3dxURjGfv,Mata Ki Darbaar,Anuradha Paudwal,['ghazal'],0.419,0.592,0,-5.466,1,0.0563,0.765,0.0,0.137,0.854,80.112,329853,4,0,Energetic Happy
7jjHlpO4S2MOtKZPF9PowD,Gham Sabhi Rahat O Taskeen,Nusrat Fateh Ali Khan,['qawwali'],0.423,0.652,7,-10.5,1,0.0683,0.82,2.69e-05,0.907,0.695,117.073,860500,4,3,Acoustic Chill
7jr3iPu4O4bTCVwLMbdU2i,Kiss and Make Up,Dua Lipa,[],0.678,0.729,8,-4.188,1,0.137,0.0658,0.0,0.303,0.643,99.895,189173,4,2,Instrumental Calm
7jtp4MvTpi0JK5Zjd8kYe9,Tere Pind Wallo'n,Satinder Sartaaj,['sufi'],0.531,0.914,7,-2.966,1,0.0541,0.22,0.0,0.0901,0.813,78.827,363333,4,0,Energetic Happy
7k7JKDjCd9zuL0iF7iWaNs,Empty Cups,Charlie Puth,[],0.77,0.555,4,-6.361,1,0.0754,0.224,1.78e-06,0.0754,0.776,100.035,170947,4,2,Instrumental Calm
7kHrdGiWqTPhoBZvI3UW27,Allah Ki Aise Nawajish,Chhote Majid Shola,['qawwali'],0.451,0.773,10,-7.432,1,0.0532,0.596,0.0,0.547,0.841,145.188,736262,3,0,Energetic Happy
7kKCI2DaigBM1c6uMf82ks,Sagre Badanwa Jare Angniya,Usha Mangeshkar,['bollywood'],0.579,0.761,11,-6.588,0,0.0788,0.8,4.25e-06,0.397,0.811,99.057,329962,4,0,Energetic Happy
7kRLjriTnrtHzjze4yPi3s,Meri Neend Churakar Le Gayi,Anuradha Paudwal,['ghazal'],0.556,0.627,8,-8.68,1,0.0578,0.867,0.00844,0.137,0.742,87.263,390773,4,1,Dance Party
7kVDkZkZc8qBUBsF6klUoY,I Don't Wanna Go,Alan Walker,[],0.423,0.751,11,-5.632,1,0.272,0.136,0.0,0.243,0.522,148.773,161667,4,0,Energetic Happy
7kVmazLULu2DZvTwajpjAa,Bhabini Emon Din Asbe,Kumar Sanu,['bollywood'],0.598,0.758,8,-9.655,1,0.0474,0.426,0.0046,0.354,0.948,107.263,243012,4,0,Energetic Happy
7kcGBVea0Dm3s7QNRHoF68,Dil Diwane Ka Dola Dildar Ke Liye,Anuradha Paudwal,"['ghazal', 'bollywood']",0.408,0.251,10,-13.03,0,0.0314,0.966,1.99e-05,0.0968,0.154,82.639,103867,3,1,Dance Party
7khL20i7LnGidM0enBk481,Wajan Mariyan Bolaya,Alam Lohar,['sufi'],0.607,0.563,3,-12.514,1,0.0668,0.855,2.33e-06,0.352,0.912,91.666,330267,4,1,Dance Party
7krjnlTFuibUkOCUuNczXk,Dil Mein Chhupa Loonga,Meet Bros.,['bollywood'],0.607,0.658,11,-7.152,0,0.0305,0.573,0.000988,0.109,0.383,81.003,331826,4,2,Instrumental Calm
7ky5b5PNXz3pNzc1x4vBzh,Dukhan Di Kahani,Rahat Fateh Ali Khan,['qawwali'],0.429,0.528,2,-7.168,1,0.0725,0.712,0.0,0.123,0.401,68.108,348676,4,1,Dance Party
7lAK3oHbfEnvUQWosrMMpR,YOSEMITE,Travis Scott,[],0.785,0.554,0,-6.571,1,0.0409,0.283,3.4e-06,0.116,0.144,128.047,150043,4,2,Instrumental Calm
7lIbsRDE5hTx0IRRwUt3LO,All My Life - Mixed,Major Lazer,[],0.586,0.808,5,-7.134,1,0.0891,0.037,0.0,0.306,0.851,92.353,84506,4,2,Instrumental Calm
7lLdbBOFa4WElOpXPPVFfo,Ban Ja Malang Ghos Da,Badar Ali Khan,['qawwali'],0.44,0.804,7,-9.106,1,0.039,0.542,1.69e-06,0.159,0.933,150.573,903184,4,0,Energetic Happy
7lQwJ4LCWNG4dXpngDxIrm,Jo Nokdi Dila Dey,K. L. Saigal,['ghazal'],0.462,0.115,0,-16.718,1,0.0572,0.99,0.1,0.185,0.352,112.314,198057,4,1,Dance Party
7lrC5qZrpjQcQI7fmna11I,Is Karam Ka Karoon Shukr Kaise,Nusrat Fateh Ali Khan,['qawwali'],0.418,0.85,9,-7.028,1,0.0905,0.328,3.14e-06,0.68,0.833,93.42,1199314,4,0,Energetic Happy
7lwLshnZC4GmBT4JO9o2T7,Saif Ul Malook,Shaukat Ali,['sufi'],0.471,0.405,1,-15.099,1,0.04,0.644,0.0537,0.127,0.543,75.847,1860333,4,3,Acoustic Chill
7m3UryVyvgtymXrXjcBLk7,Khatan Gaya Te - Jatti da Vair,Naseebo Lal,['sufi'],0.701,0.924,10,-4.061,1,0.0995,0.395,0.00018,0.0832,0.887,133.858,377387,4,2,Instrumental Calm
7m3YEjDiMmB6gpwMqDPlHe,Nawazish Karam Shukriya Meharbani,Talat Aziz,['ghazal'],0.532,0.578,10,-10.97,0,0.0294,0.585,0.00119,0.253,0.893,130.991,377840,4,1,Dance Party
7m8PEWF1Qjo4BmcjEYsacr,If I Ain't Got You,Alicia Keys,[],0.578,0.404,7,-10.759,1,0.114,0.612,1.24e-05,0.106,0.197,118.378,229040,3,1,Dance Party
7mFdSpsQqu5QSzxQcOXAMG,Hisaab Umar Ka Itna Sa Goshwara,Nusrat Fateh Ali Khan,['qawwali'],0.6,0.792,1,-6.117,1,0.0307,0.326,0.0746,0.12,0.837,138.096,347994,3,2,Instrumental Calm
7mGJlNOAOmJ5ptkmujg1Gv,Fix You - Live In Buenos Aires,Coldplay,[],0.256,0.625,3,-7.53,1,0.0348,0.00534,0.00386,0.179,0.201,140.351,327467,4,0,Energetic Happy
7mJ1Pz89TYPVifp77YeijD,Jee Dhoondta Hai,Ali Zafar,['sufi'],0.227,0.429,3,-10.364,1,0.0296,0.775,2.55e-05,0.0837,0.218,82.906,377587,4,1,Dance Party
7mLc9790N1V1HKUvKJAY1C,Blow That Smoke - VERSANO Remix,Major Lazer,[],0.814,0.61,8,-7.161,1,0.105,0.00897,0.000251,0.0737,0.755,101.985,201183,4,2,Instrumental Calm
7mPoCVGP752A5DtHf1SKkM,Say What's Real,Drake,[],0.462,0.773,8,-5.375,1,0.288,0.632,0.0,0.212,0.455,86.157,230717,4,0,Energetic Happy
7mRY0Jg9Eq2jDopJ3JJXT2,Allah Hi Allah,Sabri Brothers,['qawwali'],0.531,0.459,4,-9.858,0,0.269,0.889,0.000263,0.588,0.726,141.212,270675,4,1,Dance Party
7mUr38a07fSW4ehbxwCIQj,Akhian Udeek Diyan (Part 2),Nusrat Fateh Ali Khan,['qawwali'],0.546,0.607,6,-12.707,0,0.0613,0.427,0.00185,0.624,0.838,120.054,359973,4,0,Energetic Happy
7mbXLFSbZH5pYl0CsDOY03,rockstar - Remix,Post Malone,[],0.675,0.588,7,-5.506,0,0.127,0.184,1.52e-06,0.131,0.204,159.881,245947,4,2,Instrumental Calm
7mfwRK7Vyi8LkIOvH6dyq0,Payal Mein Geet,Iqbal Bano,['ghazal'],0.314,0.647,1,-13.359,1,0.0402,0.314,7.25e-05,0.454,0.791,86.721,362600,4,0,Energetic Happy
7moguTlSEYytz6BHVLKSKE,"Bindiya Jagaye Ho Rama - From ""Daasi""",Manna Dey,['bollywood'],0.445,0.342,1,-13.169,1,0.0375,0.876,0.0233,0.136,0.391,84.698,332667,4,1,Dance Party
7mtgDYBxoSxNDSEu3UVhWv,Aaja Mere Yaar,Nusrat Fateh Ali Khan,['qawwali'],0.717,0.975,4,-6.696,0,0.0758,0.199,0.000318,0.108,0.596,125.015,447193,4,2,Instrumental Calm
7n76mBpeTFNIQb9o7L03rU,Paalkhi Gajananachi Yei,Anuradha Paudwal,['ghazal'],0.483,0.493,8,-11.848,1,0.0812,0.6,0.0,0.0891,0.834,66.982,306350,4,1,Dance Party
7n8gFKPOTuAkf3LEM0tzCL,All of Me,John Legend,[],0.422,0.264,8,-7.064,1,0.0322,0.922,0.0,0.132,0.331,119.93,269560,4,1,Dance Party
7nMwW8hKct1yCCOpaNmMaY,Round and Round,Sia,[],0.791,0.91,11,-3.105,1,0.0752,0.0499,0.00419,0.0703,0.964,119.947,149400,4,2,Instrumental Calm
7nOKTvjRboWJPqioPw4aoX,Ajnabi,Nazia Hassan,['ghazal'],0.388,0.404,5,-11.544,0,0.0312,0.692,0.0,0.343,0.168,121.315,282667,3,1,Dance Party
7nXc6zvxG1hFBAYx7qSXLg,Bewafa Se Bi Pyar Hota Hai,Nusrat Fateh Ali Khan,['qawwali'],0.543,0.575,5,-9.818,1,0.241,0.812,0.00192,0.166,0.83,118.063,887587,4,3,Acoustic Chill
7naHpHUzm0oA5rO6YtxbAB,Kemençe Taksim,Süleyman Erguner,['sufi'],0.211,0.0348,7,-32.87,1,0.055,0.96,0.0579,0.227,0.126,81.901,124133,4,1,Dance Party
7nfBBzvvALW42cbZqoFoeM,Haari Haari Main To Haari Bhole,Anuradha Paudwal,['ghazal'],0.633,0.874,2,-2.173,1,0.0789,0.177,0.0,0.266,0.621,95.965,359883,4,2,Instrumental Calm
7nnTvwRS3iSfaxH6O3TBFT,Million Reasons,Lady Gaga,[],0.661,0.533,0,-4.435,1,0.0413,0.494,0.0,0.11,0.132,129.75,204853,4,2,Instrumental Calm
7ntGhY5pJQiFGxRxDVS5Kx,Tume Lingraaj,Anuradha Paudwal,['ghazal'],0.626,0.698,8,-11.383,1,0.134,0.72,0.0,0.719,0.912,76.426,340567,4,0,Energetic Happy
7o0aKpvHltOw1uV31jw1Uq,Main Kya Chahta Hon,Maqbool Sabri,['qawwali'],0.495,0.755,4,-7.155,1,0.0663,0.83,0.00116,0.16,0.881,174.298,587373,4,0,Energetic Happy
7o3irpqdsJfQc4kgBqFDUP,Noor-E Khuda Hai Husn-E-Sarapa Rasool,Nusrat Fateh Ali Khan,['qawwali'],0.487,0.724,0,-9.855,1,0.057,0.373,1.15e-05,0.465,0.913,136.423,1031573,3,0,Energetic Happy
7o7QZdGpsVEPUr8R8iCvXS,Kisi Ki Shaam - E - Saadgi Sahar Ka Rang Pa Gayi,Ghulam Ali,['ghazal'],0.432,0.47,8,-10.499,1,0.0375,0.945,0.00483,0.276,0.614,144.082,462333,3,1,Dance Party
7o8bvgyOa07ez3YlfCI6yF,Maine Kabhi,Junoon,['ghazal'],0.573,0.573,11,-11.7,0,0.0372,0.0132,0.0,0.0494,0.814,121.645,272413,4,2,Instrumental Calm
7oRt4hIOVPfOuNaF4FBlud,Heeray,Junoon,['ghazal'],0.666,0.896,2,-4.769,1,0.0499,0.0304,0.000204,0.0958,0.591,121.969,232827,4,2,Instrumental Calm
7oShs1BP14ZbxNpz3KfWk2,Nestani,Elvira Rahic,['pop'],0.649,0.845,0,-5.188,0,0.0677,0.024,0.0,0.101,0.553,117.004,260520,4,2,Instrumental Calm
7ojTS7ejNHUsk4ed3Z9HbH,Diwani Tere Nam Di,Master Saleem,['sufi'],0.67,0.955,5,-0.713,0,0.124,0.34,0.000161,0.25,0.863,100.015,349900,4,2,Instrumental Calm
7osplOjhIaXJNg2czuxL1O,Ek Radha Ek Meera,Lata Mangeshkar,['bollywood'],0.453,0.193,2,-15.514,0,0.0642,0.974,0.651,0.308,0.495,79.919,300600,4,4,Rap / Spoken
7p2ewixAShLpjDZrnzZK7c,Get Up 10,Cardi B,[],0.806,0.57,1,-6.927,1,0.246,0.0977,0.0,0.105,0.454,93.015,231453,4,2,Instrumental Calm
7pGBnzGc4XswDGPq2a5zfh,Hara We Asan Yar,Noor Jehan,['ghazal'],0.416,0.662,10,-6.283,1,0.0471,0.793,0.0127,0.266,0.672,125.151,282273,4,0,Energetic Happy
7pR9p7uamfiECkC4KUBsSW,Acemaşiran Mevlevi Ayini Dördüncü Selam,Aziz Şenol Filiz,['sufi'],0.322,0.138,2,-11.657,1,0.0415,0.991,0.394,0.0924,0.816,76.146,120580,3,4,Rap / Spoken
7pTXDqvf6UEf1rHQCXELwu,"Pao Bhangrre Te Dhol (From ""Hero"")",Arif Lohar,['ghazal'],0.612,0.579,3,-11.392,1,0.062,0.636,1.99e-06,0.274,0.842,133.206,421399,4,1,Dance Party
7pe1Y1LvoRYQTLbaqS05Vg,In My Blood - Portuguese Version,Shawn Mendes,[],0.628,0.67,5,-7.317,1,0.0551,0.0528,0.0,0.0992,0.44,140.024,211653,4,2,Instrumental Calm
7pj1M6XrMaxGZuP0wpYI7P,Toon Hai Sadi Zindagi,Atta Ullah Khan Esakhelvi,"['ghazal', 'qawwali']",0.314,0.382,1,-17.044,0,0.0425,0.526,0.000167,0.206,0.476,80.846,766520,4,1,Dance Party
7pj2AtOuWtkp3ygy397ksV,"Meri Phar Le Banh (From ""Patey Khan"")",Noor Jehan,['ghazal'],0.524,0.301,8,-11.207,0,0.149,0.951,0.0,0.337,0.865,164.024,210413,4,1,Dance Party
7q2HoLHSF0FkbS83PGiLMo,Nwngle Thanganw,Goutam Debbarma,['pop'],0.637,0.478,10,-7.207,1,0.0326,0.61,6.1e-05,0.152,0.711,128.092,330082,3,1,Dance Party
7q9RTBNHe7SzIB7AV0iLpg,Khudkhushi,Neeti Mohan,['bollywood'],0.763,0.944,2,-3.508,1,0.184,0.0777,0.000526,0.297,0.497,112.018,195888,4,2,Instrumental Calm
7qEKqBCD2vE5vIBsrUitpD,ilomilo,Billie Eilish,[],0.86,0.425,5,-15.158,0,0.0573,0.708,0.39,0.0909,0.564,120.016,156371,4,4,Rap / Spoken
7qHlwPFnpyTBN1EoLUH32t,Aarti Kijye Hanuman Lala Ki,Anup Jalota,['ghazal'],0.601,0.821,6,-4.886,1,0.0561,0.47,0.0,0.0783,0.795,100.469,383129,4,2,Instrumental Calm
7qOatDCpgEdzqwnpdD9E4q,Wolves,Selena Gomez,[],0.722,0.825,11,-4.038,0,0.0413,0.122,0.0,0.12,0.309,124.978,195360,4,2,Instrumental Calm
7qTcbtq6wpBHBLSaDDgL6W,Aise Na Mujhe Tum Dekho - The Unwind Mix,Ash King,['bollywood'],0.784,0.41,11,-11.486,1,0.0889,0.413,0.0,0.506,0.494,92.887,162587,4,1,Dance Party
7qTl6AO0bNOppN9CLM3VR9,Waving Through A Window - Bonus Track,Katy Perry,[],0.599,0.556,0,-7.732,1,0.0869,0.461,0.0,0.132,0.46,145.427,235987,4,2,Instrumental Calm
7qatYjRLHBCRi4loKCWlNt,Mohabbat Ki Qeemat Ada Hum Karenge,Shahid Ali Khan,['qawwali'],0.503,0.922,1,-3.036,1,0.057,0.388,1.85e-05,0.154,0.817,100.095,608996,4,0,Energetic Happy
7qexS5n73Hlg7brZe4FEie,Kismat Mein Bichhadna Tha,Geeta Dutt,['bollywood'],0.407,0.266,2,-12.632,1,0.0448,0.994,0.868,0.521,0.774,69.546,168533,3,4,Rap / Spoken
7qjmLdB9rXBxkNGKTz4Ckc,GOOD MORNIN' (feat. GARY TRAINOR),Meghan Trainor,[],0.54,0.748,10,-4.705,1,0.0565,0.0794,0.0,0.26,0.757,94.911,206344,4,2,Instrumental Calm
7qwIH3eHHdgODaR3SPs7yW,Yeh Tera Ana Bheegi Raton Main,Mehdi Hassan,['ghazal'],0.385,0.382,6,-11.895,0,0.0417,0.864,0.000456,0.213,0.576,182.358,242881,3,1,Dance Party
7r6zsuT7bXkWrGo7f0rn7C,Bhala Hua Mori Gagri Phooti,Farid Ayaz & Abu Muhammad Qawal,['qawwali'],0.377,0.346,10,-17.134,0,0.0845,0.814,0.0,0.522,0.37,83.229,708102,4,1,Dance Party
7rC5Pl8rQSX4myONQHYPBK,Mob Ties,Drake,[],0.755,0.575,4,-8.393,0,0.0678,0.0456,0.00124,0.276,0.49,85.987,205147,4,2,Instrumental Calm
7rrNrpPXzFQ76Qz7C7Y5jD,Mudra Meditation - Part 2,Anandmurti Gurumaa,['sufi'],0.394,0.325,0,-15.352,1,0.0353,0.0905,0.0112,0.382,0.0495,114.975,1770640,4,3,Acoustic Chill
7ruWjzDQymWE7oJfQB9Sj6,Light Headed,David Guetta,[],0.452,0.709,9,-6.053,0,0.0448,0.0595,0.0,0.124,0.343,139.883,178720,4,2,Instrumental Calm
7ruwEtmF8QQy57myTBBaUB,Akhian Di Kher Hovi,Atta Ullah Khan Esakhelvi,"['ghazal', 'qawwali']",0.523,0.754,9,-7.751,1,0.125,0.751,0.0,0.139,0.766,155.27,359226,4,0,Energetic Happy
7sHXZGCzCflYndmKEuwm3q,"Sunle Zameen Aasman - From ""Hum Dono""",Asha Bhosle,['bollywood'],0.473,0.553,7,-10.165,1,0.0793,0.643,0.000502,0.642,0.67,162.581,305327,3,0,Energetic Happy
7sIgs5lrl9eGjqad8fNK5A,Soona Soona Din,Nusrat Fateh Ali Khan,['qawwali'],0.538,0.662,1,-8.546,1,0.0572,0.108,6.09e-05,0.121,0.606,173.652,346631,4,2,Instrumental Calm
7sRYNQPnRPIkVb4jRxhWb8,Zee Halle Miskin,Nusrat Fateh Ali Khan,['qawwali'],0.463,0.685,6,-8.479,1,0.07,0.643,0.000788,0.658,0.668,112.337,1232660,4,3,Acoustic Chill
7sTtHHrD0zDpmzQzH3zegz,Consequences,Camila Cabello,[],0.455,0.292,0,-6.792,1,0.0563,0.889,0.0,0.106,0.43,84.339,178467,5,1,Dance Party
7sYhbFaFr1wX7nntw0MvMV,Pyar Ka Dhandha,Shazia Manzoor,['sufi'],0.817,0.675,5,-7.641,0,0.0686,0.0192,0.0497,0.211,0.883,118.016,253013,4,2,Instrumental Calm
7sdG8n2Q9s8tCM8Wc2Vg1a,Flames - Pink Panda Remix,David Guetta,[],0.802,0.845,5,-5.509,0,0.0596,0.0343,0.0186,0.335,0.828,123.995,228387,4,2,Instrumental Calm
7sormsdEi2yxGsUn7bUjyx,Ojos Que No Ven,Maluma,[],0.654,0.689,0,-4.368,0,0.299,0.422,0.0,0.375,0.518,197.859,220187,4,2,Instrumental Calm
7stcuQtnHL7C6XdPvpwywv,Vertigo,Khalid,[],0.487,0.458,4,-7.761,0,0.0371,0.552,0.0257,0.117,0.207,115.989,270413,4,1,Dance Party
7sxfih9cItK2uHuUlmmLEc,Yari La Ke Sohnian Sajna,Atta Ullah Khan Esakhelvi,['qawwali'],0.329,0.303,5,-8.431,0,0.039,0.869,5.93e-05,0.181,0.161,75.73,989855,4,1,Dance Party
7t1ev1YNKIkqmpmpFHnwEU,"Mera Man Tera Pyasa - From ""Gambler""",Mohammed Rafi,['bollywood'],0.6,0.579,6,-6.039,1,0.0286,0.696,0.0,0.174,0.899,101.527,250653,3,1,Dance Party
7tGEAA1f8MydT7eVbbO9Zy,WHEN I WAS OLDER - Music Inspired By The Film ROMA,Billie Eilish,[],0.696,0.332,6,-12.834,1,0.0425,0.853,0.433,0.0848,0.0628,150.13,270520,4,4,Rap / Spoken
7txSICjE66HGaYIuapYjxu,Kehna Ghalat Ghalat - Remix,Nusrat Fateh Ali Khan,['qawwali'],0.669,0.575,0,-5.946,0,0.0728,0.747,7.75e-06,0.499,0.374,120.115,263000,4,1,Dance Party
7tzPaTQaFqhVEb1PA7ZuBf,Delincuente,Maluma,[],0.702,0.687,9,-4.114,0,0.316,0.181,0.0,0.15,0.849,185.878,206787,4,2,Instrumental Calm
7u3aTeQErAsaiAiMoxDCU3,Serzeniş,Aziz Şenol Filiz,['sufi'],0.271,0.144,9,-17.98,0,0.0389,0.952,0.838,0.0891,0.0891,134.234,313377,4,4,Rap / Spoken
7u6DMPznGbpziuEgCE0JGQ,get well soon,Ariana Grande,[],0.604,0.449,9,-6.564,0,0.0353,0.657,0.0,0.0932,0.528,100.355,322027,4,1,Dance Party
7u9xVvcngGmYX7D19BrMZA,Ja Ja ve Tenoon,Faiz Ali Faiz,['qawwali'],0.464,0.806,5,-7.827,0,0.059,0.514,0.0005,0.16,0.915,89.06,662107,4,0,Energetic Happy
7uGDVBUBtf1SblnoeSGCYQ,Sick Boy - Kuur Remix,The Chainsmokers,[],0.544,0.751,11,-5.18,0,0.0593,0.144,0.0,0.42,0.259,100.007,207387,4,2,Instrumental Calm
7uI1zUEAb667eOsJlZ3yfF,Desi Kalakaar,Yo Yo Honey Singh,['bollywood'],0.751,0.67,0,-4.587,1,0.267,0.0796,0.00018,0.0908,0.766,156.062,253353,4,2,Instrumental Calm
7uQrFLW4V1c4ktybVbRi9V,Meri Dastaan-e-Hasrat Wo Suna Suna Ke Roye,Munni Begum,['ghazal'],0.415,0.625,2,-8.708,1,0.0418,0.639,0.000172,0.264,0.686,82.077,375552,4,0,Energetic Happy
7uSPU1UfxRPZykknBtP9WA,Ret Main Sirkiye,Shilpa Rao,['bollywood'],0.494,0.108,2,-14.667,1,0.0331,0.905,4.26e-05,0.0945,0.225,133.283,263763,4,1,Dance Party
7uaGCqGCy0V2IuLRvNd2Km,Tum Mujh Ko Bhool Jao,Suraiya,"['ghazal', 'bollywood']",0.606,0.213,6,-9.37,1,0.0417,0.985,9.56e-06,0.359,0.71,123.983,183267,4,1,Dance Party
7uc4MlwKanePiYOIxPQgcB,Akhiyan Nu Chain,Nusrat Fateh Ali Khan,['qawwali'],0.598,0.74,1,-6.159,1,0.0901,0.0115,9.79e-05,0.243,0.699,121.124,180000,4,2,Instrumental Calm
7ucDdOfhbRbRFmmBWG0C6y,Allah Hi Jane Kaun,Aziz Mian,['qawwali'],0.484,0.541,10,-13.176,0,0.543,0.759,0.0,0.749,0.682,136.489,1066840,3,3,Acoustic Chill
7ulUKVmSzXFTG0OcuukdpB,Achhi Hai Ya Kharab,Ghulam Ali,['sufi'],0.643,0.786,1,-8.592,0,0.0446,0.185,0.000901,0.053,0.81,160.001,325584,4,2,Instrumental Calm
7umKfAqhXA4Zg4TG38PItm,Chalo Re Mann,Anup Jalota,['ghazal'],0.697,0.412,9,-11.915,0,0.0555,0.539,0.0,0.101,0.595,78.987,163507,4,1,Dance Party
7uo9RHtAp5U5AKY9nvQB2I,"Teri Ore (From ""Singh Is Kinng"")",Rahat Fateh Ali Khan,['qawwali'],0.541,0.804,2,-4.594,1,0.0842,0.184,0.0,0.256,0.703,83.937,339644,4,0,Energetic Happy
7uoFMmxln0GPXQ0AcCBXRq,Snowman,Sia,[],0.716,0.512,1,-6.257,1,0.0331,0.483,0.0,0.0928,0.326,104.957,165907,3,2,Instrumental Calm
7vGGAJBkHKxKtOnGjQduDV,Saturday Nights,Khalid,[],0.54,0.439,10,-8.591,1,0.115,0.635,1.93e-05,0.0993,0.371,167.908,209547,4,1,Dance Party
7vOARrEWx4IZkPAIAPMpmn,Pyar Se Pyara Kuchh Bhi Nahin,Anup Jalota,['ghazal'],0.33,0.623,10,-5.52,1,0.0338,0.733,0.0,0.268,0.746,152.713,337973,3,0,Energetic Happy
7vYVlq9wEjgITJGBpTRJUq,Na Koi Hoga,Shaan,['bollywood'],0.731,0.726,2,-11.117,0,0.0419,0.323,2.57e-06,0.29,0.701,147.934,202413,4,2,Instrumental Calm
7vcEVSHhwZsdgKyjRqJ5Yx,Hypno (feat. Rahky),T.I.,['pop'],0.814,0.645,9,-6.977,1,0.302,0.0394,0.0,0.0977,0.376,177.918,140107,4,2,Instrumental Calm
7vdd4HdyKir9TgFgKLU8PU,"Ag charrdi Jawani Menoon (From ""Wehshi Aurat"")",Noor Jehan,['ghazal'],0.514,0.948,3,0.705,1,0.0657,0.707,0.0,0.464,0.559,121.862,357677,4,0,Energetic Happy
7vgTNTaEz3CsBZ1N4YQalM,Ghost Town,Kanye West,[],0.573,0.545,7,-4.247,0,0.0288,0.0969,0.0,0.329,0.297,83.378,271387,4,2,Instrumental Calm
7voWiBsi4k6OnpxrlUhb6l,"Woh Pehli Baar (From ""Pyaar Mein Kabhi Kabhi"")",Vishal Dadlani,['bollywood'],0.69,0.642,7,-13.413,1,0.113,0.206,0.0,0.0765,0.565,89.99,271960,4,2,Instrumental Calm
7vxHtBGn7kKigfKRwkbYHh,"Ye Toh Sach Hai Ke Bhagwan - From ""Hum Saath-Saath Hain""",Hariharan,['ghazal'],0.584,0.716,9,-4.665,0,0.0362,0.459,5.29e-05,0.14,0.683,95.021,409130,4,2,Instrumental Calm
7w0CSwfUCZ0oYfEJxq7nxL,Daniel,Sam Smith,[],0.409,0.232,0,-10.517,1,0.0311,0.823,6.36e-06,0.116,0.241,126.325,249716,4,1,Dance Party
7w2r7R75MawVLPQSUDTnUv,Chhaap tilak sab chheen leere mose naina milaike,Ustad Jafar Hussain Khan,['qawwali'],0.517,0.195,11,-21.871,1,0.122,0.923,0.00231,0.686,0.346,120.022,704333,4,1,Dance Party
7w6U4ep0ibs4e2x9QsIBDT,Mera Deen Te Imaan Daata,Rizwan-Muazzam Qawwali,['qawwali'],0.521,0.753,6,-10.669,1,0.072,0.541,0.000695,0.586,0.838,116.442,1170173,4,3,Acoustic Chill
7wB2CEoKWhiZRicdWKU7F3,Saiyaan,Abida Parveen,['sufi'],0.575,0.849,5,-8.272,0,0.172,0.469,0.00015,0.355,0.66,169.143,417381,4,0,Energetic Happy
7wBJfHzpfI3032CSD7CE2m,STARGAZING,Travis Scott,[],0.487,0.789,8,-3.69,1,0.044,0.00947,4.05e-06,0.189,0.0564,150.007,270715,4,2,Instrumental Calm
7wBL04Sjqyo0eCjt97HVyJ,Tera Naam Pasand Hai,Kumar Sanu,['bollywood'],0.555,0.638,2,-7.63,0,0.0302,0.485,0.000249,0.332,0.914,147.495,304000,4,0,Energetic Happy
7wBjfpZq6rFYFxd5W8vxLa,Demedim Mi,Süleyman Erguner,['sufi'],0.323,0.21,0,-13.564,1,0.0331,0.983,0.842,0.532,0.389,125.472,286763,4,4,Rap / Spoken
7wC5eZcFS1Q1BsQ35DU6H4,come out and play,Billie Eilish,[],0.64,0.321,0,-14.604,1,0.0931,0.693,0.0307,0.114,0.177,145.045,210376,4,1,Dance Party
7wD6iRghe6SnKHkvHqpnC5,"Colors - Coca-Cola® Anthem, 2018 FIFA World CupTM",Jason Derulo,[],0.707,0.845,8,-3.478,1,0.201,0.0278,0.0,0.134,0.507,120.125,187390,4,2,Instrumental Calm
7wM8fHn0PJsNSvlQF7eyTq,Pata Das Ni,Tahira Syed,['ghazal'],0.554,0.361,10,-13.292,1,0.0397,0.952,0.00652,0.14,0.728,74.109,352053,4,1,Dance Party
7wQQlIlmNVrR7089YrrBdB,Yaadien Wohi,Arijit Singh,['bollywood'],0.649,0.568,4,-11.813,0,0.0363,0.508,0.052,0.0647,0.525,128.021,233437,4,2,Instrumental Calm
7wRmY78Evs2Ol6veaG57JE,Saali Khushi,Amit Trivedi,['bollywood'],0.465,0.577,1,-9.299,0,0.14,0.347,0.00688,0.11,0.258,150.013,191170,3,2,Instrumental Calm
7wf0Z5QgwfyHXHq6mfJRNk,Ali Ali,Mika Singh,['bollywood'],0.623,0.799,11,-7.36,0,0.0339,0.0271,0.0606,0.104,0.197,114.998,206728,4,2,Instrumental Calm
7wp5Iiyxpy23WMp3l4aXm5,Mộng du,Duy Quang,['pop'],0.651,0.752,3,-6.666,0,0.0284,0.679,0.435,0.2,0.745,111.934,288001,4,2,Instrumental Calm
7wpmmQClOfgg6N8fH7eSIG,Tere Hijr Mein Mujhe Ae Sanam,Sabri Brothers,['qawwali'],0.439,0.324,8,-17.796,1,0.105,0.915,0.000226,0.0943,0.617,78.134,853347,4,1,Dance Party
7wwcr7XPIAtcwxGYTXNeKo,Banhoon Pharr Ke Sahnoon Wee,Nusrat Fateh Ali Khan,['qawwali'],0.393,0.849,9,-7.899,1,0.109,0.805,0.0,0.735,0.622,111.219,955360,4,0,Energetic Happy
7wzZzKDekxMwQ4QnHchudW,Har Ek Baat Pe Kehte Ho,Ahmed Hussain,['ghazal'],0.606,0.5,8,-10.568,1,0.0279,0.454,2.06e-06,0.104,0.443,116.953,405853,3,1,Dance Party
7x7Xxp2OG5m4OX0sbtzeor,"Shree Ram Amritwani (From ""Shree Ram Amritwani"")",Anuradha Paudwal,['ghazal'],0.597,0.623,6,-6.096,0,0.0675,0.866,0.0,0.0643,0.932,143.995,2938760,4,3,Acoustic Chill
7xHNXsQB4PNG4P7gDWvzu4,Din Mein Kab Socha Karte The,Nusrat Fateh Ali Khan,['qawwali'],0.527,0.521,10,-13.892,0,0.0654,0.0687,2.21e-05,0.0834,0.476,161.435,464840,4,2,Instrumental Calm
7xImApYBYWOL6b9imSgUUD,Hasto Kasa Ga,Anuradha Paudwal,['ghazal'],0.472,0.527,7,-7.268,0,0.031,0.644,3.06e-05,0.172,0.57,143.245,355147,4,1,Dance Party
7xK00yfGLNt2dLnYfTRKxq,Sapna Mera Toota,Rahat Fateh Ali Khan,"['bollywood', 'qawwali']",0.475,0.707,5,-5.707,1,0.0378,0.706,8.06e-06,0.382,0.742,150.057,350850,4,0,Energetic Happy
7xMtti7CTGiww7p669IWVi,Ali Da Malang,Nusrat Fateh Ali Khan,['qawwali'],0.458,0.553,0,-14.413,1,0.0585,0.373,0.607,0.157,0.964,167.855,605800,4,4,Rap / Spoken
7xQr232ujJVxWX37fLdZRT,Chenda Kane Chenda,Kailash Kher,['bollywood'],0.528,0.778,9,-6.828,1,0.0966,0.233,0.0,0.284,0.793,94.967,279827,4,0,Energetic Happy
7xZppXiJXNfqNsZRLKdsZ0,Dukhan Dian Neryan,Naseebo Lal,['sufi'],0.66,0.813,6,-9.118,0,0.304,0.316,0.00642,0.182,0.834,81.622,574415,4,2,Instrumental Calm
7xaTk9qtixRGCw1QGXD1tF,Tor Motoi,Jeet Gannguli,['bollywood'],0.818,0.53,7,-8.145,1,0.0329,0.704,0.0109,0.104,0.587,118.96,291428,4,1,Dance Party
7xuGJmN8O7vycKgwrs4vNS,Flames - Sylvain Armand Remix,David Guetta,[],0.816,0.488,5,-8.695,0,0.191,0.0609,0.153,0.0882,0.103,125.03,272422,4,2,Instrumental Calm
7y1eIV81Vrjv8k2hy71Dde,Chamak Ke Barq Ne,Munni Begum,['sufi'],0.392,0.245,10,-15.067,0,0.0354,0.93,5.9e-05,0.0476,0.479,130.928,303200,4,1,Dance Party
7yRSrjgbANctFFwothZdp8,Rang Rangeeli Rut,Rahat Fateh Ali Khan,"['sufi', 'qawwali']",0.643,0.572,6,-9.662,1,0.0412,0.375,0.000178,0.0829,0.851,148.459,405786,3,2,Instrumental Calm
7yZEzJoK29UsEr7sarPleT,Niyaz,Süleyman Erguner,['sufi'],0.205,0.00606,10,-30.316,1,0.0491,0.995,0.904,0.117,0.245,131.736,376760,4,4,Rap / Spoken
7ygL6M0dVoEYJknGo23Sfm,Mere Miyan Gaye England,Rekha Bhardwaj,['bollywood'],0.734,0.8,10,-6.825,0,0.162,0.044,4.5e-05,0.02,0.586,98.042,227289,4,2,Instrumental Calm
7z4KNq1GzmMhRGoJ1BhkXf,"Saugandh Mujhe Iss Mitti Ki (From ""Pm Narendra Modi"")",Sukhwinder Singh,['bollywood'],0.555,0.618,9,-10.017,1,0.0557,0.354,0.0,0.111,0.25,90.973,235334,4,2,Instrumental Calm
7z6zdepQjteu5Lw1TjaMee,Wo Jali Hai Ya Khafi Hai,Muhammad Samie,['qawwali'],0.483,0.603,6,-8.688,1,0.0732,0.0991,0.0,0.131,0.635,95.87,507742,4,2,Instrumental Calm
7zUhEykZhu4Uspk4Pu4a7z,"Zindagi Mein Pehli Pehli Baar (From ""Mitti Aur Sona"")",Lata Mangeshkar,['bollywood'],0.208,0.656,11,-9.06,0,0.0456,0.544,1.36e-05,0.13,0.706,183.691,293799,4,0,Energetic Happy
7zVQ5rd5k9Eg14rarTxCjj,Matti Di Dheri,Sanam Marvi,['ghazal'],0.421,0.581,11,-7.442,1,0.0394,0.265,1.03e-06,0.139,0.266,136.319,318661,1,0,Energetic Happy
7zWmKZTGYu58eqxNbBVda6,Diamond Heart - Dzeko Remix,Alan Walker,[],0.597,0.885,9,-4.535,0,0.06,0.0591,0.0,0.342,0.61,110.106,186960,4,2,Instrumental Calm
7zlZFmyihqfMAwsFyWqLDy,Kithe Mehr Ali (Aj Sik Mitran Di),Nusrat Fateh Ali Khan,['qawwali'],0.414,0.965,11,-3.045,0,0.298,0.0344,4.34e-06,0.334,0.868,93.341,1834521,4,3,Acoustic Chill
7zo2yUMOvN79VL9vATbMPq,Happy Now - Magnificence Remix,Zedd,[],0.775,0.838,1,-5.59,0,0.0622,0.00478,0.595,0.0538,0.191,124.973,207360,4,4,Rap / Spoken
7zsMwyfo0qGJBUaOreaJga,Yaara Dak Le Khooni Akhiyan Noon,Nusrat Fateh Ali Khan,"['sufi', 'qawwali']",0.438,0.797,10,-7.349,0,0.0577,0.207,3.26e-05,0.211,0.887,100.007,1781387,4,3,Acoustic Chill
7zvqMbVcfhR6yS8CrrgzLW,Hosanna,John Legend,[],0.288,0.639,7,-7.364,1,0.04,0.547,0.0,0.922,0.277,83.829,179040,4,0,Energetic Happy
